customer_id,customer_name,Orders,Revenue,Profit,Units
CUST02364,Swathi Rao,3,910333.2895,273099.98685000004,12
CUST01876,Arjun Singh,4,858507.6839999999,257552.30520000003,13
CUST01278,Vikram Rao,2,837373.4675,251212.04025000002,10
CUST00791,Amit Kumar,2,802388.7,240716.60999999996,10
CUST02314,Naveen Kumar,3,783437.708,235031.3124,14
CUST01275,Arjun Singh,2,765482.685,229644.8055,10
CUST02261,Rahul Sharma,3,763772.251,229131.67530000006,14
CUST01778,Neha Verma,2,754016.9299999999,226205.07899999997,8
CUST00008,Rohit Joshi,4,742231.4820000001,222669.44459999996,12
CUST00296,Naveen Kumar,3,734876.4515,220462.93545000002,11
CUST01423,Arjun Singh,3,730817.6075,219245.28225000005,10
CUST00141,Arjun Singh,3,721347.9125,216404.37375000006,12
CUST01977,Rohit Joshi,2,706532.4524999999,211959.73575000002,10
CUST01004,Pooja Mehta,2,705686.8,211706.04000000004,9
CUST01193,Priya Reddy,2,701988.784,210596.63520000002,9
CUST00561,Suresh Reddy,3,701351.1805,210405.35415000003,14
CUST02250,Priya Reddy,3,692883.5889999999,207865.07669999998,12
CUST02155,Suresh Reddy,2,689646.86,206894.058,8
CUST02269,Amit Kumar,2,682025.55,204607.66500000004,9
CUST00047,Arjun Singh,2,668131.3915,200439.41745,8
CUST02345,Rohit Joshi,2,666597.718,199979.31540000002,9
CUST00883,Neha Verma,2,648650.208,194595.0624,7
CUST00167,Divya Nair,2,646403.69,193921.10700000008,10
CUST00379,Amit Kumar,3,645145.283,193543.58490000002,11
CUST01099,Rohit Joshi,3,644735.171,193420.55130000002,8
CUST01897,Amit Kumar,2,643726.215,193117.8644999999,10
CUST00809,Rahul Sharma,2,640910.1375,192273.04125,8
CUST00634,Pooja Mehta,2,640310.3025,192093.09075000006,10
CUST01882,Sneha Patel,2,639331.62,191799.486,9
CUST01579,Naveen Kumar,2,636333.05,190899.91500000004,9
CUST00042,Divya Nair,2,627142.94,188142.88200000004,8
CUST01524,Priya Reddy,2,625691.065,187707.31949999998,10
CUST00464,Sneha Patel,2,620275.3025,186082.59075,9
CUST01281,Priya Reddy,4,618575.4705,185572.64115,10
CUST00511,Anjali Gupta,2,611239.129,183371.73870000002,9
CUST00303,Arjun Singh,2,611185.29,183355.58699999994,8
CUST00700,Neha Verma,2,609746.345,182923.9035,10
CUST01417,Vikram Rao,2,608478.342,182543.5026,8
CUST00152,Neha Verma,2,606949.256,182084.77680000005,8
CUST02144,Rahul Sharma,2,605007.445,181502.2335,8
CUST01773,Divya Nair,3,604184.4535000001,181255.33605,12
CUST00491,Kiran Kumar,2,603116.495,180934.9485,7
CUST00907,Vikram Rao,2,596349.356,178904.80679999996,9
CUST01961,Naveen Kumar,3,594585.3300000001,178375.59900000002,15
CUST01225,Rahul Sharma,3,592916.0375000001,177874.81125000003,15
CUST02429,Rahul Sharma,2,592405.929,177721.77870000002,8
CUST00951,Sneha Patel,2,589898.571,176969.57129999998,9
CUST01737,Suresh Reddy,2,588735.2320000001,176620.5696,8
CUST01614,Swathi Rao,2,587362.2915,176208.68745,9
CUST00392,Divya Nair,2,586914.908,176074.47240000003,9
CUST02157,Amit Kumar,2,578106.576,173431.97280000002,8
CUST00625,Rahul Sharma,2,577974.856,173392.45680000004,9
CUST01941,Suresh Reddy,2,575925.3675,172777.61025000003,8
CUST00532,Vikram Rao,2,574803.1259999999,172440.9378,8
CUST00658,Naveen Kumar,2,574511.73,172353.51900000003,10
CUST00450,Arjun Singh,2,574092.7275,172227.81825,10
CUST00355,Arjun Singh,3,573036.6245000002,171910.98735000007,7
CUST00149,Naveen Kumar,2,570814.3875,171244.31625,7
CUST00013,Naveen Kumar,2,570746.8120000002,171224.04360000003,9
CUST00883,Arjun Singh,2,569522.176,170856.6528,9
CUST00340,Vikram Rao,2,569349.7860000001,170804.93579999998,8
CUST02189,Amit Kumar,2,568370.148,170511.04439999996,9
CUST01850,Suresh Reddy,2,568271.0665000001,170481.31995,8
CUST01120,Swathi Rao,2,566287.662,169886.29860000004,7
CUST01329,Naveen Kumar,2,565549.466,169664.8398,9
CUST00165,Kiran Kumar,2,564737.3825,169421.21475,10
CUST02314,Sneha Patel,2,564387.6849999999,169316.3055,7
CUST00450,Anjali Gupta,3,562573.2525000001,168771.97575000004,10
CUST02085,Arjun Singh,2,559886.4685000001,167965.94055000006,7
CUST01703,Sneha Patel,2,559846.4785,167953.94355000003,8
CUST01107,Rohit Joshi,2,559471.81,167841.54300000006,8
CUST01660,Divya Nair,3,558970.1525,167691.04575,12
CUST01893,Sneha Patel,2,556283.9110000001,166885.17330000002,7
CUST00207,Naveen Kumar,2,554346.2420000001,166303.87260000006,8
CUST01089,Anjali Gupta,3,551908.4210000001,165572.52629999997,12
CUST02349,Naveen Kumar,3,547054.5094999999,164116.35284999997,10
CUST00539,Rohit Joshi,2,546447.52,163934.25600000002,10
CUST01543,Rohit Joshi,2,546315.805,163894.74150000006,9
CUST00019,Amit Kumar,4,542867.8295,162860.34885,14
CUST01404,Sneha Patel,3,541281.364,162384.40919999997,8
CUST01196,Pooja Mehta,2,538967.036,161690.1108,8
CUST01910,Naveen Kumar,2,538281.504,161484.4512,8
CUST02021,Rohit Joshi,3,538009.3125,161402.79375,9
CUST01889,Amit Kumar,2,534579.684,160373.9052,8
CUST01032,Sneha Patel,2,534505.47,160351.641,10
CUST01824,Naveen Kumar,3,530264.772,159079.4316,11
CUST02390,Kiran Kumar,3,525470.568,157641.1704,8
CUST02428,Amit Kumar,2,524704.4925,157411.34775000002,8
CUST00735,Pooja Mehta,2,523900.46700000006,157170.14010000008,8
CUST00466,Suresh Reddy,2,523691.534,157107.4602,8
CUST00270,Priya Reddy,2,523499.446,157049.83380000002,8
CUST00475,Anjali Gupta,2,522888.13,156866.439,9
CUST01138,Sneha Patel,2,521674.70499999996,156502.41149999996,7
CUST00517,Pooja Mehta,2,521282.695,156384.80850000004,8
CUST02442,Swathi Rao,2,517846.914,155354.0742,9
CUST01556,Pooja Mehta,2,517585.4255,155275.62765,7
CUST02471,Rahul Sharma,3,517288.1825,155186.45474999998,9
CUST01912,Suresh Reddy,2,513074.16000000003,153922.24800000002,10
CUST01375,Sneha Patel,2,513005.5575,153901.66725000006,7
CUST01251,Anjali Gupta,2,508545.29000000004,152563.587,9
CUST01183,Kiran Kumar,3,508123.314,152436.99420000002,11
CUST00550,Anjali Gupta,2,507451.14749999996,152235.34424999997,9
CUST02294,Swathi Rao,3,507139.3059999999,152141.7918,8
CUST01404,Swathi Rao,2,506969.60699999996,152090.8821,8
CUST01120,Rohit Joshi,2,506938.76800000004,152081.63040000002,9
CUST02177,Arjun Singh,2,506409.84,151922.95200000002,6
CUST00624,Arjun Singh,3,504977.3825,151493.21475000004,10
CUST00180,Divya Nair,2,502395.325,150718.59750000003,10
CUST00356,Priya Reddy,2,502201.86950000003,150660.56085,9
CUST00119,Anjali Gupta,2,500154.3600000001,150046.30800000005,10
CUST01556,Priya Reddy,2,499923.7750000001,149977.13250000007,6
CUST01990,Neha Verma,1,498176.1,149452.82999999996,5
CUST01968,Naveen Kumar,2,496347.00299999997,148904.1009,7
CUST01898,Kiran Kumar,1,495550.6,148665.18,5
CUST01120,Neha Verma,2,495219.78,148565.934,8
CUST02124,Neha Verma,2,494411.82500000007,148323.54750000004,6
CUST02434,Priya Reddy,2,494386.6875,148316.00625,9
CUST01976,Neha Verma,1,493169.2,147950.76,5
CUST00339,Swathi Rao,2,491975.5839999999,147592.6752,9
CUST00905,Neha Verma,3,491166.0745,147349.82235000003,11
CUST02474,Naveen Kumar,2,490835.055,147250.5165,8
CUST01104,Swathi Rao,1,490052.7,147015.80999999994,5
CUST01236,Vikram Rao,2,489209.775,146762.9325,10
CUST01841,Rahul Sharma,1,488186.25,146455.875,5
CUST01715,Naveen Kumar,1,487368.1,146210.43,5
CUST00442,Priya Reddy,2,484400.865,145320.25950000001,10
CUST00360,Swathi Rao,2,484136.96249999997,145241.08875,9
CUST00739,Sneha Patel,2,483903.91000000003,145171.17300000004,8
CUST01503,Arjun Singh,1,483742.5,145122.75,5
CUST00533,Rohit Joshi,2,483653.82000000007,145096.146,9
CUST02032,Anjali Gupta,1,483173.5500000001,144952.06500000006,5
CUST01396,Vikram Rao,1,482332.9,144699.87,5
CUST00701,Divya Nair,1,481985.9,144595.77000000002,5
CUST02203,Vikram Rao,1,481694.25,144508.27500000002,5
CUST02058,Rahul Sharma,2,481655.358,144496.60739999998,8
CUST00165,Priya Reddy,2,481625.04000000004,144487.51200000005,8
CUST00990,Kiran Kumar,2,480325.1825,144097.55475,7
CUST01489,Kiran Kumar,2,478269.11199999996,143480.73359999998,6
CUST02234,Suresh Reddy,3,477064.50800000003,143119.35240000003,12
CUST00382,Priya Reddy,2,476704.28500000003,143011.28550000003,10
CUST00994,Divya Nair,2,475679.37350000005,142703.81205000004,7
CUST02353,Swathi Rao,2,475388.544,142616.56319999998,7
CUST02436,Pooja Mehta,1,474528.4,142358.52000000002,5
CUST00061,Pooja Mehta,1,473584.2,142075.26,5
CUST02415,Swathi Rao,2,473103.1745,141930.95235000004,7
CUST00509,Rohit Joshi,2,472867.2,141860.16000000003,7
CUST01407,Swathi Rao,1,472629.95,141788.985,5
CUST00549,Priya Reddy,1,472367.55,141710.265,5
CUST02334,Kiran Kumar,2,472362.47250000003,141708.74175000002,7
CUST01040,Kiran Kumar,1,472163.1575,141648.94725000003,5
CUST00323,Rahul Sharma,1,471334.75,141400.42500000005,5
CUST00909,Arjun Singh,3,471121.28300000005,141336.3849,12
CUST00279,Arjun Singh,1,470380.6,141114.18,5
CUST01087,Sneha Patel,2,469312.81,140793.843,7
CUST00874,Arjun Singh,2,469281.3225,140784.39675,9
CUST01270,Suresh Reddy,2,467667.6479999999,140300.29439999996,6
CUST01154,Neha Verma,1,465861.4,139758.42000000004,5
CUST01357,Naveen Kumar,1,465576.95,139673.08500000002,5
CUST02318,Vikram Rao,1,465415.45,139624.635,5
CUST01915,Rohit Joshi,2,465073.875,139522.1625,8
CUST01465,Neha Verma,1,463785.2,139135.55999999994,5
CUST01243,Swathi Rao,2,463762.522,139128.75660000002,9
CUST00522,Neha Verma,1,463690.345,139107.10350000003,5
CUST02010,Amit Kumar,1,463597.34,139079.20200000005,5
CUST00923,Divya Nair,3,463559.931,139067.9793,9
CUST01795,Rahul Sharma,2,462823.77,138847.13100000002,8
CUST02357,Pooja Mehta,2,462476.04000000004,138742.81200000003,8
CUST00211,Suresh Reddy,2,462060.24399999995,138618.0732,7
CUST02331,Sneha Patel,1,461923.25,138576.97499999998,5
CUST01209,Suresh Reddy,3,461866.08,138559.82400000002,9
CUST02026,Swathi Rao,1,461255.85,138376.755,5
CUST00802,Naveen Kumar,2,460373.006,138111.9018,8
CUST02050,Divya Nair,1,460233.5325,138070.05975,5
CUST01470,Kiran Kumar,2,459713.3910000001,137914.01730000007,6
CUST01141,Amit Kumar,2,459241.72500000003,137772.51750000002,9
CUST01257,Vikram Rao,3,457893.67799999996,137368.10340000002,13
CUST00676,Divya Nair,2,457521.32999999996,137256.39900000003,7
CUST00715,Neha Verma,2,456403.14,136920.94199999998,9
CUST00243,Vikram Rao,2,455637.132,136691.13960000002,8
CUST01928,Divya Nair,3,455366.57899999997,136609.97369999997,6
CUST00515,Naveen Kumar,2,454597.6365,136379.29095,6
CUST00069,Kiran Kumar,1,454166.12,136249.836,5
CUST00989,Pooja Mehta,1,453899.85,136169.95499999996,5
CUST02092,Neha Verma,1,453870.7,136161.21000000002,5
CUST02327,Rohit Joshi,2,453400.6125,136020.18375000003,10
CUST01468,Pooja Mehta,2,452704.73549999995,135811.42065000001,7
CUST00532,Swathi Rao,3,452469.74,135740.92200000002,7
CUST01650,Swathi Rao,2,452191.534,135657.46019999997,8
CUST01324,Amit Kumar,2,450858.603,135257.5809,6
CUST02254,Divya Nair,1,450381.4,135114.42000000004,5
CUST00601,Priya Reddy,1,449967.785,134990.3355,5
CUST00252,Pooja Mehta,1,449555.5,134866.65000000002,5
CUST01107,Sneha Patel,2,449406.666,134821.99980000002,7
CUST01233,Priya Reddy,1,449174.86750000005,134752.46025000006,5
CUST00962,Divya Nair,1,449085.105,134725.53150000004,5
CUST01871,Swathi Rao,2,448907.217,134672.16510000004,6
CUST00766,Anjali Gupta,1,448827.39,134648.217,5
CUST00871,Divya Nair,2,448800.981,134640.2943,7
CUST00590,Swathi Rao,1,448475.05,134542.515,5
CUST00037,Amit Kumar,1,448426.22,134527.86600000004,5
CUST01554,Rohit Joshi,2,447760.215,134328.06450000004,8
CUST01040,Suresh Reddy,2,447435.2415,134230.57245000004,7
CUST01128,Naveen Kumar,3,446621.62200000003,133986.4866,9
CUST02204,Suresh Reddy,1,446601.35,133980.40500000003,5
CUST00431,Neha Verma,2,445793.515,133738.05450000003,10
CUST00446,Rohit Joshi,1,445612.6,133683.78000000003,5
CUST00996,Priya Reddy,1,445445.4525,133633.63575000002,5
CUST01258,Vikram Rao,1,445398.525,133619.5575,5
CUST01302,Divya Nair,1,445284.4,133585.32,5
CUST00240,Suresh Reddy,3,445141.588,133542.4764,8
CUST00450,Priya Reddy,1,445101.9325,133530.57974999998,5
CUST01926,Suresh Reddy,1,444798.0,133439.40000000002,5
CUST00917,Naveen Kumar,2,444169.9305,133250.97915000003,6
CUST02379,Vikram Rao,1,443744.01,133123.20300000004,5
CUST00146,Kiran Kumar,2,443617.096,133085.1288,7
CUST01582,Swathi Rao,3,441882.81649999996,132564.84495,9
CUST00019,Rohit Joshi,3,441652.0665,132495.61995,10
CUST01529,Swathi Rao,1,440886.825,132266.0475,5
CUST00196,Rahul Sharma,1,440607.85,132182.35500000004,5
CUST00943,Kiran Kumar,1,440206.5825,132061.97475,5
CUST00219,Naveen Kumar,1,440086.635,132025.9905,5
CUST02008,Vikram Rao,1,439962.55,131988.765,5
CUST02051,Pooja Mehta,2,439763.80799999996,131929.1424,8
CUST00185,Suresh Reddy,3,439437.63950000005,131831.29185,11
CUST00830,Amit Kumar,1,439337.7,131801.31,5
CUST01460,Neha Verma,2,439020.41599999997,131706.1248,9
CUST01510,Suresh Reddy,2,438582.099,131574.6297,8
CUST01432,Pooja Mehta,1,438287.915,131486.37450000003,5
CUST00993,Sneha Patel,1,437938.22,131381.466,5
CUST02269,Rahul Sharma,1,437740.38,131322.114,5
CUST02406,Swathi Rao,2,436290.8,130887.23999999999,10
CUST00896,Arjun Singh,2,435896.35349999997,130768.90605000005,6
CUST01380,Divya Nair,2,435733.7845,130720.13535,6
CUST02063,Naveen Kumar,1,435278.2,130583.46000000002,5
CUST00208,Vikram Rao,1,435079.98,130523.994,5
CUST00410,Priya Reddy,1,434091.8125,130227.54375,5
CUST00957,Swathi Rao,2,433276.1235,129982.83705000003,8
CUST00058,Sneha Patel,2,432919.556,129875.8668,6
CUST01432,Priya Reddy,2,432847.4175,129854.22525000002,8
CUST01676,Swathi Rao,2,432703.87200000003,129811.16160000002,7
CUST00683,Arjun Singh,2,432282.408,129684.72240000001,9
CUST00711,Arjun Singh,2,432217.95149999997,129665.38544999999,8
CUST01306,Pooja Mehta,2,430779.66849999997,129233.90054999999,7
CUST02065,Suresh Reddy,2,430677.745,129203.32349999998,6
CUST01241,Amit Kumar,3,430388.568,129116.57040000003,6
CUST00775,Swathi Rao,1,430174.63,129052.38900000002,5
CUST02007,Divya Nair,1,430067.3275,129020.19825000002,5
CUST02016,Divya Nair,1,429902.82000000007,128970.84600000002,5
CUST01741,Rohit Joshi,1,429576.255,128872.8765,5
CUST02069,Priya Reddy,1,428850.94500000007,128655.28350000002,5
CUST00225,Rahul Sharma,1,428777.505,128633.2515,5
CUST01788,Kiran Kumar,2,428557.56,128567.26800000001,7
CUST00698,Rohit Joshi,1,428258.42999999993,128477.52899999998,5
CUST01988,Swathi Rao,2,428184.72900000005,128455.41870000001,6
CUST00762,Pooja Mehta,4,427415.095,128224.5285,16
CUST00344,Arjun Singh,1,427244.44500000007,128173.33350000008,5
CUST01194,Rohit Joshi,1,427140.61499999993,128142.18449999992,5
CUST01080,Rohit Joshi,1,427074.3525,128122.30575000006,5
CUST01614,Priya Reddy,2,427041.83999999997,128112.552,9
CUST01215,Swathi Rao,1,426757.4,128027.22000000004,5
CUST00115,Anjali Gupta,1,426447.7,127934.30999999994,5
CUST00997,Kiran Kumar,1,426363.65,127909.09500000004,5
CUST01624,Pooja Mehta,1,425610.45,127683.135,5
CUST01087,Rahul Sharma,1,425580.0025,127674.00075,5
CUST01318,Amit Kumar,1,425317.365,127595.2095,5
CUST00983,Divya Nair,1,425071.98999999993,127521.597,5
CUST00620,Naveen Kumar,1,424792.395,127437.71850000002,5
CUST01257,Rahul Sharma,1,423864.30249999993,127159.29075,5
CUST00125,Anjali Gupta,2,423751.842,127125.5526,6
CUST01582,Sneha Patel,1,423373.14,127011.94199999998,5
CUST00752,Suresh Reddy,1,423334.68000000005,127000.40400000004,5
CUST01824,Suresh Reddy,2,423019.022,126905.7066,7
CUST01204,Vikram Rao,1,422742.8,126822.83999999995,5
CUST00518,Kiran Kumar,2,422591.882,126777.56459999997,7
CUST01760,Kiran Kumar,2,422434.424,126730.3272,8
CUST02187,Anjali Gupta,1,422398.61750000005,126719.58525000006,5
CUST01297,Pooja Mehta,2,421938.32300000003,126581.49690000001,7
CUST01739,Amit Kumar,1,421901.1275,126570.33825000004,5
CUST02105,Arjun Singh,2,421383.22,126414.96599999999,8
CUST01199,Arjun Singh,1,421072.575,126321.77250000002,5
CUST01263,Arjun Singh,1,421002.9,126300.87,5
CUST01532,Vikram Rao,2,420936.6685,126281.00055,5
CUST02493,Naveen Kumar,1,420609.27,126182.78100000002,5
CUST01692,Pooja Mehta,1,420367.005,126110.1015,5
CUST01583,Naveen Kumar,1,420244.1225,126073.23674999998,5
CUST01395,Naveen Kumar,1,419875.05,125962.515,5
CUST00334,Divya Nair,1,419426.55,125827.96499999995,5
CUST01815,Divya Nair,2,418846.54799999995,125653.96440000006,7
CUST00021,Vikram Rao,1,418178.9,125453.67000000004,5
CUST02350,Swathi Rao,1,418152.9025,125445.87075,5
CUST01181,Vikram Rao,1,418108.8,125432.64,5
CUST02162,Pooja Mehta,1,417746.655,125323.99649999996,5
CUST01221,Sneha Patel,2,417593.3075,125277.99224999998,6
CUST01670,Kiran Kumar,1,417463.2,125238.96000000002,5
CUST01339,Amit Kumar,1,417015.2275,125104.56824999995,5
CUST00216,Pooja Mehta,2,416875.654,125062.6962,8
CUST00587,Anjali Gupta,2,416755.69,125026.707,7
CUST00878,Pooja Mehta,2,416206.14,124861.84200000003,9
CUST00200,Swathi Rao,1,416142.4475,124842.73425000004,5
CUST01384,Priya Reddy,1,415963.485,124789.0455,5
CUST01357,Suresh Reddy,1,415810.6925,124743.20775,5
CUST01554,Pooja Mehta,1,415501.07250000007,124650.32175000006,5
CUST01345,Rohit Joshi,2,415462.97000000003,124638.89100000002,6
CUST00496,Rahul Sharma,2,415047.24,124514.17199999999,7
CUST00985,Pooja Mehta,2,414994.7375,124498.42124999996,6
CUST01487,Suresh Reddy,1,414560.905,124368.27150000005,5
CUST02225,Anjali Gupta,2,414210.49000000005,124263.14700000004,7
CUST02344,Sneha Patel,1,414200.285,124260.0855,5
CUST00204,Priya Reddy,1,413955.5175,124186.65525,5
CUST02436,Rohit Joshi,1,413874.9575,124162.48725,5
CUST02024,Arjun Singh,2,413687.47500000003,124106.24250000002,6
CUST02104,Divya Nair,2,413548.674,124064.60219999996,5
CUST02181,Anjali Gupta,2,413524.24950000003,124057.27485,6
CUST00275,Neha Verma,2,413135.388,123940.61639999998,6
CUST02302,Kiran Kumar,1,412880.35,123864.10500000004,5
CUST01857,Kiran Kumar,2,412529.155,123758.74650000001,6
CUST01846,Kiran Kumar,3,412361.738,123708.5214,11
CUST02330,Rahul Sharma,1,412158.9725,123647.69175,5
CUST01110,Sneha Patel,1,412153.02,123645.90600000002,5
CUST01197,Rahul Sharma,2,411847.864,123554.3592,7
CUST01500,Anjali Gupta,1,411690.275,123507.08250000002,5
CUST01037,Kiran Kumar,1,411455.2075,123436.56225000002,5
CUST01573,Vikram Rao,1,411408.5,123422.55000000005,5
CUST00097,Amit Kumar,1,411397.605,123419.28150000004,5
CUST02427,Anjali Gupta,1,411315.8075,123394.74225,5
CUST01488,Pooja Mehta,2,410683.852,123205.15560000003,8
CUST01749,Priya Reddy,1,410649.795,123194.9385,5
CUST00519,Priya Reddy,1,410590.935,123177.2805,5
CUST00444,Suresh Reddy,2,410548.623,123164.58690000002,6
CUST00244,Pooja Mehta,2,410508.601,123152.5803,6
CUST00219,Rohit Joshi,1,410417.505,123125.2515,5
CUST00962,Priya Reddy,1,410408.075,123122.4225,5
CUST00171,Naveen Kumar,2,409708.4325,122912.52974999999,9
CUST00510,Arjun Singh,1,409707.135,122912.14050000004,5
CUST01449,Sneha Patel,2,409517.32,122855.196,9
CUST00672,Priya Reddy,2,409292.694,122787.80820000003,6
CUST01126,Priya Reddy,2,409079.55000000005,122723.86500000003,7
CUST00649,Rahul Sharma,1,409041.42,122712.42600000004,5
CUST00493,Priya Reddy,1,409005.94500000007,122701.78350000002,5
CUST02249,Suresh Reddy,2,408920.19450000004,122676.05835000005,7
CUST00243,Pooja Mehta,2,408862.51200000005,122658.75360000003,8
CUST01217,Kiran Kumar,2,408763.021,122628.90630000003,8
CUST01396,Swathi Rao,1,408666.65,122599.995,5
CUST00529,Rahul Sharma,3,408643.83,122593.14900000003,11
CUST02331,Neha Verma,2,408375.4190000001,122512.62570000003,9
CUST01818,Vikram Rao,2,408266.14400000003,122479.8432,6
CUST00075,Kiran Kumar,1,407989.6,122396.88,5
CUST01929,Suresh Reddy,1,407985.005,122395.5015,5
CUST01721,Vikram Rao,1,407645.0475,122293.51425,5
CUST00524,Pooja Mehta,1,407199.4275,122159.82824999996,5
CUST01994,Pooja Mehta,2,406838.70200000005,122051.61060000004,6
CUST01581,Priya Reddy,1,406794.2275,122038.26825000002,5
CUST00814,Pooja Mehta,2,406366.2475,121909.87425000001,9
CUST02168,Arjun Singh,1,406151.1,121845.32999999996,5
CUST01492,Rahul Sharma,1,406119.82250000007,121835.94675000006,5
CUST01571,Kiran Kumar,2,405224.804,121567.44120000002,9
CUST00771,Swathi Rao,1,404670.25,121401.075,5
CUST01999,Pooja Mehta,1,404491.25,121347.375,5
CUST01726,Amit Kumar,2,404388.1615,121316.44845,7
CUST02282,Kiran Kumar,2,403658.80799999996,121097.64240000001,6
CUST00161,Divya Nair,2,403397.69700000004,121019.30910000004,6
CUST02478,Suresh Reddy,1,402957.585,120887.27550000005,5
CUST02473,Kiran Kumar,1,402916.185,120874.8555,5
CUST01698,Suresh Reddy,1,402902.2525,120870.67575,5
CUST01387,Suresh Reddy,1,402810.45,120843.135,5
CUST01261,Anjali Gupta,2,402733.392,120820.01760000002,7
CUST01006,Priya Reddy,1,402623.955,120787.1865,5
CUST00689,Divya Nair,2,402471.40650000004,120741.42195000002,8
CUST02468,Swathi Rao,2,402301.93,120690.579,8
CUST01557,Amit Kumar,1,401709.11499999993,120512.73450000002,5
CUST01354,Naveen Kumar,1,401587.11,120476.13299999996,5
CUST00164,Arjun Singh,1,401267.3000000001,120380.19000000006,5
CUST01846,Arjun Singh,1,401131.215,120339.36450000004,5
CUST01537,Naveen Kumar,2,401010.358,120303.10740000001,6
CUST00637,Amit Kumar,1,400975.23999999993,120292.572,5
CUST01903,Pooja Mehta,2,400611.8595,120183.55785000001,5
CUST01753,Pooja Mehta,1,400471.45,120141.43499999994,5
CUST00254,Neha Verma,2,400273.68000000005,120082.104,6
CUST00841,Neha Verma,1,399581.35,119874.40500000004,5
CUST02160,Kiran Kumar,1,399311.04,119793.31200000003,4
CUST01040,Naveen Kumar,1,399197.08,119759.124,5
CUST00860,Priya Reddy,1,398895.165,119668.54949999996,5
CUST00594,Divya Nair,1,398504.36,119551.30799999996,4
CUST01475,Vikram Rao,1,398351.99,119505.597,5
CUST01058,Arjun Singh,1,398272.05,119481.615,5
CUST01776,Pooja Mehta,2,398252.105,119475.6315,6
CUST01043,Anjali Gupta,1,398177.76,119453.32800000004,5
CUST00168,Arjun Singh,1,398145.735,119443.7205,5
CUST02137,Sneha Patel,1,398027.545,119408.2635,5
CUST00124,Suresh Reddy,1,397953.48,119386.044,4
CUST00914,Pooja Mehta,1,397855.4,119356.62,4
CUST00810,Anjali Gupta,2,397567.75100000005,119270.32530000001,7
CUST01853,Sneha Patel,1,397200.0,119160.0,5
CUST01625,Kiran Kumar,1,397190.2525,119157.07575000002,5
CUST02036,Anjali Gupta,2,397054.128,119116.23840000003,8
CUST02074,Priya Reddy,1,396589.8,118976.94,5
CUST01584,Naveen Kumar,1,396570.4225,118971.12675,5
CUST01493,Vikram Rao,1,396310.55,118893.16500000004,5
CUST01546,Naveen Kumar,1,396308.56,118892.56799999996,5
CUST01705,Rohit Joshi,2,396106.194,118831.8582,7
CUST02479,Sneha Patel,1,396000.28,118800.08400000005,5
CUST00914,Swathi Rao,1,395621.195,118686.35850000005,5
CUST01575,Vikram Rao,2,395599.371,118679.81129999999,9
CUST00525,Rahul Sharma,1,394940.56500000006,118482.16950000002,5
CUST01865,Pooja Mehta,1,394770.96,118431.288,4
CUST00950,Arjun Singh,1,394627.08,118388.124,5
CUST00481,Swathi Rao,1,394567.28,118370.184,5
CUST00959,Naveen Kumar,2,394524.741,118357.4223,8
CUST00757,Divya Nair,3,394254.28400000004,118276.28520000001,6
CUST00274,Pooja Mehta,1,394124.855,118237.45650000004,5
CUST00376,Arjun Singh,1,393677.4825,118103.24475,5
CUST01153,Divya Nair,1,393675.92,118102.776,5
CUST00618,Rahul Sharma,2,393469.41599999997,118040.8248,8
CUST02384,Suresh Reddy,3,393352.504,118005.75120000003,8
CUST00517,Sneha Patel,3,393288.9775,117986.69325000004,11
CUST01686,Arjun Singh,2,393130.304,117939.0912,6
CUST01406,Amit Kumar,1,393107.15,117932.14500000002,5
CUST01859,Anjali Gupta,1,392934.915,117880.4745,5
CUST00455,Arjun Singh,1,392487.085,117746.12550000002,5
CUST02324,Suresh Reddy,1,392447.115,117734.1345,5
CUST00657,Sneha Patel,1,392218.68,117665.604,4
CUST01937,Naveen Kumar,1,392083.36,117625.00799999996,4
CUST01113,Arjun Singh,2,391952.542,117585.76260000002,8
CUST00237,Divya Nair,1,391817.53,117545.25900000002,5
CUST01848,Amit Kumar,2,391669.8775,117500.96325000003,7
CUST02268,Naveen Kumar,2,391646.43,117493.929,7
CUST00728,Anjali Gupta,1,390886.56,117265.968,4
CUST00217,Pooja Mehta,1,390860.415,117258.12450000003,5
CUST01099,Pooja Mehta,3,390776.5555,117232.96665000002,12
CUST00914,Neha Verma,1,390650.11750000005,117195.03525000002,5
CUST00417,Priya Reddy,1,390632.2050000001,117189.66150000005,5
CUST00782,Neha Verma,1,390523.35,117157.005,5
CUST00864,Amit Kumar,1,390364.16,117109.24800000002,4
CUST01099,Amit Kumar,2,390349.86000000004,117104.95800000001,7
CUST01824,Divya Nair,1,390325.96,117097.788,4
CUST01190,Divya Nair,1,390083.76,117025.12800000004,5
CUST02359,Rahul Sharma,2,390017.565,117005.26950000001,7
CUST00543,Sneha Patel,1,389863.96,116959.18800000002,5
CUST00623,Arjun Singh,2,389753.43200000003,116926.02960000001,7
CUST01517,Vikram Rao,1,389705.7050000001,116911.71150000003,5
CUST02310,Rahul Sharma,1,389667.285,116900.18550000002,5
CUST01736,Swathi Rao,1,389607.84,116882.352,5
CUST00891,Anjali Gupta,1,389332.0875,116799.62625000004,5
CUST01946,Neha Verma,1,389126.2,116737.86,5
CUST00705,Priya Reddy,1,388991.48,116697.44399999996,4
CUST00922,Arjun Singh,2,388923.312,116676.99359999996,6
CUST01529,Neha Verma,1,388898.745,116669.6235,5
CUST00305,Naveen Kumar,2,388306.59500000003,116491.97850000003,6
CUST00103,Kiran Kumar,1,388290.32,116487.09600000002,4
CUST01882,Divya Nair,1,388153.68,116446.104,4
CUST00810,Pooja Mehta,1,388095.6,116428.68,5
CUST01044,Swathi Rao,1,387811.09,116343.32700000003,5
CUST00793,Naveen Kumar,2,387757.272,116327.18160000001,6
CUST01243,Vikram Rao,2,387705.82249999995,116311.74674999998,6
CUST00076,Rohit Joshi,3,386916.39300000004,116074.9179,9
CUST01578,Amit Kumar,1,386732.07000000007,116019.62100000004,5
CUST02424,Swathi Rao,1,386713.2375,116013.97125,5
CUST00197,Pooja Mehta,1,386671.2325,116001.36975,5
CUST01114,Neha Verma,1,386632.96,115989.88800000004,4
CUST00236,Anjali Gupta,1,386632.4,115989.72000000004,5
CUST01021,Swathi Rao,1,386430.6975,115929.20925,5
CUST01769,Rohit Joshi,1,385011.7,115503.51,5
CUST00126,Naveen Kumar,2,384807.69850000006,115442.30955000002,9
CUST02079,Vikram Rao,2,384040.808,115212.24240000002,7
CUST00326,Amit Kumar,1,383919.5500000001,115175.86500000003,5
CUST00797,Rahul Sharma,1,383844.015,115153.20449999992,5
CUST00362,Rohit Joshi,2,383710.13249999995,115113.03975000003,7
CUST00881,Neha Verma,1,383519.5500000001,115055.86500000003,5
CUST00581,Vikram Rao,1,383359.5,115007.84999999998,5
CUST02243,Swathi Rao,2,383290.07800000004,114987.02340000006,5
CUST00450,Pooja Mehta,2,383166.236,114949.87079999992,8
CUST01708,Divya Nair,2,383108.56950000004,114932.57085000003,9
CUST01186,Naveen Kumar,3,382741.57,114822.47100000002,8
CUST01287,Rohit Joshi,1,382690.48,114807.14400000004,5
CUST01210,Divya Nair,1,382625.8,114787.74,4
CUST01891,Arjun Singh,1,382579.1,114773.73000000004,5
CUST00620,Amit Kumar,1,382456.44,114736.93200000004,4
CUST00870,Sneha Patel,1,382226.2775,114667.88325,5
CUST01480,Divya Nair,1,381984.39,114595.31699999998,5
CUST01872,Arjun Singh,1,381889.4,114566.82,4
CUST02486,Divya Nair,1,381753.2,114525.96000000002,5
CUST01492,Suresh Reddy,1,381746.96,114524.08800000005,4
CUST01063,Amit Kumar,2,381673.218,114501.9654,6
CUST01921,Neha Verma,1,381666.84,114500.05200000004,4
CUST00182,Pooja Mehta,2,381518.994,114455.6982,5
CUST01645,Neha Verma,1,381415.04,114424.512,4
CUST02100,Vikram Rao,1,381100.92,114330.276,4
CUST01260,Vikram Rao,2,381030.06,114309.018,9
CUST00631,Kiran Kumar,1,380885.16,114265.54799999997,5
CUST02018,Rohit Joshi,1,380835.6575,114250.69725000004,5
CUST00508,Amit Kumar,1,380377.4225,114113.22675000005,5
CUST01888,Divya Nair,2,380239.9515,114071.98545000004,5
CUST01950,Priya Reddy,1,380099.475,114029.84250000004,5
CUST02306,Anjali Gupta,2,379865.886,113959.76580000002,8
CUST01528,Pooja Mehta,1,379847.52,113954.256,5
CUST01262,Sneha Patel,2,379700.7095,113910.21285000003,9
CUST00661,Vikram Rao,2,379523.822,113857.14659999998,7
CUST00288,Rohit Joshi,1,379420.5,113826.15000000002,5
CUST00193,Swathi Rao,1,379016.4875,113704.94625000004,5
CUST02070,Suresh Reddy,1,378927.26,113678.178,4
CUST00935,Rohit Joshi,2,378837.24,113651.172,6
CUST01057,Pooja Mehta,1,378696.144,113608.8432,4
CUST01666,Amit Kumar,1,378680.9075,113604.27225000004,5
CUST00590,Rahul Sharma,1,378616.8,113585.04000000004,4
CUST01087,Amit Kumar,1,378537.56,113561.26799999998,5
CUST00782,Pooja Mehta,1,378297.135,113489.14050000004,5
CUST01424,Pooja Mehta,2,378156.216,113446.86480000002,5
CUST01607,Kiran Kumar,1,378064.02,113419.206,5
CUST00243,Suresh Reddy,1,377772.08,113331.624,4
CUST00957,Rohit Joshi,1,377715.45,113314.635,5
CUST01421,Priya Reddy,1,377705.142,113311.5426,4
CUST01694,Kiran Kumar,1,377666.76,113300.028,5
CUST01384,Vikram Rao,3,377648.68500000006,113294.60550000005,9
CUST00151,Neha Verma,2,377582.1,113274.63000000002,8
CUST02064,Naveen Kumar,1,377453.468,113236.0404,4
CUST01811,Priya Reddy,1,377333.44,113200.032,5
CUST00723,Pooja Mehta,2,377295.552,113188.66559999998,5
CUST02071,Divya Nair,1,377079.975,113123.9925,5
CUST00300,Amit Kumar,1,377021.79,113106.53699999995,5
CUST00390,Rahul Sharma,1,376998.48,113099.544,5
CUST01886,Priya Reddy,1,376861.58,113058.474,4
CUST00858,Divya Nair,3,376785.335,113035.60050000003,8
CUST01272,Anjali Gupta,2,376734.15150000004,113020.24545,8
CUST01325,Suresh Reddy,1,376476.05,112942.815,5
CUST01789,Divya Nair,2,376239.65599999996,112871.8968,5
CUST01464,Priya Reddy,1,376167.0500000001,112850.11500000003,5
CUST00883,Kiran Kumar,2,375747.4425,112724.23275,8
CUST01971,Anjali Gupta,1,375602.76,112680.82800000004,4
CUST01761,Arjun Singh,1,375458.2,112637.46000000002,5
CUST00778,Rohit Joshi,1,375352.88,112605.864,4
CUST00418,Kiran Kumar,1,375070.36,112521.108,5
CUST02164,Priya Reddy,1,374806.9875000001,112442.09625,5
CUST00969,Sneha Patel,1,374769.08,112430.724,5
CUST02116,Amit Kumar,1,374763.0375,112428.91125,5
CUST00757,Vikram Rao,3,374698.7245,112409.61735000001,10
CUST00700,Amit Kumar,1,374287.4275,112286.22825,5
CUST00991,Kiran Kumar,1,374164.6,112249.37999999998,4
CUST01061,Anjali Gupta,1,374063.36,112219.00799999996,5
CUST00360,Priya Reddy,2,373995.99,112198.79700000002,8
CUST01556,Anjali Gupta,1,373818.975,112145.69249999998,5
CUST00340,Divya Nair,1,373734.2625,112120.27874999994,5
CUST02167,Vikram Rao,1,373682.24,112104.672,5
CUST00520,Divya Nair,3,373547.90750000003,112064.37225000001,9
CUST00578,Amit Kumar,2,373345.3375,112003.60125000002,8
CUST00744,Anjali Gupta,1,372914.9,111874.46999999996,5
CUST02123,Rahul Sharma,1,372612.952,111783.88559999998,4
CUST00257,Swathi Rao,2,372344.882,111703.4646,5
CUST01250,Rahul Sharma,1,372320.846,111696.2538,4
CUST01409,Suresh Reddy,1,372279.48,111683.84399999998,4
CUST01600,Rahul Sharma,1,372242.68000000005,111672.80400000006,4
CUST01108,Rahul Sharma,1,372223.95,111667.18499999994,5
CUST00182,Anjali Gupta,1,372045.06,111613.51799999998,5
CUST00860,Arjun Singh,1,372033.3,111609.99,4
CUST00983,Anjali Gupta,1,371937.2,111581.16,5
CUST01440,Swathi Rao,1,371810.295,111543.08849999998,5
CUST00957,Divya Nair,1,371770.24,111531.072,4
CUST01943,Vikram Rao,1,371558.68000000005,111467.60400000002,4
CUST01614,Vikram Rao,2,371346.63800000004,111403.99140000003,8
CUST01786,Priya Reddy,1,370963.3125,111288.99375,5
CUST01185,Neha Verma,1,370918.7075,111275.61225,5
CUST01301,Suresh Reddy,1,370916.8375,111275.05125000002,5
CUST00991,Swathi Rao,1,370881.15,111264.34499999996,5
CUST00165,Swathi Rao,1,370817.72,111245.31600000002,5
CUST00771,Rohit Joshi,2,370698.7225,111209.61674999999,6
CUST02062,Pooja Mehta,1,370686.55499999993,111205.96649999998,5
CUST01566,Swathi Rao,1,370449.16,111134.74800000002,4
CUST00406,Swathi Rao,1,370410.2625,111123.07875000002,5
CUST01903,Naveen Kumar,1,370069.8875,111020.96625,5
CUST01308,Divya Nair,1,369849.08,110954.72400000002,4
CUST01130,Sneha Patel,1,369673.614,110902.0842,4
CUST02235,Rohit Joshi,1,369551.07000000007,110865.32100000004,5
CUST02437,Sneha Patel,1,369537.498,110861.24940000004,4
CUST02260,Suresh Reddy,1,369458.88,110837.66400000002,5
CUST00813,Neha Verma,3,369237.99250000005,110771.39775000002,9
CUST01000,Swathi Rao,1,369061.36750000005,110718.41025000004,5
CUST02061,Priya Reddy,1,368873.79,110662.13700000005,4
CUST02060,Pooja Mehta,1,368461.08,110538.32400000002,4
CUST01877,Naveen Kumar,1,368450.6625,110535.19874999998,5
CUST00607,Swathi Rao,1,368335.3875,110500.61625000002,5
CUST01949,Swathi Rao,1,368264.52,110479.35600000004,5
CUST00628,Amit Kumar,1,368125.6,110437.68000000002,5
CUST01193,Swathi Rao,1,368085.2,110425.56,4
CUST01182,Priya Reddy,2,368061.252,110418.3756,6
CUST00719,Suresh Reddy,1,367715.61,110314.683,5
CUST00820,Neha Verma,1,367495.5,110248.65,5
CUST01028,Sneha Patel,1,367426.56000000006,110227.96800000002,5
CUST01664,Suresh Reddy,1,367382.92,110214.876,4
CUST01434,Rahul Sharma,1,367313.5575,110194.06725,5
CUST02346,Divya Nair,1,367174.84,110152.45200000002,4
CUST00246,Rohit Joshi,1,366991.495,110097.4485,5
CUST02197,Rahul Sharma,1,366939.4875000001,110081.84625000006,5
CUST02404,Swathi Rao,3,366770.159,110031.04770000002,11
CUST01985,Priya Reddy,2,366492.086,109947.62580000001,7
CUST02026,Rahul Sharma,2,366348.224,109904.46720000001,5
CUST00393,Pooja Mehta,1,366309.675,109892.9025,5
CUST02344,Priya Reddy,1,366275.835,109882.75050000002,5
CUST02010,Pooja Mehta,1,366266.85,109880.05500000002,5
CUST00668,Kiran Kumar,1,366079.9125,109823.97374999998,5
CUST02135,Naveen Kumar,1,365969.25,109790.775,5
CUST01347,Priya Reddy,1,365754.4,109726.32000000004,4
CUST00264,Priya Reddy,1,365742.438,109722.73140000002,4
CUST00089,Arjun Singh,2,365721.309,109716.39270000003,7
CUST01568,Neha Verma,1,365706.2620000001,109711.87860000004,4
CUST00142,Suresh Reddy,1,365545.0375,109663.51124999998,5
CUST00177,Naveen Kumar,1,365125.235,109537.57050000005,5
CUST00363,Rohit Joshi,1,365032.85,109509.85500000004,5
CUST01718,Divya Nair,1,364824.72,109447.41600000004,5
CUST01170,Rahul Sharma,2,364772.44200000004,109431.73260000002,7
CUST00230,Arjun Singh,2,364711.3955,109413.41864999999,5
CUST01338,Arjun Singh,2,364663.346,109399.00380000002,7
CUST00915,Swathi Rao,3,364229.519,109268.85570000001,12
CUST00515,Kiran Kumar,1,364228.65,109268.59499999996,5
CUST00823,Naveen Kumar,1,364071.28,109221.38400000002,4
CUST00411,Arjun Singh,2,363631.536,109089.46080000002,7
CUST00507,Neha Verma,1,363462.92,109038.876,4
CUST01735,Suresh Reddy,1,363380.625,109014.1875,5
CUST00593,Rohit Joshi,1,363293.025,108987.90750000004,5
CUST00722,Swathi Rao,1,363277.8375,108983.35124999998,5
CUST02046,Arjun Singh,1,363091.52,108927.456,4
CUST00307,Suresh Reddy,1,362816.818,108845.04540000005,4
CUST02240,Vikram Rao,1,362225.08,108667.524,4
CUST01192,Divya Nair,1,362148.4875,108644.54624999998,5
CUST00266,Rohit Joshi,2,362030.75399999996,108609.22619999996,5
CUST00763,Neha Verma,1,362007.08,108602.124,5
CUST00864,Rohit Joshi,1,361799.8875,108539.96624999994,5
CUST00964,Sneha Patel,2,361588.602,108476.58060000003,6
CUST02308,Naveen Kumar,1,361340.4,108402.12000000002,5
CUST00109,Divya Nair,2,361316.6005,108394.98015,8
CUST00306,Rahul Sharma,1,360795.0375,108238.51124999998,5
CUST02416,Priya Reddy,1,360679.095,108203.72850000004,5
CUST02340,Divya Nair,1,360622.5375,108186.76124999998,5
CUST02367,Amit Kumar,1,360462.9175,108138.87524999998,5
CUST01788,Vikram Rao,1,360449.68,108134.90399999998,5
CUST01225,Kiran Kumar,2,360422.77,108126.83100000002,6
CUST01810,Priya Reddy,1,359912.96,107973.88800000004,4
CUST00398,Anjali Gupta,1,359852.6,107955.77999999996,5
CUST01063,Vikram Rao,2,359768.5665,107930.56995000002,7
CUST01430,Vikram Rao,1,359690.904,107907.2712,4
CUST01394,Sneha Patel,2,359499.08,107849.724,6
CUST01031,Suresh Reddy,2,359424.66,107827.398,6
CUST00441,Kiran Kumar,2,359344.658,107803.3974,7
CUST01162,Kiran Kumar,1,359337.996,107801.3988,4
CUST02096,Amit Kumar,1,359231.63249999995,107769.48974999998,5
CUST00640,Sneha Patel,1,359200.575,107760.17250000002,5
CUST01500,Amit Kumar,1,358886.7,107666.01,5
CUST01879,Rohit Joshi,1,358851.59400000004,107655.47820000004,4
CUST01155,Divya Nair,1,358782.444,107634.7332,4
CUST00191,Sneha Patel,2,358574.238,107572.27140000003,6
CUST01893,Rahul Sharma,2,358530.48600000003,107559.14580000001,5
CUST01410,Naveen Kumar,1,358425.75,107527.725,5
CUST01596,Rahul Sharma,1,358374.8,107512.44,4
CUST00572,Arjun Singh,1,358307.94999999995,107492.38499999998,5
CUST01699,Arjun Singh,1,358147.1,107444.12999999998,5
CUST01262,Rahul Sharma,1,357967.37200000003,107390.21160000004,4
CUST01254,Priya Reddy,1,357950.9625,107385.28874999998,5
CUST00637,Swathi Rao,1,357715.48,107314.64399999996,4
CUST01425,Divya Nair,1,357624.96,107287.488,5
CUST00785,Rohit Joshi,2,357556.39800000004,107266.91940000001,9
CUST01082,Kiran Kumar,1,357170.65,107151.19500000004,5
CUST02391,Swathi Rao,1,357167.62,107150.286,5
CUST02041,Swathi Rao,1,357136.23750000005,107140.87125000004,5
CUST01214,Anjali Gupta,1,357126.6375,107137.99125000002,5
CUST01815,Anjali Gupta,1,356770.3625,107031.10874999998,5
CUST00339,Rohit Joshi,1,356661.288,106998.3864,4
CUST01006,Neha Verma,1,356628.955,106988.6865,5
CUST00156,Pooja Mehta,1,356622.8125,106986.84375,5
CUST00031,Arjun Singh,1,356367.63749999995,106910.29124999998,5
CUST01339,Priya Reddy,2,356345.648,106903.69440000001,9
CUST00610,Rohit Joshi,1,356071.8,106821.53999999998,4
CUST02470,Pooja Mehta,1,355997.17500000005,106799.15250000004,5
CUST00514,Suresh Reddy,1,355776.67500000005,106733.00250000006,5
CUST01332,Rohit Joshi,1,355699.88,106709.964,5
CUST01071,Divya Nair,1,355599.828,106679.9484,4
CUST01196,Divya Nair,1,355499.6,106649.87999999998,4
CUST01251,Vikram Rao,2,355200.19999999995,106560.05999999997,8
CUST00223,Naveen Kumar,1,355151.37250000006,106545.41175000004,5
CUST01188,Amit Kumar,1,354526.06500000006,106357.81950000009,5
CUST01488,Rohit Joshi,1,354519.18,106355.754,4
CUST00715,Divya Nair,2,354283.755,106285.12650000003,6
CUST01782,Rahul Sharma,1,354153.56,106246.068,5
CUST01121,Priya Reddy,1,354112.785,106233.8355,5
CUST01853,Divya Nair,1,354080.542,106224.1626,4
CUST01963,Sneha Patel,1,354040.12,106212.036,5
CUST01105,Rohit Joshi,1,353898.0375,106169.41124999998,5
CUST01814,Sneha Patel,1,353728.98,106118.694,5
CUST00035,Anjali Gupta,2,353519.0085,106055.70255,7
CUST00439,Divya Nair,2,353489.177,106046.7531,9
CUST00244,Sneha Patel,2,353218.275,105965.4825,10
CUST02312,Rohit Joshi,1,353181.8,105954.53999999998,5
CUST01761,Rahul Sharma,1,353096.2375,105928.87125,5
CUST00687,Vikram Rao,1,353071.186,105921.3558,4
CUST01607,Suresh Reddy,1,352644.855,105793.45649999996,5
CUST01828,Rahul Sharma,1,352549.7025,105764.91075,5
CUST01613,Amit Kumar,1,352540.3475,105762.10424999996,5
CUST01725,Arjun Singh,2,352510.515,105753.15449999999,7
CUST01620,Suresh Reddy,1,352403.4550000001,105721.03650000005,5
CUST02121,Swathi Rao,1,352307.808,105692.34240000002,4
CUST02248,Suresh Reddy,1,352278.35,105683.50499999998,5
CUST01884,Divya Nair,1,352064.664,105619.3992,4
CUST01293,Anjali Gupta,1,351798.45,105539.535,5
CUST00602,Naveen Kumar,1,351746.784,105524.03519999998,4
CUST01519,Suresh Reddy,1,351434.0,105430.2,5
CUST00217,Kiran Kumar,1,351388.36,105416.50799999996,4
CUST00846,Rohit Joshi,1,351139.81500000006,105341.94450000009,5
CUST00239,Vikram Rao,1,350817.1875,105245.15625,5
CUST01018,Divya Nair,1,350769.2025,105230.76075,5
CUST00260,Naveen Kumar,1,350662.30000000005,105198.69000000006,5
CUST00439,Amit Kumar,1,350462.37200000003,105138.71160000004,4
CUST00738,Anjali Gupta,1,350401.24,105120.372,5
CUST00636,Rohit Joshi,1,350179.88,105053.964,4
CUST02364,Suresh Reddy,1,349944.014,104983.20419999998,4
CUST01700,Kiran Kumar,3,349841.66,104952.49800000002,8
CUST00025,Swathi Rao,2,349655.55000000005,104896.66500000002,7
CUST01976,Pooja Mehta,1,349634.36,104890.308,5
CUST02143,Pooja Mehta,1,348983.78250000003,104695.13475000004,5
CUST00815,Arjun Singh,2,348981.77999999997,104694.53400000001,7
CUST02322,Pooja Mehta,1,348692.15,104607.64500000002,5
CUST01365,Neha Verma,1,348466.032,104539.8096,4
CUST00962,Rahul Sharma,1,348398.592,104519.57760000002,4
CUST00604,Rahul Sharma,1,348268.8,104480.63999999998,5
CUST00019,Vikram Rao,1,348260.28750000003,104478.08625000002,5
CUST01688,Pooja Mehta,1,348257.992,104477.39759999995,4
CUST02259,Neha Verma,1,347659.18000000005,104297.75400000004,5
CUST01417,Arjun Singh,2,347658.9885,104297.69655000001,8
CUST02498,Arjun Singh,1,347582.466,104274.7398,4
CUST01162,Amit Kumar,1,347513.4,104254.02000000002,4
CUST00775,Priya Reddy,1,347097.84,104129.352,5
CUST00845,Rahul Sharma,1,347038.65,104111.59499999996,5
CUST00020,Arjun Singh,1,346976.9275,104093.07825,5
CUST02172,Priya Reddy,1,346833.27,104049.98100000004,5
CUST00963,Neha Verma,1,346780.97000000003,104034.29100000004,5
CUST01281,Anjali Gupta,1,346771.3975,104031.41925000004,5
CUST01519,Divya Nair,1,346736.985,104021.0955,5
CUST01503,Anjali Gupta,2,346645.522,103993.65659999996,9
CUST02430,Rohit Joshi,1,346596.89800000004,103979.06940000004,4
CUST01279,Vikram Rao,1,346538.2,103961.46000000002,5
CUST00988,Pooja Mehta,2,346407.5,103922.25,6
CUST00307,Arjun Singh,1,346301.05000000005,103890.31500000006,5
CUST00077,Arjun Singh,1,346139.3375,103841.80125000002,5
CUST02463,Divya Nair,1,346124.42999999993,103837.32899999995,5
CUST01620,Arjun Singh,2,345919.88800000004,103775.96640000002,8
CUST01336,Priya Reddy,1,345615.7125,103684.71375000002,5
CUST00794,Priya Reddy,1,345605.212,103681.5636,4
CUST01894,Rahul Sharma,1,345557.84500000003,103667.35350000004,5
CUST02326,Divya Nair,1,345436.35,103630.90499999996,5
CUST02156,Kiran Kumar,1,345432.15,103629.64500000002,5
CUST01381,Neha Verma,1,345324.658,103597.3974,4
CUST01344,Anjali Gupta,2,345213.0575,103563.91725000003,6
CUST01174,Divya Nair,1,345195.08,103558.524,5
CUST02225,Sneha Patel,1,345149.568,103544.8704,4
CUST02486,Amit Kumar,2,345079.38,103523.81400000001,7
CUST00074,Naveen Kumar,3,345024.16099999996,103507.24829999998,11
CUST00697,Naveen Kumar,1,344851.9,103455.57000000004,5
CUST01623,Swathi Rao,2,344806.449,103441.93470000001,5
CUST01884,Rahul Sharma,1,344776.05000000005,103432.81500000006,5
CUST00567,Neha Verma,1,344650.32,103395.09600000002,5
CUST01236,Amit Kumar,1,344506.74250000005,103352.02275000006,5
CUST00444,Neha Verma,1,344272.80000000005,103281.84000000004,5
CUST02464,Swathi Rao,1,344193.21,103257.96300000002,5
CUST01873,Divya Nair,1,344103.44,103231.032,5
CUST00999,Anjali Gupta,1,344014.69500000007,103204.40850000008,5
CUST02066,Vikram Rao,2,343993.6115,103198.08345,5
CUST00480,Rahul Sharma,1,343936.974,103181.09219999998,4
CUST00756,Kiran Kumar,1,343728.09,103118.42700000004,5
CUST00969,Rahul Sharma,1,343597.625,103079.2875,5
CUST01787,Vikram Rao,1,343537.956,103061.3868,4
CUST01805,Vikram Rao,1,343451.0,103035.3,5
CUST00139,Amit Kumar,1,343438.14800000004,103031.44440000004,4
CUST01546,Kiran Kumar,2,343386.271,103015.88130000002,5
CUST01590,Anjali Gupta,1,343342.84,103002.852,5
CUST01549,Suresh Reddy,1,343102.032,102930.6096,4
CUST01406,Divya Nair,1,343066.16,102919.84799999995,4
CUST00143,Neha Verma,1,342910.575,102873.17250000002,5
CUST01201,Swathi Rao,1,342905.076,102871.5228,4
CUST01414,Pooja Mehta,1,342711.7875,102813.53624999998,5
CUST01856,Arjun Singh,1,342647.425,102794.22749999998,5
CUST00740,Suresh Reddy,1,342613.1125,102783.93375,5
CUST00847,Pooja Mehta,2,342607.89599999995,102782.36879999997,6
CUST01178,Anjali Gupta,1,342524.36,102757.308,4
CUST02024,Pooja Mehta,1,342255.8625,102676.75874999998,5
CUST02232,Arjun Singh,1,342188.7,102656.61000000002,5
CUST00946,Swathi Rao,1,342109.858,102632.9574,4
CUST00102,Neha Verma,2,341977.836,102593.3508,6
CUST02189,Rahul Sharma,1,341325.56,102397.668,5
CUST01289,Suresh Reddy,1,341242.425,102372.72749999998,5
CUST01710,Vikram Rao,1,341238.29000000004,102371.48700000002,4
CUST01637,Priya Reddy,2,341144.6865,102343.40595000003,9
CUST00695,Amit Kumar,3,341078.793,102323.63790000002,11
CUST00996,Arjun Singh,2,341065.26,102319.57800000001,7
CUST01744,Neha Verma,1,341042.004,102312.6012,4
CUST01378,Kiran Kumar,1,341032.12,102309.636,5
CUST01566,Pooja Mehta,1,341029.9025,102308.97075000004,5
CUST01755,Divya Nair,1,340642.24,102192.672,5
CUST00122,Rahul Sharma,1,340452.045,102135.61349999998,5
CUST02446,Suresh Reddy,1,340441.06500000006,102132.31950000009,5
CUST01929,Priya Reddy,1,340133.30000000005,102039.99000000002,5
CUST01814,Arjun Singh,1,340028.294,102008.4882,4
CUST01856,Pooja Mehta,2,340019.696,102005.9088,8
CUST00704,Naveen Kumar,2,339898.41000000003,101969.523,6
CUST01424,Naveen Kumar,2,339757.9770000001,101927.39310000002,6
CUST02175,Rohit Joshi,1,339755.265,101926.57949999996,5
CUST00271,Pooja Mehta,2,339669.9195,101900.97585000003,9
CUST00596,Neha Verma,2,339577.618,101873.28540000004,7
CUST01164,Naveen Kumar,1,339558.24,101867.47199999998,4
CUST00104,Priya Reddy,2,339475.5305,101842.65914999999,5
CUST02084,Rohit Joshi,1,339358.582,101807.5746,4
CUST02473,Anjali Gupta,1,339278.05,101783.41499999998,5
CUST00111,Sneha Patel,1,338977.84500000003,101693.35350000004,5
CUST00746,Vikram Rao,2,338935.29750000004,101680.58925000003,8
CUST00129,Amit Kumar,2,338712.71550000005,101613.81465000001,8
CUST01054,Sneha Patel,1,338543.92500000005,101563.17750000002,5
CUST00444,Kiran Kumar,3,338364.3735,101509.31205000002,7
CUST02200,Anjali Gupta,1,338361.4525,101508.43575,5
CUST00608,Swathi Rao,1,338278.1625,101483.44874999998,5
CUST00758,Rahul Sharma,1,338229.504,101468.8512,4
CUST02458,Arjun Singh,2,338208.038,101462.41140000001,7
CUST00032,Anjali Gupta,1,338094.216,101428.2648,4
CUST00286,Sneha Patel,1,337917.6,101375.27999999996,5
CUST00342,Naveen Kumar,1,337805.505,101341.6515,5
CUST02264,Rahul Sharma,1,337705.52,101311.65600000002,5
CUST02416,Suresh Reddy,2,337604.173,101281.25190000002,8
CUST02121,Naveen Kumar,1,337593.65,101278.09499999996,5
CUST01227,Neha Verma,1,337378.06,101213.418,4
CUST01870,Rohit Joshi,1,337039.0675,101111.72025,5
CUST00755,Swathi Rao,1,336760.218,101028.0654,4
CUST02147,Suresh Reddy,1,336685.392,101005.6176,4
CUST00696,Divya Nair,1,336600.525,100980.15750000004,5
CUST00887,Kiran Kumar,1,336585.05,100975.51499999998,5
CUST01996,Sneha Patel,1,336470.97000000003,100941.29100000004,4
CUST00967,Amit Kumar,2,336431.678,100929.50340000003,7
CUST00932,Rahul Sharma,2,336365.907,100909.77210000002,4
CUST01146,Sneha Patel,1,336218.48999999993,100865.54699999996,5
CUST02163,Sneha Patel,1,336206.85250000004,100862.05575000004,5
CUST00116,Anjali Gupta,1,335887.4625,100766.23875000002,5
CUST01649,Rohit Joshi,1,335868.8,100760.63999999998,4
CUST02251,Swathi Rao,1,335790.545,100737.1635,5
CUST00342,Arjun Singh,2,335696.935,100709.08050000003,10
CUST01582,Rahul Sharma,1,335217.4,100565.22000000004,5
CUST02199,Pooja Mehta,1,335089.924,100526.9772,4
CUST01144,Rahul Sharma,2,335061.1625,100518.34875,8
CUST02226,Divya Nair,1,334587.08,100376.124,5
CUST02025,Kiran Kumar,1,334496.488,100348.94640000002,4
CUST00624,Naveen Kumar,1,334380.6,100314.18000000002,5
CUST00310,Pooja Mehta,1,334230.26800000004,100269.08040000004,4
CUST00774,Naveen Kumar,1,334176.1,100252.83,5
CUST00579,Neha Verma,1,333989.56,100196.868,4
CUST01014,Kiran Kumar,1,333784.6,100135.37999999998,4
CUST00614,Suresh Reddy,1,333725.175,100117.5525,5
CUST00317,Priya Reddy,1,333716.66500000004,100114.99950000003,5
CUST02405,Swathi Rao,2,333713.1205,100113.93615000002,7
CUST01732,Anjali Gupta,1,333647.0,100094.1,5
CUST00516,Amit Kumar,2,333558.281,100067.48430000003,9
CUST01053,Neha Verma,2,333533.1725,100059.95175000001,7
CUST00784,Swathi Rao,1,333529.05000000005,100058.71500000004,5
CUST00420,Arjun Singh,2,333483.764,100045.12920000004,7
CUST02361,Amit Kumar,2,333277.385,99983.21550000003,5
CUST01317,Priya Reddy,1,333167.47,99950.24099999998,4
CUST01723,Rahul Sharma,1,333101.04,99930.31199999998,5
CUST00179,Naveen Kumar,2,333099.9475,99929.98425000002,10
CUST00333,Anjali Gupta,1,332829.792,99848.9376,4
CUST00214,Naveen Kumar,1,332757.0,99827.1,5
CUST01482,Sneha Patel,1,332711.896,99813.5688,4
CUST00185,Naveen Kumar,1,332471.538,99741.4614,4
CUST01248,Kiran Kumar,1,332238.492,99671.54760000002,4
CUST02374,Vikram Rao,1,332093.44750000007,99628.03425000004,5
CUST01582,Vikram Rao,2,332081.5025,99624.45075000003,7
CUST01278,Suresh Reddy,1,332080.3375,99624.10125000004,5
CUST00205,Pooja Mehta,1,331869.996,99560.99879999996,4
CUST01722,Swathi Rao,1,331728.705,99518.61150000004,5
CUST00113,Kiran Kumar,1,331689.84,99506.95200000002,4
CUST01316,Suresh Reddy,1,331644.398,99493.31939999998,4
CUST02390,Divya Nair,1,331563.15,99468.94500000004,5
CUST02171,Divya Nair,2,331506.585,99451.97550000003,5
CUST00686,Vikram Rao,2,331420.0745,99426.02235,9
CUST00942,Divya Nair,1,331220.32,99366.09600000002,5
CUST00842,Sneha Patel,1,331201.5875,99360.47625000004,5
CUST01451,Naveen Kumar,1,331021.178,99306.35340000002,4
CUST00868,Priya Reddy,1,330954.16400000005,99286.24920000002,4
CUST00581,Priya Reddy,1,330862.86000000004,99258.85800000004,5
CUST00530,Anjali Gupta,1,330501.375,99150.4125,5
CUST00246,Anjali Gupta,2,330423.522,99127.05659999995,6
CUST00247,Neha Verma,1,330154.275,99046.28250000004,5
CUST00382,Swathi Rao,1,330111.066,99033.3198,4
CUST00166,Pooja Mehta,1,330030.99,99009.297,5
CUST01922,Kiran Kumar,1,329992.2275,98997.66825,5
CUST00119,Rahul Sharma,1,329833.806,98950.14179999998,4
CUST01571,Amit Kumar,1,329744.75,98923.425,5
CUST00502,Anjali Gupta,1,329592.62,98877.786,5
CUST00780,Neha Verma,2,329557.242,98867.17260000002,6
CUST00913,Kiran Kumar,1,329450.61600000004,98835.18480000005,4
CUST00349,Divya Nair,1,329445.9875,98833.79624999998,5
CUST02076,Naveen Kumar,1,329409.75,98822.925,5
CUST00721,Vikram Rao,1,329314.752,98794.4256,4
CUST02442,Neha Verma,1,329112.405,98733.72149999996,5
CUST02079,Rohit Joshi,2,329035.18650000007,98710.55595000002,5
CUST00646,Suresh Reddy,1,329029.48,98708.84399999998,5
CUST02496,Rohit Joshi,1,328973.08,98691.92400000004,4
CUST02472,Rohit Joshi,1,328901.2,98670.36000000002,4
CUST01938,Vikram Rao,2,328693.13800000004,98607.94140000001,9
CUST00525,Kiran Kumar,1,328663.52,98599.056,5
CUST02326,Pooja Mehta,1,328585.8575,98575.75725,5
CUST00259,Neha Verma,1,328475.12,98542.536,4
CUST00811,Anjali Gupta,1,328459.2225,98537.76674999998,5
CUST01694,Anjali Gupta,2,328436.573,98530.9719,6
CUST00932,Vikram Rao,1,328321.42500000005,98496.42750000002,5
CUST01130,Pooja Mehta,1,328294.8,98488.44,5
CUST01673,Rahul Sharma,2,328219.444,98465.83320000002,7
CUST00872,Priya Reddy,1,328016.34,98404.90200000005,5
CUST00826,Arjun Singh,1,327921.5,98376.45,5
CUST02184,Divya Nair,2,327860.00249999994,98358.00075,10
CUST02178,Rahul Sharma,1,327692.2,98307.66,4
CUST02225,Priya Reddy,1,327604.79000000004,98281.43700000003,4
CUST00041,Anjali Gupta,1,327567.32,98270.196,5
CUST00945,Anjali Gupta,1,327534.274,98260.2822,4
CUST01769,Rahul Sharma,1,327425.13,98227.53900000002,5
CUST02351,Rohit Joshi,1,327330.16,98199.04799999998,5
CUST00770,Rohit Joshi,1,327307.5,98192.25,5
CUST01816,Arjun Singh,3,327245.159,98173.5477,12
CUST00282,Arjun Singh,1,327244.2,98173.26,4
CUST02183,Swathi Rao,2,327199.824,98159.94720000004,7
CUST00889,Pooja Mehta,3,327017.3375,98105.20125000001,8
CUST00729,Naveen Kumar,2,326984.5575,98095.36725000001,9
CUST02456,Arjun Singh,1,326917.41199999995,98075.22359999994,4
CUST01399,Pooja Mehta,2,326713.245,98013.9735,5
CUST02104,Swathi Rao,1,326636.0,97990.8,5
CUST02017,Rahul Sharma,1,326542.46,97962.738,5
CUST01572,Naveen Kumar,1,326503.05,97950.91499999998,5
CUST01024,Naveen Kumar,2,326398.152,97919.44560000002,7
CUST02326,Naveen Kumar,1,325935.60000000003,97780.68000000002,5
CUST00180,Amit Kumar,1,325776.6125,97732.98374999998,5
CUST01348,Kiran Kumar,1,325705.0825,97711.52475,5
CUST00012,Arjun Singh,1,325582.3125,97674.69375,5
CUST00508,Pooja Mehta,2,325453.395,97636.01849999998,6
CUST00858,Pooja Mehta,1,325320.318,97596.09540000002,4
CUST01395,Vikram Rao,1,325302.05000000005,97590.61500000002,5
CUST00847,Neha Verma,2,325096.73600000003,97529.02080000001,6
CUST01096,Divya Nair,2,325095.2535,97528.57605,6
CUST00076,Rahul Sharma,2,324787.6215,97436.28645000003,5
CUST02256,Suresh Reddy,1,324689.436,97406.8308,4
CUST00458,Sneha Patel,1,324638.24,97391.47199999998,5
CUST00129,Anjali Gupta,2,324556.028,97366.80840000001,5
CUST01381,Vikram Rao,2,324523.19700000004,97356.9591,6
CUST00025,Vikram Rao,1,324398.0625,97319.41875,5
CUST01602,Suresh Reddy,1,324288.26,97286.478,4
CUST02402,Vikram Rao,1,324253.84500000003,97276.15350000004,5
CUST01849,Vikram Rao,1,324231.0375,97269.31124999996,5
CUST00074,Amit Kumar,1,324213.36,97264.00799999996,5
CUST00906,Rohit Joshi,1,324125.808,97237.74239999996,4
CUST00644,Rahul Sharma,1,323778.456,97133.5368,4
CUST01950,Amit Kumar,1,323672.508,97101.75239999995,4
CUST00624,Anjali Gupta,1,323671.29600000003,97101.38880000004,4
CUST01366,Arjun Singh,2,323612.83699999994,97083.85109999997,6
CUST01675,Swathi Rao,1,323606.67,97082.001,5
CUST02047,Divya Nair,3,323591.692,97077.50759999997,7
CUST02300,Arjun Singh,1,323494.87,97048.46099999998,5
CUST02224,Anjali Gupta,1,323465.004,97039.50120000004,4
CUST00777,Arjun Singh,1,323423.895,97027.16850000004,5
CUST00556,Arjun Singh,1,323296.092,96988.82760000002,4
CUST00076,Amit Kumar,1,323105.978,96931.7934,4
CUST00066,Priya Reddy,1,323010.1,96903.02999999996,5
CUST01502,Amit Kumar,1,322768.76249999995,96830.62875,5
CUST02316,Priya Reddy,1,322741.685,96822.5055,5
CUST01097,Divya Nair,1,322668.41250000003,96800.52375000002,5
CUST00041,Rahul Sharma,1,322655.6725,96796.70174999998,5
CUST00863,Amit Kumar,1,322500.11,96750.033,4
CUST01878,Rahul Sharma,1,322408.264,96722.47919999996,4
CUST01801,Pooja Mehta,2,322377.1,96713.13,4
CUST00746,Sneha Patel,1,322359.882,96707.96459999998,4
CUST01543,Amit Kumar,1,322356.825,96707.04750000002,5
CUST01568,Priya Reddy,1,322266.45,96679.935,5
CUST02165,Priya Reddy,1,322252.6825,96675.80474999998,5
CUST01255,Amit Kumar,2,322151.78500000003,96645.5355,10
CUST01844,Swathi Rao,1,322141.0,96642.3,4
CUST00473,Rahul Sharma,1,322136.73750000005,96641.02125000002,5
CUST02446,Amit Kumar,1,322053.78,96616.13399999996,4
CUST00890,Anjali Gupta,2,321799.1965,96539.75895000002,5
CUST01892,Suresh Reddy,1,321624.12,96487.236,5
CUST01841,Vikram Rao,1,321505.9825,96451.79474999996,5
CUST02464,Rohit Joshi,1,321454.0875,96436.22624999998,5
CUST00798,Divya Nair,1,321168.514,96350.5542,4
CUST00661,Naveen Kumar,2,320888.13399999996,96266.4402,5
CUST00429,Kiran Kumar,1,320203.89,96061.16699999996,5
CUST01987,Neha Verma,1,320048.28,96014.48399999995,5
CUST01222,Anjali Gupta,1,319979.9625,95993.98875000002,5
CUST01553,Arjun Singh,1,319953.464,95986.03919999996,4
CUST00261,Amit Kumar,1,319761.68,95928.504,4
CUST02277,Vikram Rao,2,319742.897,95922.86910000003,7
CUST02172,Rohit Joshi,1,319543.94999999995,95863.18499999994,5
CUST01197,Amit Kumar,1,319520.56,95856.168,4
CUST00198,Rohit Joshi,1,319367.45,95810.23500000002,5
CUST02307,Naveen Kumar,1,319272.76,95781.828,4
CUST00949,Rohit Joshi,1,319128.522,95738.5566,4
CUST01984,Neha Verma,1,319115.6,95734.67999999996,4
CUST02176,Rahul Sharma,1,319029.732,95708.91959999996,4
CUST01904,Divya Nair,1,318978.3525,95693.50574999998,5
CUST00618,Divya Nair,1,318974.592,95692.3776,4
CUST01139,Rahul Sharma,1,318971.612,95691.48359999998,4
CUST01093,Suresh Reddy,1,318779.13800000004,95633.74140000004,4
CUST01945,Divya Nair,2,318653.3025,95595.99075,7
CUST00621,Vikram Rao,1,318642.96,95592.88800000004,4
CUST00143,Arjun Singh,2,318559.31999999995,95567.79599999996,10
CUST00881,Amit Kumar,1,318553.3875,95566.01625000002,5
CUST00917,Rahul Sharma,3,318506.401,95551.92030000003,8
CUST02444,Neha Verma,1,318465.728,95539.7184,4
CUST01545,Kiran Kumar,1,318378.656,95513.59680000004,4
CUST00227,Priya Reddy,2,318139.13550000003,95441.74065,5
CUST00443,Naveen Kumar,1,318010.688,95403.20639999997,4
CUST00418,Arjun Singh,1,317978.568,95393.57040000004,4
CUST01677,Vikram Rao,2,317976.7975,95393.03925,9
CUST02191,Priya Reddy,1,317779.05000000005,95333.71500000004,5
CUST02480,Rahul Sharma,1,317529.12,95258.736,4
CUST00980,Anjali Gupta,1,317200.744,95160.2232,4
CUST00183,Rahul Sharma,1,317035.71,95110.71299999996,5
CUST02429,Swathi Rao,1,316865.1,95059.52999999996,5
CUST00346,Suresh Reddy,1,316486.0,94945.8,5
CUST00992,Rahul Sharma,1,316373.616,94912.08479999998,4
CUST01167,Amit Kumar,1,316263.296,94878.98879999996,4
CUST02261,Neha Verma,1,316244.916,94873.47479999997,4
CUST02143,Vikram Rao,1,316124.45,94837.33500000002,5
CUST00425,Swathi Rao,1,316084.532,94825.3596,4
CUST00735,Sneha Patel,1,315899.76,94769.928,4
CUST02045,Anjali Gupta,2,315841.086,94752.32580000002,4
CUST01343,Pooja Mehta,1,315815.76,94744.728,4
CUST02081,Pooja Mehta,1,315731.5225,94719.45675,5
CUST00557,Priya Reddy,2,315692.35,94707.705,6
CUST00849,Swathi Rao,1,315639.07499999995,94691.7225,5
CUST02187,Arjun Singh,1,315604.1,94681.22999999998,5
CUST00228,Arjun Singh,1,315452.6,94635.77999999996,4
CUST01082,Pooja Mehta,1,315365.775,94609.7325,5
CUST00630,Swathi Rao,1,315304.44,94591.332,4
CUST00078,Sneha Patel,1,315288.9,94586.67,5
CUST01667,Neha Verma,1,315277.9125,94583.37374999996,5
CUST00799,Arjun Singh,1,315254.336,94576.3008,4
CUST01256,Neha Verma,1,315230.405,94569.12149999998,5
CUST00791,Vikram Rao,1,315069.05,94520.715,5
CUST00574,Swathi Rao,1,314950.46,94485.13799999998,5
CUST01911,Amit Kumar,1,314775.0,94432.5,4
CUST00234,Anjali Gupta,2,314752.07999999996,94425.62399999998,6
CUST01656,Amit Kumar,1,314610.525,94383.15750000004,5
CUST01757,Divya Nair,1,314238.656,94271.59680000004,4
CUST00836,Divya Nair,1,314086.378,94225.91339999996,4
CUST02451,Divya Nair,1,314070.156,94221.0468,4
CUST00966,Kiran Kumar,1,313965.468,94189.6404,4
CUST01058,Rahul Sharma,1,313946.048,94183.8144,4
CUST02052,Rohit Joshi,1,313548.7125,94064.61375000002,5
CUST00634,Suresh Reddy,1,313264.984,93979.4952,4
CUST01090,Rahul Sharma,1,313239.79,93971.93699999998,5
CUST01367,Divya Nair,1,312831.722,93849.5166,4
CUST01411,Rohit Joshi,1,312604.19999999995,93781.25999999998,5
CUST01869,Rahul Sharma,2,312534.31,93760.293,7
CUST02382,Sneha Patel,1,312344.44,93703.332,5
CUST00956,Sneha Patel,1,312096.0,93628.8,5
CUST01071,Sneha Patel,1,312009.516,93602.8548,4
CUST01526,Pooja Mehta,1,311936.796,93581.03879999998,4
CUST02146,Rohit Joshi,1,311873.4,93562.02000000002,5
CUST01352,Amit Kumar,1,311833.76,93550.128,5
CUST01376,Anjali Gupta,1,311685.615,93505.6845,5
CUST00026,Priya Reddy,3,311514.0685,93454.22055,7
CUST00125,Pooja Mehta,1,311502.07499999995,93450.62249999994,5
CUST01186,Sneha Patel,1,311393.592,93418.07760000002,4
CUST00127,Pooja Mehta,1,311364.92,93409.476,4
CUST01879,Kiran Kumar,1,311224.95,93367.48500000002,5
CUST00434,Rohit Joshi,1,311217.36,93365.20799999998,4
CUST02428,Neha Verma,1,310797.81999999995,93239.34599999996,4
CUST01750,Priya Reddy,2,310707.465,93212.23950000001,7
CUST01674,Swathi Rao,1,310665.68,93199.704,4
CUST01320,Sneha Patel,2,310583.97200000007,93175.19160000005,8
CUST00794,Neha Verma,1,310374.3,93112.28999999998,5
CUST02082,Pooja Mehta,1,310252.5675,93075.77025,5
CUST00740,Sneha Patel,1,310223.424,93067.0272,4
CUST01814,Pooja Mehta,1,310144.7425,93043.42275,5
CUST01291,Rohit Joshi,1,310118.58,93035.57400000002,4
CUST00456,Amit Kumar,1,310101.4875,93030.44624999998,5
CUST01376,Sneha Patel,1,309751.392,92925.4176,4
CUST01690,Sneha Patel,1,309746.4175,92923.92524999996,5
CUST02171,Suresh Reddy,1,309739.83,92921.94900000002,4
CUST02413,Naveen Kumar,1,309658.5325,92897.55975,5
CUST00032,Divya Nair,1,309453.30000000005,92835.99000000002,5
CUST01130,Rohit Joshi,2,309373.15,92811.94500000002,4
CUST01278,Neha Verma,1,309245.56,92773.668,4
CUST00099,Kiran Kumar,2,309209.009,92762.70270000001,5
CUST02308,Divya Nair,1,309096.375,92728.9125,5
CUST00035,Vikram Rao,1,309046.4,92713.92,4
CUST01005,Amit Kumar,1,309009.05,92702.715,5
CUST01150,Naveen Kumar,1,309008.7025,92702.61074999996,5
CUST02101,Arjun Singh,1,308941.482,92682.44460000002,4
CUST01978,Priya Reddy,1,308863.332,92658.99959999998,4
CUST02115,Swathi Rao,2,308743.074,92622.92219999999,7
CUST01925,Suresh Reddy,1,308715.72,92614.716,4
CUST00376,Naveen Kumar,1,308624.04,92587.21199999996,4
CUST00808,Rahul Sharma,1,308622.318,92586.69540000004,4
CUST02390,Vikram Rao,1,308592.0,92577.6,4
CUST00576,Amit Kumar,2,308548.6125,92564.58374999998,6
CUST02023,Amit Kumar,1,308540.88,92562.264,5
CUST01274,Amit Kumar,1,308278.816,92483.64479999998,4
CUST00091,Suresh Reddy,1,308203.5375,92461.06124999996,5
CUST01850,Divya Nair,1,308161.56,92448.468,5
CUST01211,Neha Verma,1,308046.975,92414.09249999996,5
CUST02296,Naveen Kumar,1,307986.75,92396.025,5
CUST00117,Swathi Rao,2,307978.4875,92393.54625,7
CUST01463,Amit Kumar,1,307950.25,92385.075,5
CUST00372,Neha Verma,2,307919.016,92375.7048,6
CUST01469,Rohit Joshi,1,307612.8375,92283.85124999998,5
CUST01161,Swathi Rao,1,307425.248,92227.5744,4
CUST02167,Neha Verma,1,307346.96,92204.08800000002,5
CUST02295,Divya Nair,1,307298.096,92189.42880000002,4
CUST01373,Priya Reddy,1,307216.435,92164.9305,5
CUST00886,Naveen Kumar,1,307154.368,92146.31040000002,4
CUST01111,Rohit Joshi,1,306955.575,92086.67250000002,5
CUST02053,Swathi Rao,2,306868.9665,92060.68995000001,5
CUST01775,Priya Reddy,1,306278.698,91883.6094,4
CUST01912,Kiran Kumar,1,306020.88,91806.264,5
CUST01130,Suresh Reddy,1,305931.52,91779.456,4
CUST01402,Arjun Singh,2,305838.35,91751.50500000002,9
CUST01935,Kiran Kumar,1,305823.5,91747.05,5
CUST00014,Kiran Kumar,1,305676.288,91702.8864,4
CUST00410,Neha Verma,1,305557.308,91667.19240000004,4
CUST00787,Arjun Singh,1,305345.48,91603.64399999996,4
CUST00540,Rahul Sharma,1,305128.404,91538.5212,4
CUST00346,Anjali Gupta,1,305079.92,91523.976,5
CUST00784,Neha Verma,1,304642.144,91392.64319999996,4
CUST01860,Amit Kumar,3,304065.224,91219.5672,8
CUST01592,Swathi Rao,2,303948.34500000003,91184.50350000002,6
CUST00934,Suresh Reddy,1,303622.84,91086.852,5
CUST01367,Naveen Kumar,2,303582.996,91074.89880000001,6
CUST00008,Priya Reddy,2,303459.047,91037.7141,5
CUST01845,Vikram Rao,1,303408.72,91022.61599999998,4
CUST01571,Pooja Mehta,1,303343.05600000004,91002.91680000004,4
CUST02218,Suresh Reddy,2,303222.805,90966.84150000001,6
CUST00416,Anjali Gupta,1,303067.52,90920.25600000002,4
CUST00219,Priya Reddy,1,302728.536,90818.56079999998,4
CUST01801,Vikram Rao,1,302396.025,90718.80750000002,5
CUST02055,Neha Verma,2,302391.1605,90717.34815,5
CUST00670,Naveen Kumar,1,302287.212,90686.1636,4
CUST00627,Sneha Patel,1,302206.09500000003,90661.82850000005,5
CUST00952,Kiran Kumar,1,302101.16,90630.34799999995,5
CUST01038,Amit Kumar,2,302074.423,90622.32690000001,4
CUST01898,Swathi Rao,1,302034.6,90610.37999999998,4
CUST00366,Suresh Reddy,1,301973.436,90592.03079999998,4
CUST01657,Anjali Gupta,1,301946.208,90583.86239999998,4
CUST01591,Rahul Sharma,1,301938.264,90581.47920000005,4
CUST00849,Suresh Reddy,1,301892.4,90567.72000000004,4
CUST00704,Vikram Rao,1,301828.5825,90548.57475000004,5
CUST00400,Rahul Sharma,1,301642.59400000004,90492.77820000004,4
CUST00830,Rahul Sharma,1,301462.938,90438.8814,4
CUST00885,Amit Kumar,1,301430.16000000003,90429.04800000004,4
CUST01244,Rahul Sharma,1,301408.884,90422.66520000002,4
CUST00908,Pooja Mehta,1,301136.04,90340.81199999998,5
CUST00626,Neha Verma,2,300986.015,90295.8045,5
CUST01909,Suresh Reddy,2,300764.124,90229.2372,7
CUST00913,Pooja Mehta,1,300708.56,90212.568,5
CUST00496,Priya Reddy,1,300688.05,90206.41499999998,5
CUST02454,Arjun Singh,1,300674.924,90202.4772,4
CUST00802,Rahul Sharma,1,300624.36,90187.308,4
CUST01473,Rohit Joshi,1,300533.48,90160.044,4
CUST01670,Pooja Mehta,1,300527.53,90158.25899999996,4
CUST01230,Neha Verma,2,300498.562,90149.56860000003,5
CUST02443,Neha Verma,1,300407.68,90122.304,4
CUST02421,Pooja Mehta,1,300401.88,90120.564,5
CUST01440,Divya Nair,1,300338.45,90101.535,5
CUST02245,Suresh Reddy,2,300137.7025,90041.31075000002,10
CUST01162,Vikram Rao,1,300126.492,90037.94760000001,4
CUST01807,Anjali Gupta,1,300069.24,90020.772,5
CUST00421,Sneha Patel,1,299933.24,89979.97199999998,4
CUST01316,Priya Reddy,1,299890.87200000003,89967.26160000003,4
CUST00657,Swathi Rao,1,299856.38500000007,89956.91550000003,5
CUST00560,Pooja Mehta,1,299756.388,89926.91639999999,4
CUST02100,Suresh Reddy,1,299692.4625,89907.73875000002,5
CUST02022,Suresh Reddy,1,299691.045,89907.31349999999,5
CUST01823,Priya Reddy,1,299562.016,89868.6048,4
CUST01789,Sneha Patel,1,299385.04250000004,89815.51275000005,5
CUST01391,Vikram Rao,2,299323.556,89797.0668,7
CUST01064,Rohit Joshi,1,299180.79,89754.23699999996,4
CUST00578,Priya Reddy,1,299134.822,89740.4466,4
CUST00850,Rahul Sharma,1,298866.12,89659.83599999998,5
CUST00351,Divya Nair,2,298604.73699999996,89581.42109999999,7
CUST01859,Vikram Rao,1,298536.85000000003,89561.05500000002,5
CUST02441,Naveen Kumar,2,298454.26,89536.27799999998,6
CUST00706,Rohit Joshi,1,298413.27,89523.98100000003,5
CUST00259,Anjali Gupta,1,298370.0,89511.0,5
CUST00748,Amit Kumar,1,298202.44,89460.73199999999,5
CUST00045,Suresh Reddy,1,298158.30000000005,89447.49000000002,5
CUST02482,Vikram Rao,1,297953.535,89386.06049999996,5
CUST01820,Rahul Sharma,1,297945.0,89383.5,5
CUST01239,Arjun Singh,1,297943.94999999995,89383.18499999994,5
CUST02252,Rahul Sharma,1,297891.78,89367.53399999996,3
CUST00071,Divya Nair,1,297719.552,89315.86560000002,4
CUST01174,Vikram Rao,1,297448.89,89234.66700000002,4
CUST01501,Kiran Kumar,1,297393.99,89218.19699999999,4
CUST00650,Swathi Rao,1,297229.76,89168.92800000001,5
CUST00685,Suresh Reddy,1,297186.39,89155.91699999996,5
CUST00321,Suresh Reddy,1,297165.624,89149.68720000001,4
CUST01388,Sneha Patel,2,297128.7975,89138.63925000004,4
CUST01952,Arjun Singh,1,297115.00800000003,89134.50240000003,4
CUST01174,Naveen Kumar,1,297093.12,89127.93599999999,5
CUST01834,Divya Nair,2,297081.92000000004,89124.57600000003,6
CUST00228,Neha Verma,2,297001.093,89100.3279,9
CUST01925,Anjali Gupta,1,296835.375,89050.61249999999,5
CUST01919,Rohit Joshi,1,296767.35,89030.20499999999,3
CUST00229,Naveen Kumar,1,296671.6,89001.47999999998,5
CUST00130,Rahul Sharma,2,296670.8025,89001.24075,5
CUST00891,Vikram Rao,1,296607.556,88982.26679999998,4
CUST01753,Sneha Patel,2,296490.033,88947.0099,7
CUST00490,Divya Nair,1,296482.45,88944.73500000002,5
CUST00542,Neha Verma,2,296378.19999999995,88913.46000000002,5
CUST00331,Priya Reddy,1,296355.808,88906.74240000002,4
CUST02458,Divya Nair,1,296268.9375,88880.68125,5
CUST00370,Rahul Sharma,1,296202.78,88860.83399999997,4
CUST02353,Rohit Joshi,1,296162.25,88848.67499999999,5
CUST00745,Anjali Gupta,1,296033.535,88810.06049999996,5
CUST00105,Rahul Sharma,1,296027.568,88808.27040000004,4
CUST01010,Neha Verma,1,295984.19999999995,88795.25999999998,3
CUST00540,Sneha Patel,1,295883.91000000003,88765.17300000004,4
CUST02401,Naveen Kumar,1,295765.92,88729.77599999998,4
CUST01702,Neha Verma,3,295735.789,88720.73670000001,9
CUST02419,Divya Nair,1,295641.344,88692.40319999997,4
CUST02223,Divya Nair,1,295605.01,88681.503,5
CUST00763,Rahul Sharma,1,295548.8,88664.63999999998,5
CUST00039,Suresh Reddy,1,295465.865,88639.75949999999,5
CUST02363,Kiran Kumar,1,295412.36600000004,88623.70980000001,4
CUST00494,Divya Nair,3,295211.811,88563.54329999999,10
CUST01625,Vikram Rao,1,295186.08,88555.82400000002,3
CUST00859,Anjali Gupta,2,295129.278,88538.78339999999,6
CUST02145,Arjun Singh,1,295057.25,88517.17499999999,5
CUST01233,Arjun Singh,2,295021.466,88506.43980000001,6
CUST00437,Neha Verma,1,294932.736,88479.82079999999,4
CUST00816,Arjun Singh,1,294922.29,88476.68699999998,4
CUST01959,Sneha Patel,1,294900.444,88470.13320000001,4
CUST00130,Swathi Rao,2,294885.4935,88465.64805000002,7
CUST02396,Priya Reddy,1,294875.85,88462.75499999998,5
CUST01195,Priya Reddy,2,294797.55449999997,88439.26634999999,5
CUST00452,Sneha Patel,1,294726.5625,88417.96875,5
CUST00078,Priya Reddy,1,294490.112,88347.03360000002,4
CUST02204,Vikram Rao,1,294413.8,88324.13999999998,4
CUST00215,Amit Kumar,3,294378.8965,88313.66895,5
CUST01233,Pooja Mehta,1,294375.384,88312.61520000003,4
CUST01307,Pooja Mehta,1,294309.108,88292.73240000001,4
CUST02423,Rohit Joshi,1,294286.496,88285.94879999998,4
CUST00496,Rohit Joshi,2,294132.373,88239.71190000001,6
CUST02099,Priya Reddy,1,294123.96,88237.18799999997,5
CUST00155,Arjun Singh,1,293914.952,88174.48559999999,4
CUST00521,Naveen Kumar,1,293534.55000000005,88060.36500000002,4
CUST00549,Kiran Kumar,1,293479.83,88043.94900000002,4
CUST01765,Rahul Sharma,1,293451.525,88035.45750000002,5
CUST00391,Sneha Patel,1,293399.71,88019.91299999997,5
CUST01118,Divya Nair,1,293288.65,87986.59500000003,5
CUST01999,Vikram Rao,1,293270.48500000004,87981.14550000001,5
CUST01252,Neha Verma,1,293265.0375,87979.51124999998,5
CUST00187,Suresh Reddy,1,293236.256,87970.8768,4
CUST00618,Kiran Kumar,1,293218.05000000005,87965.41500000004,4
CUST00844,Divya Nair,2,293162.592,87948.7776,7
CUST02138,Pooja Mehta,1,293139.576,87941.87280000001,4
CUST00276,Kiran Kumar,2,293136.092,87940.8276,8
CUST01961,Pooja Mehta,2,293091.103,87927.33090000002,6
CUST00700,Arjun Singh,1,292854.82499999995,87856.44749999998,5
CUST01704,Rahul Sharma,1,292826.252,87847.87559999997,4
CUST00223,Kiran Kumar,1,292776.07499999995,87832.82249999998,5
CUST01611,Neha Verma,2,292616.8615,87785.05845000001,7
CUST01600,Rohit Joshi,1,292576.15,87772.84500000003,5
CUST00162,Swathi Rao,2,292282.513,87684.75390000001,7
CUST00672,Arjun Singh,2,292236.81799999997,87671.04540000002,9
CUST01851,Sneha Patel,1,292224.64,87667.39200000002,4
CUST00051,Swathi Rao,2,292109.9235,87632.97705000003,5
CUST02459,Rahul Sharma,1,292032.9,87609.87000000002,5
CUST01831,Suresh Reddy,1,291968.96,87590.68800000002,4
CUST00564,Naveen Kumar,1,291963.42,87589.02599999998,4
CUST00784,Rahul Sharma,2,291942.515,87582.75450000001,6
CUST01381,Priya Reddy,2,291845.19,87553.557,8
CUST01187,Arjun Singh,2,291708.52100000007,87512.55630000007,7
CUST02453,Arjun Singh,1,291696.74,87509.022,4
CUST01634,Priya Reddy,1,291378.376,87413.5128,4
CUST01630,Arjun Singh,1,291345.06,87403.51800000001,3
CUST01524,Rohit Joshi,1,291188.68000000005,87356.60400000002,4
CUST01256,Rohit Joshi,1,291035.52,87310.65600000002,5
CUST02015,Priya Reddy,1,291020.48,87306.14399999997,4
CUST01108,Swathi Rao,1,291012.57,87303.77100000001,3
CUST02206,Arjun Singh,1,290909.56,87272.86799999999,5
CUST00628,Anjali Gupta,2,290634.052,87190.2156,6
CUST00592,Pooja Mehta,2,290633.5675,87190.07025,8
CUST01833,Naveen Kumar,1,290525.9125,87157.77374999996,5
CUST02034,Vikram Rao,1,290514.28,87154.28400000001,4
CUST01642,Anjali Gupta,2,290270.707,87081.2121,7
CUST02447,Amit Kumar,1,290176.332,87052.8996,4
CUST01937,Kiran Kumar,2,290145.071,87043.52130000001,8
CUST00208,Priya Reddy,2,290054.868,87016.46040000001,8
CUST02393,Naveen Kumar,1,289843.54000000004,86953.06200000003,4
CUST01372,Pooja Mehta,1,289793.4375,86938.03125,5
CUST01605,Kiran Kumar,1,289560.54,86868.16199999998,4
CUST01295,Kiran Kumar,1,289329.64,86798.89200000002,4
CUST00443,Divya Nair,1,289277.24399999995,86783.17319999996,4
CUST01089,Rahul Sharma,1,289249.8575,86774.95724999998,5
CUST00817,Suresh Reddy,1,289184.445,86755.33350000001,5
CUST01647,Priya Reddy,1,289148.376,86744.5128,4
CUST00376,Neha Verma,1,289075.038,86722.51139999999,4
CUST01260,Pooja Mehta,1,289045.58400000003,86713.67520000003,4
CUST02257,Suresh Reddy,1,288912.29000000004,86673.68700000003,4
CUST00356,Vikram Rao,1,288876.96,86663.08800000002,3
CUST01859,Swathi Rao,1,288745.38,86623.614,4
CUST01704,Swathi Rao,2,288713.135,86613.9405,9
CUST01923,Sneha Patel,2,288545.002,86563.5006,7
CUST00080,Naveen Kumar,1,288454.215,86536.26450000002,5
CUST00227,Naveen Kumar,3,288212.51050000003,86463.75315000003,10
CUST00032,Pooja Mehta,1,288202.725,86460.81749999998,5
CUST00438,Naveen Kumar,2,288066.352,86419.9056,5
CUST01098,Priya Reddy,2,287924.194,86377.25820000001,5
CUST01014,Vikram Rao,1,287843.456,86353.0368,4
CUST00997,Naveen Kumar,1,287791.52,86337.456,5
CUST01257,Suresh Reddy,2,287780.18,86334.05400000002,7
CUST01774,Suresh Reddy,2,287676.712,86303.0136,5
CUST02079,Priya Reddy,2,287626.815,86288.04450000002,8
CUST00932,Amit Kumar,1,287526.304,86257.89120000001,4
CUST01540,Swathi Rao,1,287482.14,86244.64199999996,5
CUST01490,Pooja Mehta,1,287330.51249999995,86199.15374999994,5
CUST02500,Divya Nair,1,287186.52,86155.956,5
CUST00785,Pooja Mehta,1,287183.655,86155.09649999996,5
CUST00456,Kiran Kumar,1,287176.0875,86152.82625000001,5
CUST00990,Rahul Sharma,1,287108.505,86132.5515,5
CUST02388,Rohit Joshi,1,287062.68,86118.804,4
CUST01097,Neha Verma,1,286937.506,86081.2518,4
CUST00782,Priya Reddy,1,286850.808,86055.24240000002,4
CUST00683,Naveen Kumar,1,286843.95,86053.185,5
CUST02484,Priya Reddy,1,286708.12,86012.43599999999,5
CUST01294,Anjali Gupta,1,286704.52,86011.35600000003,5
CUST01462,Rahul Sharma,1,286521.84,85956.55199999997,3
CUST01730,Swathi Rao,1,286407.67500000005,85922.30250000002,5
CUST01369,Suresh Reddy,2,286298.27,85889.481,5
CUST01665,Swathi Rao,1,286121.48,85836.44399999999,4
CUST00575,Suresh Reddy,2,286087.532,85826.25960000002,6
CUST00941,Arjun Singh,1,286055.08,85816.524,5
CUST00001,Amit Kumar,1,286011.142,85803.3426,4
CUST01237,Rahul Sharma,1,286006.4,85801.92000000001,4
CUST01228,Neha Verma,1,285964.32,85789.296,4
CUST02083,Swathi Rao,1,285905.52,85771.65600000002,5
CUST00619,Rohit Joshi,1,285878.358,85763.5074,4
CUST00078,Vikram Rao,1,285859.84,85757.95200000002,5
CUST00906,Divya Nair,1,285792.32,85737.696,5
CUST01589,Pooja Mehta,1,285788.82,85736.64600000001,3
CUST01863,Vikram Rao,1,285755.022,85726.5066,4
CUST01409,Sneha Patel,1,285743.52,85723.05600000001,5
CUST02228,Arjun Singh,2,285735.8075,85720.74225000001,6
CUST02125,Vikram Rao,1,285723.558,85717.06740000003,4
CUST01373,Divya Nair,2,285626.55,85687.96500000001,5
CUST01773,Pooja Mehta,1,285593.4,85678.02000000002,3
CUST01988,Kiran Kumar,1,285560.152,85668.04560000001,4
CUST02041,Amit Kumar,1,285546.06,85663.818,5
CUST01720,Anjali Gupta,1,285439.5,85631.85,4
CUST00736,Priya Reddy,1,285419.36,85625.80799999999,4
CUST00898,Arjun Singh,1,285171.87,85551.56099999999,4
CUST00645,Vikram Rao,1,285142.05000000005,85542.61500000002,3
CUST00445,Priya Reddy,1,285095.19,85528.557,4
CUST01685,Neha Verma,1,285059.48500000004,85517.84550000005,5
CUST01625,Sneha Patel,2,284928.08400000003,85478.42520000003,8
CUST01074,Priya Reddy,1,284856.22500000003,85456.86750000002,5
CUST00324,Rohit Joshi,1,284822.19,85446.657,3
CUST00262,Naveen Kumar,1,284768.704,85430.61120000001,4
CUST00954,Divya Nair,3,284740.184,85422.0552,5
CUST01595,Neha Verma,1,284715.81,85414.74299999999,3
CUST02203,Pooja Mehta,2,284604.66000000003,85381.39800000004,6
CUST00688,Anjali Gupta,1,284590.60000000003,85377.18000000002,5
CUST01225,Naveen Kumar,1,284458.38,85337.514,3
CUST01935,Neha Verma,1,284454.3,85336.28999999998,5
CUST02483,Amit Kumar,1,284399.2675,85319.78025000001,5
CUST01348,Divya Nair,1,284266.9515,85280.08545000001,3
CUST00669,Neha Verma,2,284257.665,85277.29950000002,7
CUST01891,Neha Verma,1,284250.39,85275.11700000003,4
CUST00095,Sneha Patel,3,284228.9245,85268.67735000001,10
CUST00155,Sneha Patel,1,284138.34,85241.50200000004,5
CUST00317,Amit Kumar,1,283971.48,85191.44399999999,3
CUST00886,Pooja Mehta,1,283929.369,85178.8107,3
CUST02316,Kiran Kumar,1,283706.1855,85111.85565000001,3
CUST02165,Rohit Joshi,2,283577.837,85073.35110000001,5
CUST01250,Kiran Kumar,1,283530.63249999995,85059.18974999996,5
CUST01885,Vikram Rao,1,283515.168,85054.55040000001,4
CUST02007,Naveen Kumar,1,283450.5,85035.15,4
CUST00177,Sneha Patel,1,283317.34500000003,84995.20350000003,5
CUST01847,Pooja Mehta,1,283306.76,84992.02800000002,5
CUST01344,Divya Nair,1,283133.05049999995,84939.91514999996,3
CUST01732,Vikram Rao,1,282978.6,84893.57999999999,5
CUST01647,Suresh Reddy,1,282959.43,84887.829,4
CUST02215,Divya Nair,1,282747.21,84824.16300000003,4
CUST00317,Pooja Mehta,1,282729.024,84818.70719999998,4
CUST01226,Divya Nair,2,282476.81799999997,84743.04540000002,8
CUST00872,Neha Verma,2,282451.74,84735.52200000001,7
CUST01496,Amit Kumar,1,282376.902,84713.0706,4
CUST01796,Divya Nair,1,282193.8,84658.13999999998,5
CUST00972,Divya Nair,1,282183.6,84655.07999999999,4
CUST01360,Suresh Reddy,1,281844.9975,84553.49925,5
CUST01272,Arjun Singh,1,281729.808,84518.94240000003,4
CUST01715,Kiran Kumar,1,281649.642,84494.89259999999,4
CUST02143,Sneha Patel,1,281570.8725,84471.26175,5
CUST00149,Suresh Reddy,1,281514.18399999995,84454.25519999996,4
CUST02118,Priya Reddy,1,281483.2,84444.96000000002,4
CUST00931,Anjali Gupta,1,281427.354,84428.20619999999,4
CUST01393,Amit Kumar,1,281230.666,84369.19980000003,4
CUST00144,Amit Kumar,1,281208.7875,84362.63624999998,5
CUST01679,Anjali Gupta,1,281065.76,84319.728,5
CUST00561,Rahul Sharma,1,281036.84,84311.05200000003,4
CUST01981,Neha Verma,2,280905.224,84271.5672,8
CUST01692,Rohit Joshi,1,280899.952,84269.98559999999,4
CUST00840,Swathi Rao,1,280894.455,84268.3365,5
CUST01313,Amit Kumar,2,280891.4165,84267.42495000002,5
CUST02225,Arjun Singh,1,280860.544,84258.16319999998,4
CUST02199,Kiran Kumar,1,280789.02,84236.706,4
CUST00635,Swathi Rao,1,280727.36250000005,84218.20875000002,5
CUST01779,Priya Reddy,2,280440.68,84132.20400000003,6
CUST01891,Rohit Joshi,1,280352.43,84105.72899999999,5
CUST00592,Naveen Kumar,1,280314.3175,84094.29525,5
CUST00726,Naveen Kumar,1,280179.18,84053.75399999999,5
CUST02064,Suresh Reddy,1,279977.58,83993.274,4
CUST01533,Divya Nair,1,279866.94,83960.082,3
CUST00861,Rohit Joshi,3,279861.2675,83958.38024999999,5
CUST02078,Rahul Sharma,1,279597.856,83879.35680000004,4
CUST01498,Naveen Kumar,3,279532.656,83859.79680000003,6
CUST00795,Arjun Singh,1,279402.96,83820.88800000004,4
CUST00052,Vikram Rao,1,279386.754,83816.02620000002,4
CUST01735,Kiran Kumar,2,279357.45,83807.23500000002,4
CUST00961,Pooja Mehta,1,279326.55000000005,83797.96500000005,4
CUST02233,Arjun Singh,1,279294.072,83788.22159999999,3
CUST00774,Anjali Gupta,1,279261.888,83778.56639999998,4
CUST00093,Naveen Kumar,1,279257.64,83777.29200000002,5
CUST01283,Anjali Gupta,1,279168.71,83750.61300000001,4
CUST01632,Rahul Sharma,1,279119.9655,83735.98965,3
CUST02083,Divya Nair,1,278936.71400000004,83681.01420000003,4
CUST00999,Divya Nair,1,278668.59,83600.57700000002,4
CUST01586,Amit Kumar,1,278597.04,83579.11199999996,4
CUST00913,Priya Reddy,1,278591.325,83577.39750000002,5
CUST01110,Divya Nair,1,278546.3,83563.88999999998,5
CUST02016,Naveen Kumar,1,278467.12,83540.136,5
CUST00420,Sneha Patel,1,278368.791,83510.63729999997,3
CUST01473,Sneha Patel,1,278221.18950000004,83466.35685000001,3
CUST01851,Kiran Kumar,1,277971.07200000004,83391.32160000005,4
CUST00580,Anjali Gupta,1,277913.22000000003,83373.96600000004,3
CUST01181,Kiran Kumar,1,277838.848,83351.6544,4
CUST00710,Priya Reddy,1,277831.23750000005,83349.37125000005,5
CUST00089,Priya Reddy,1,277734.88,83320.464,5
CUST02354,Anjali Gupta,1,277698.2725,83309.48174999998,5
CUST01757,Rahul Sharma,1,277509.96,83252.98800000001,3
CUST02163,Divya Nair,1,277472.5325,83241.75974999997,5
CUST02365,Suresh Reddy,1,277389.9,83216.97000000003,4
CUST00562,Naveen Kumar,3,277336.868,83201.06040000002,7
CUST02229,Amit Kumar,1,277320.352,83196.10560000001,4
CUST00197,Sneha Patel,1,277199.7875,83159.93624999997,5
CUST00442,Naveen Kumar,1,277106.28,83131.88400000002,5
CUST00228,Divya Nair,1,277042.635,83112.7905,5
CUST01248,Neha Verma,1,276913.23,83073.96899999998,3
CUST00244,Neha Verma,1,276891.825,83067.54750000002,5
CUST00302,Sneha Patel,1,276768.945,83030.68350000001,5
CUST01177,Neha Verma,2,276725.7325,83017.71974999999,7
CUST00667,Priya Reddy,1,276680.62200000003,83004.18660000004,4
CUST02229,Vikram Rao,1,276617.124,82985.1372,3
CUST01095,Sneha Patel,1,276458.4375,82937.53125,5
CUST01091,Naveen Kumar,1,276377.34,82913.20199999996,3
CUST02397,Priya Reddy,1,276351.96,82905.58799999996,4
CUST01601,Anjali Gupta,1,276319.12,82895.736,4
CUST00874,Priya Reddy,1,276306.8825,82892.06475000002,5
CUST01700,Amit Kumar,1,276294.96,82888.48800000001,3
CUST00814,Priya Reddy,1,276286.6,82885.97999999998,4
CUST02135,Rohit Joshi,1,276179.668,82853.90040000001,4
CUST01132,Neha Verma,2,276097.5785,82829.27355000001,7
CUST01674,Suresh Reddy,1,276025.94,82807.782,5
CUST01836,Sneha Patel,1,275955.64,82786.69200000001,5
CUST01538,Rahul Sharma,2,275828.2095,82748.46285000001,7
CUST01351,Vikram Rao,2,275790.21150000003,82737.06345000002,6
CUST01725,Pooja Mehta,1,275778.56,82733.568,4
CUST01225,Anjali Gupta,1,275555.52,82666.65600000002,4
CUST00864,Kiran Kumar,1,275545.25,82663.57500000001,5
CUST02279,Priya Reddy,1,275472.1225,82641.63675,5
CUST00340,Anjali Gupta,1,275395.328,82618.59839999999,4
CUST02362,Kiran Kumar,1,275229.84,82568.95200000002,4
CUST01975,Rohit Joshi,2,274827.655,82448.29650000001,6
CUST01304,Amit Kumar,1,274446.25,82333.875,5
CUST00183,Anjali Gupta,1,274428.09,82328.42699999997,5
CUST01181,Arjun Singh,1,274192.876,82257.8628,4
CUST00688,Arjun Singh,2,274187.8475,82256.35425,6
CUST02289,Kiran Kumar,1,274180.317,82254.09509999998,3
CUST01864,Kiran Kumar,1,274109.2875,82232.78624999998,5
CUST02128,Anjali Gupta,1,274087.12200000003,82226.13660000003,3
CUST01801,Anjali Gupta,1,274048.17,82214.45099999997,4
CUST00115,Kiran Kumar,1,274010.44999999995,82203.13499999998,5
CUST00111,Naveen Kumar,1,273850.94999999995,82155.285,5
CUST01709,Neha Verma,2,273840.66750000004,82152.20025000001,8
CUST02155,Kiran Kumar,1,273751.85000000003,82125.55500000002,5
CUST01295,Rohit Joshi,1,273642.37200000003,82092.71160000004,4
CUST01598,Neha Verma,1,273582.258,82074.67739999999,4
CUST02308,Vikram Rao,1,273457.766,82037.3298,4
CUST01394,Priya Reddy,1,273386.89400000003,82016.06820000004,4
CUST01032,Suresh Reddy,1,273336.96,82001.08800000002,4
CUST00623,Divya Nair,1,273336.375,82000.9125,5
CUST01072,Suresh Reddy,1,273322.2175,81996.66524999996,5
CUST02091,Naveen Kumar,4,273297.953,81989.38590000001,7
CUST00607,Suresh Reddy,1,273198.208,81959.46239999999,4
CUST02213,Kiran Kumar,1,273024.25,81907.275,4
CUST01082,Priya Reddy,1,272980.315,81894.0945,5
CUST02145,Naveen Kumar,1,272827.80000000005,81848.34000000005,3
CUST01835,Rohit Joshi,1,272593.696,81778.10879999999,4
CUST01186,Priya Reddy,1,272335.436,81700.63079999998,4
CUST01848,Pooja Mehta,3,272235.128,81670.53840000002,7
CUST02342,Rohit Joshi,1,271926.66000000003,81577.99800000002,4
CUST01532,Priya Reddy,1,271497.5,81449.25,5
CUST01442,Sneha Patel,2,271483.907,81445.1721,6
CUST02356,Arjun Singh,4,271448.478,81434.54340000001,10
CUST02257,Amit Kumar,1,271353.376,81406.0128,4
CUST00446,Pooja Mehta,1,271207.77,81362.331,4
CUST01409,Naveen Kumar,2,271129.515,81338.85449999999,4
CUST01173,Neha Verma,2,271020.75,81306.225,5
CUST02208,Sneha Patel,1,271001.335,81300.40049999996,5
CUST00377,Naveen Kumar,1,270975.2625,81292.57875000002,5
CUST00976,Naveen Kumar,1,270902.97000000003,81270.89100000003,3
CUST01111,Suresh Reddy,2,270852.73350000003,81255.82005000002,6
CUST00025,Suresh Reddy,1,270771.128,81231.33839999998,4
CUST00555,Anjali Gupta,1,270698.73,81209.61899999998,4
CUST02022,Neha Verma,1,270651.904,81195.57119999998,4
CUST01866,Arjun Singh,2,270647.528,81194.2584,6
CUST00048,Amit Kumar,1,270631.77,81189.53100000002,4
CUST01173,Divya Nair,1,270580.2,81174.06,4
CUST01397,Swathi Rao,1,270495.66000000003,81148.69800000003,3
CUST01267,Priya Reddy,1,270430.624,81129.18720000001,4
CUST01899,Pooja Mehta,1,270335.64,81100.69200000001,5
CUST01754,Anjali Gupta,1,270261.12,81078.33599999998,5
CUST01367,Arjun Singh,2,270089.962,81026.98860000001,8
CUST02316,Swathi Rao,1,269922.634,80976.79019999996,4
CUST00094,Rohit Joshi,1,269819.24,80945.772,4
CUST01279,Rahul Sharma,1,269760.32,80928.09600000002,4
CUST01848,Divya Nair,1,269661.25,80898.375,5
CUST00593,Neha Verma,1,269639.77599999995,80891.93279999998,4
CUST00111,Arjun Singh,1,269617.3625,80885.20874999999,5
CUST02112,Anjali Gupta,1,269584.29000000004,80875.28700000001,5
CUST02064,Divya Nair,1,269356.7205,80807.01614999998,3
CUST02072,Sneha Patel,1,269322.245,80796.6735,5
CUST02251,Priya Reddy,1,269214.4485,80764.33455,3
CUST02409,Arjun Singh,1,269176.8,80753.03999999998,5
CUST02369,Priya Reddy,1,269070.84,80721.25199999998,5
CUST00993,Arjun Singh,1,269006.94,80702.082,4
CUST01302,Arjun Singh,3,268963.28,80688.98400000001,8
CUST02454,Sneha Patel,1,268799.46,80639.83800000002,4
CUST02443,Vikram Rao,1,268731.66000000003,80619.49800000002,4
CUST02220,Kiran Kumar,1,268681.995,80604.5985,5
CUST00406,Pooja Mehta,1,268650.063,80595.01889999997,3
CUST00124,Rahul Sharma,1,268542.336,80562.70080000002,4
CUST00648,Priya Reddy,2,268407.175,80522.1525,6
CUST01957,Kiran Kumar,1,267922.2,80376.66,5
CUST01148,Naveen Kumar,2,267758.4405,80327.53215000001,4
CUST01468,Naveen Kumar,2,267567.184,80270.1552,5
CUST00297,Swathi Rao,1,267518.241,80255.4723,3
CUST00453,Rohit Joshi,1,267468.032,80240.40960000001,4
CUST00875,Amit Kumar,1,267379.3,80213.78999999998,5
CUST02390,Sneha Patel,1,267349.4,80204.82000000004,5
CUST02038,Neha Verma,1,267319.3475,80195.80424999999,5
CUST02234,Rohit Joshi,1,267305.338,80191.60139999999,4
CUST00714,Anjali Gupta,1,267210.396,80163.1188,4
CUST01416,Neha Verma,2,267200.61600000004,80160.18480000002,5
CUST02189,Pooja Mehta,1,267180.2,80154.06,5
CUST02315,Vikram Rao,1,267172.68,80151.804,4
CUST01950,Swathi Rao,1,267022.39,80106.717,4
CUST00046,Suresh Reddy,1,266975.92,80092.77599999998,4
CUST02328,Arjun Singh,2,266852.9265,80055.87795000001,4
CUST01490,Sneha Patel,2,266690.554,80007.1662,7
CUST00892,Naveen Kumar,1,266608.79000000004,79982.63700000005,5
CUST01014,Rohit Joshi,1,266540.67,79962.20099999997,5
CUST01546,Divya Nair,2,266487.98099999997,79946.3943,5
CUST00047,Suresh Reddy,1,266484.132,79945.23959999997,4
CUST02416,Amit Kumar,2,266462.688,79938.8064,8
CUST01533,Priya Reddy,1,266456.076,79936.8228,4
CUST01372,Amit Kumar,1,266448.495,79934.5485,3
CUST00707,Pooja Mehta,1,266080.384,79824.11519999997,4
CUST01723,Amit Kumar,1,266066.66,79819.99799999996,4
CUST02228,Naveen Kumar,1,266034.465,79810.33949999997,5
CUST01714,Divya Nair,1,265891.8615,79767.55845000001,3
CUST01722,Pooja Mehta,2,265875.359,79762.60770000001,5
CUST01674,Pooja Mehta,1,265843.3545,79753.00635000001,3
CUST02074,Arjun Singh,1,265641.09,79692.32699999996,4
CUST00271,Amit Kumar,2,265617.104,79685.13119999999,5
CUST01322,Priya Reddy,1,265552.6875,79665.80625,5
CUST00052,Arjun Singh,1,265440.0375,79632.01124999998,5
CUST01154,Kiran Kumar,1,265412.0,79623.6,4
CUST01592,Amit Kumar,1,265380.512,79614.15359999999,4
CUST01727,Swathi Rao,1,265339.434,79601.8302,4
CUST01736,Vikram Rao,1,265128.04799999995,79538.41439999998,4
CUST00320,Pooja Mehta,2,265087.7725,79526.33175000001,5
CUST02134,Suresh Reddy,1,265052.48,79515.74399999998,4
CUST00965,Sneha Patel,1,264956.85000000003,79487.05500000002,5
CUST02475,Kiran Kumar,1,264816.25200000004,79444.87560000003,4
CUST00333,Neha Verma,1,264679.83,79403.94900000002,3
CUST01392,Naveen Kumar,1,264642.56,79392.76800000001,4
CUST00510,Suresh Reddy,2,264639.912,79391.9736,6
CUST02471,Naveen Kumar,1,264573.16,79371.94799999997,5
CUST00197,Vikram Rao,1,264490.773,79347.23189999998,3
CUST00926,Naveen Kumar,1,264470.43,79341.12899999999,4
CUST00753,Divya Nair,1,264459.45,79337.83500000002,5
CUST01245,Kiran Kumar,2,264379.6755,79313.90265,8
CUST02098,Naveen Kumar,1,264327.28,79298.18400000004,4
CUST01782,Amit Kumar,2,264314.629,79294.38870000001,5
CUST01487,Swathi Rao,1,264289.5,79286.85,4
CUST02423,Divya Nair,1,264252.69200000004,79275.80760000003,4
CUST01212,Kiran Kumar,1,264195.385,79258.61550000001,5
CUST01396,Kiran Kumar,1,264084.69,79225.407,4
CUST01283,Suresh Reddy,1,264025.98,79207.794,3
CUST00894,Divya Nair,1,264008.385,79202.51550000001,5
CUST02208,Suresh Reddy,1,263940.25749999995,79182.07725,5
CUST02369,Suresh Reddy,1,263918.547,79175.56410000002,3
CUST00918,Rahul Sharma,1,263862.015,79158.60450000002,5
CUST01578,Priya Reddy,1,263788.524,79136.55719999998,4
CUST00449,Neha Verma,1,263626.9,79088.07000000004,4
CUST02213,Swathi Rao,1,263574.48,79072.34399999998,4
CUST01132,Divya Nair,1,263477.66199999995,79043.29859999998,4
CUST01125,Sneha Patel,2,263455.7955,79036.73865000003,6
CUST00507,Rohit Joshi,2,263258.989,78977.6967,7
CUST01852,Sneha Patel,1,263195.4,78958.62000000002,3
CUST01462,Priya Reddy,2,263167.4035,78950.22105000001,5
CUST02302,Vikram Rao,1,262985.0895,78895.52685,3
CUST01472,Swathi Rao,1,262945.598,78883.6794,4
CUST00467,Swathi Rao,1,262765.59,78829.67699999997,4
CUST00469,Priya Reddy,2,262681.734,78804.52020000001,6
CUST02242,Pooja Mehta,1,262670.72,78801.21599999999,5
CUST00085,Rohit Joshi,2,262620.396,78786.1188,5
CUST02337,Suresh Reddy,1,262248.228,78674.46840000001,4
CUST01162,Rohit Joshi,1,262119.022,78635.7066,4
CUST01664,Kiran Kumar,1,262079.0625,78623.71875,5
CUST02476,Swathi Rao,1,262052.658,78615.79739999998,3
CUST00592,Priya Reddy,1,262052.13,78615.639,4
CUST01013,Rahul Sharma,1,261906.948,78572.08439999996,4
CUST00585,Neha Verma,1,261630.048,78489.01440000001,4
CUST01256,Rahul Sharma,1,261544.455,78463.3365,5
CUST00685,Priya Reddy,1,261540.444,78462.13320000001,4
CUST00550,Sneha Patel,1,261530.7,78459.21000000002,5
CUST02076,Priya Reddy,1,261440.76,78432.22799999997,4
CUST00395,Vikram Rao,1,261352.9125,78405.87374999997,5
CUST00955,Suresh Reddy,1,261260.172,78378.0516,4
CUST01210,Priya Reddy,1,261182.97749999995,78354.89324999994,3
CUST02225,Rohit Joshi,2,261152.098,78345.62939999999,5
CUST00353,Rohit Joshi,1,261032.91,78309.87299999999,4
CUST02414,Divya Nair,1,260864.415,78259.32449999999,3
CUST01940,Kiran Kumar,1,260747.2695,78224.18085,3
CUST00704,Anjali Gupta,1,260595.184,78178.55519999997,4
CUST00836,Sneha Patel,1,260466.651,78139.99530000001,3
CUST00205,Vikram Rao,2,260451.99,78135.59700000001,10
CUST01641,Kiran Kumar,1,260386.24500000005,78115.87350000002,3
CUST00607,Pooja Mehta,1,260161.7,78048.50999999998,5
CUST01189,Pooja Mehta,1,260106.444,78031.93319999997,4
CUST02219,Kiran Kumar,1,259883.454,77965.0362,4
CUST01691,Swathi Rao,1,259768.636,77930.59079999998,4
CUST01710,Amit Kumar,1,259570.41,77871.12299999999,4
CUST02476,Rohit Joshi,1,259546.35,77863.90499999997,4
CUST00256,Swathi Rao,1,259517.94,77855.38200000001,4
CUST01089,Naveen Kumar,2,259477.223,77843.16690000001,9
CUST01656,Sneha Patel,1,259468.53,77840.55899999998,4
CUST01929,Amit Kumar,1,259465.5105,77839.65314999997,3
CUST00358,Arjun Singh,1,259208.52,77762.55599999998,4
CUST01791,Neha Verma,1,259064.7,77719.41,5
CUST00052,Rohit Joshi,1,259032.72,77709.81599999999,4
CUST02488,Anjali Gupta,1,259004.72000000003,77701.41600000003,5
CUST00175,Naveen Kumar,2,258853.20299999998,77655.9609,4
CUST01755,Sneha Patel,2,258849.8935,77654.96805000002,6
CUST02355,Swathi Rao,2,258761.74500000002,77628.52350000004,7
CUST00041,Vikram Rao,1,258755.7,77626.70999999999,3
CUST02417,Rahul Sharma,2,258699.795,77609.93850000003,5
CUST00139,Suresh Reddy,3,258641.467,77592.4401,8
CUST01719,Anjali Gupta,1,258537.3,77561.19000000003,3
CUST00226,Naveen Kumar,1,258452.02,77535.60600000003,4
CUST02289,Amit Kumar,1,258426.68,77528.00399999999,4
CUST00935,Sneha Patel,1,258399.9525,77519.98574999996,3
CUST01171,Rohit Joshi,1,258322.16250000003,77496.64875000002,5
CUST00767,Naveen Kumar,1,258318.8985,77495.66955000002,3
CUST00077,Divya Nair,1,258223.923,77467.17690000002,3
CUST02343,Rahul Sharma,2,258095.462,77428.6386,5
CUST01799,Vikram Rao,1,257942.976,77382.89279999997,4
CUST01993,Rohit Joshi,1,257747.25,77324.17499999999,4
CUST00426,Pooja Mehta,1,257705.766,77311.7298,3
CUST00807,Sneha Patel,1,257698.5105,77309.55314999996,3
CUST01521,Pooja Mehta,1,257618.9385,77285.68155000001,3
CUST00937,Vikram Rao,2,257571.89549999998,77271.56865,6
CUST01287,Priya Reddy,1,257487.468,77246.24039999998,3
CUST00701,Vikram Rao,2,257406.74599999998,77222.02380000001,5
CUST00728,Swathi Rao,1,257356.676,77207.00280000002,4
CUST01594,Amit Kumar,1,257173.83,77152.149,5
CUST01942,Vikram Rao,2,257138.1,77141.43000000001,5
CUST01223,Rohit Joshi,1,257118.83,77135.649,4
CUST00630,Sneha Patel,1,257042.67,77112.801,4
CUST01244,Kiran Kumar,1,257018.036,77105.41080000001,4
CUST01228,Rahul Sharma,1,256968.992,77090.69760000001,4
CUST00908,Priya Reddy,2,256920.162,77076.0486,5
CUST01963,Kiran Kumar,1,256811.125,77043.33750000002,5
CUST00898,Rohit Joshi,1,256766.7125,77030.01375000001,5
CUST00212,Vikram Rao,1,256661.388,76998.41640000002,4
CUST00038,Kiran Kumar,2,256434.4975,76930.34925000001,9
CUST00492,Priya Reddy,1,256357.476,76907.2428,4
CUST01482,Kiran Kumar,2,256023.57200000001,76807.0716,5
CUST00057,Sneha Patel,1,255955.46,76786.638,5
CUST00270,Divya Nair,1,255955.167,76786.55010000002,3
CUST02443,Anjali Gupta,1,255869.55,76760.86500000002,3
CUST00478,Divya Nair,1,255811.6,76743.48000000001,5
CUST02033,Rohit Joshi,2,255749.3345,76724.80035000003,6
CUST02252,Suresh Reddy,2,255710.787,76713.23610000001,7
CUST01933,Swathi Rao,1,255527.25,76658.17500000002,4
CUST00065,Kiran Kumar,1,255438.831,76631.64929999999,3
CUST01426,Pooja Mehta,1,255267.622,76580.28660000002,4
CUST00757,Pooja Mehta,1,255240.6705,76572.20115000001,3
CUST00854,Pooja Mehta,1,255150.484,76545.1452,4
CUST01671,Rohit Joshi,1,255124.53,76537.359,3
CUST02132,Neha Verma,1,254928.72750000004,76478.61825000003,5
CUST00419,Arjun Singh,1,254917.074,76475.12220000001,3
CUST01321,Vikram Rao,1,254911.04,76473.312,4
CUST01785,Sneha Patel,1,254750.0575,76425.01725,5
CUST02427,Divya Nair,1,254744.736,76423.42079999999,4
CUST02235,Priya Reddy,1,254692.512,76407.7536,3
CUST01424,Suresh Reddy,1,254588.838,76376.6514,4
CUST00476,Naveen Kumar,2,254292.61250000002,76287.78375,8
CUST00454,Sneha Patel,1,254281.24,76284.372,5
CUST00463,Kiran Kumar,1,254279.16600000003,76283.74980000002,4
CUST01569,Swathi Rao,1,254274.525,76282.35750000001,3
CUST00904,Priya Reddy,1,254226.48,76267.94400000002,4
CUST01474,Naveen Kumar,1,254219.373,76265.8119,3
CUST01779,Suresh Reddy,1,254069.9385,76220.98155,3
CUST02011,Divya Nair,1,254014.74,76204.42200000002,3
CUST02379,Naveen Kumar,1,253976.52,76192.956,4
CUST00183,Sneha Patel,1,253891.1625,76167.34875,5
CUST00287,Kiran Kumar,1,253830.044,76149.01320000002,4
CUST00548,Naveen Kumar,1,253786.572,76135.97160000002,3
CUST01802,Arjun Singh,1,253747.05,76124.11500000002,4
CUST01547,Kiran Kumar,2,253682.649,76104.79470000001,8
CUST01217,Pooja Mehta,1,253591.965,76077.5895,5
CUST01326,Arjun Singh,1,253411.5,76023.45000000001,3
CUST00802,Arjun Singh,1,253409.786,76022.9358,4
CUST01872,Kiran Kumar,1,253268.6265,75980.58795000002,3
CUST00477,Vikram Rao,1,253249.524,75974.8572,4
CUST01209,Pooja Mehta,1,253211.7555,75963.52665000001,3
CUST01768,Rahul Sharma,1,253195.04,75958.51200000002,4
CUST01155,Rahul Sharma,1,253144.512,75943.35360000003,4
CUST02068,Divya Nair,1,253103.99,75931.19700000001,4
CUST02152,Vikram Rao,2,253040.649,75912.1947,5
CUST01331,Suresh Reddy,1,253040.48,75912.144,4
CUST02293,Swathi Rao,1,253012.761,75903.8283,3
CUST01122,Neha Verma,1,252991.555,75897.46650000001,5
CUST02465,Neha Verma,1,252947.85,75884.35500000001,3
CUST01499,Arjun Singh,2,252920.32650000002,75876.09795000002,5
CUST00282,Priya Reddy,2,252840.1395,75852.04185000001,6
CUST00954,Anjali Gupta,1,252838.8045,75851.64135000002,3
CUST01957,Swathi Rao,1,252824.61,75847.383,4
CUST00872,Suresh Reddy,2,252807.51,75842.253,5
CUST01235,Priya Reddy,1,252804.246,75841.27380000002,4
CUST02191,Amit Kumar,1,252724.23,75817.269,5
CUST00034,Divya Nair,2,252648.776,75794.63280000002,4
CUST01762,Swathi Rao,1,252596.43,75778.929,4
CUST00554,Anjali Gupta,1,252481.52,75744.456,4
CUST01616,Suresh Reddy,1,252409.696,75722.9088,4
CUST00349,Anjali Gupta,1,252366.284,75709.88520000002,4
CUST00325,Naveen Kumar,1,252348.102,75704.43060000002,3
CUST00077,Sneha Patel,2,252342.69249999998,75702.80775000002,5
CUST00539,Naveen Kumar,1,252296.706,75689.01180000001,3
CUST01066,Rohit Joshi,1,252143.88,75643.16400000002,4
CUST02065,Swathi Rao,1,252137.638,75641.29140000002,4
CUST02461,Swathi Rao,1,251886.5265,75565.95795000001,3
CUST00666,Priya Reddy,1,251782.5,75534.75,5
CUST01402,Kiran Kumar,1,251743.83,75523.149,3
CUST01231,Swathi Rao,2,251669.43,75500.82900000003,10
CUST00772,Pooja Mehta,1,251590.98,75477.29400000002,4
CUST00162,Rahul Sharma,1,251567.53,75470.25900000002,4
CUST01575,Amit Kumar,2,251478.31999999998,75443.49599999998,9
CUST00382,Vikram Rao,1,251457.24,75437.17200000002,5
CUST00973,Anjali Gupta,1,251384.715,75415.41450000001,3
CUST01201,Pooja Mehta,1,251225.361,75367.60829999999,3
CUST01548,Naveen Kumar,1,251024.724,75307.4172,3
CUST02369,Kiran Kumar,2,250897.22999999998,75269.16900000002,8
CUST01481,Rahul Sharma,1,250850.692,75255.2076,4
CUST01300,Arjun Singh,1,250755.882,75226.7646,4
CUST02080,Amit Kumar,1,250740.44,75222.13200000001,5
CUST00358,Pooja Mehta,2,250723.95,75217.185,5
CUST00524,Priya Reddy,1,250704.16,75211.24800000002,4
CUST02208,Kiran Kumar,1,250688.28750000003,75206.48625000002,5
CUST01914,Neha Verma,1,250604.96,75181.48800000001,5
CUST00220,Swathi Rao,1,250600.77,75180.231,4
CUST01215,Sneha Patel,1,250497.516,75149.25480000002,4
CUST00983,Neha Verma,1,250435.53,75130.65900000001,3
CUST02413,Amit Kumar,2,250387.436,75116.23080000002,7
CUST00887,Rohit Joshi,1,250336.362,75100.90860000002,4
CUST00347,Sneha Patel,1,250316.298,75094.88940000001,4
CUST00263,Pooja Mehta,1,250208.84,75062.652,5
CUST01252,Priya Reddy,2,250090.167,75027.0501,6
CUST00338,Kiran Kumar,1,250017.64000000004,75005.29200000002,5
CUST00886,Anjali Gupta,2,249906.0475,74971.81425000001,6
CUST01813,Naveen Kumar,1,249892.83,74967.84899999999,3
CUST01561,Rohit Joshi,1,249862.804,74958.84120000002,4
CUST00999,Suresh Reddy,1,249803.78,74941.13400000002,4
CUST02106,Kiran Kumar,1,249696.5,74908.95000000001,5
CUST01043,Swathi Rao,1,249682.04,74904.612,4
CUST01363,Kiran Kumar,1,249520.16,74856.04800000001,5
CUST02121,Pooja Mehta,1,249407.79,74822.337,4
CUST01481,Vikram Rao,1,249372.825,74811.8475,5
CUST01961,Priya Reddy,2,249348.691,74804.60729999999,6
CUST02379,Neha Verma,1,249274.4,74782.32,4
CUST00227,Rohit Joshi,1,249272.55,74781.76500000001,5
CUST01115,Swathi Rao,1,249269.67,74780.90100000001,5
CUST00307,Anjali Gupta,1,249184.29,74755.28700000001,3
CUST01417,Divya Nair,1,249087.231,74726.16930000001,3
CUST01929,Rahul Sharma,1,249042.12,74712.636,3
CUST02428,Arjun Singh,1,249003.801,74701.1403,3
CUST00568,Rahul Sharma,1,248950.0365,74685.01095,3
CUST01267,Amit Kumar,1,248876.4045,74662.92135000002,3
CUST02309,Suresh Reddy,1,248856.975,74657.0925,5
CUST01763,Neha Verma,1,248801.976,74640.59280000001,4
CUST00231,Sneha Patel,1,248751.0,74625.30000000002,4
CUST00022,Amit Kumar,1,248716.1085,74614.83255000002,3
CUST01105,Swathi Rao,1,248692.95,74607.88500000001,3
CUST01595,Vikram Rao,1,248654.36,74596.30800000002,4
CUST01451,Divya Nair,1,248634.27200000003,74590.28160000002,4
CUST00447,Rohit Joshi,1,248610.022,74583.00660000005,4
CUST02463,Arjun Singh,1,248441.706,74532.51180000001,3
CUST00050,Kiran Kumar,1,248357.02400000003,74507.10720000003,4
CUST00228,Swathi Rao,2,248291.52500000002,74487.4575,4
CUST01265,Naveen Kumar,1,248129.892,74438.9676,4
CUST01298,Priya Reddy,1,248107.3925,74432.21775000001,5
CUST00445,Rohit Joshi,2,248082.62099999998,74424.78629999998,6
CUST01272,Amit Kumar,1,248069.2875,74420.78625,5
CUST01463,Swathi Rao,2,248065.03949999998,74419.51185000001,5
CUST00528,Neha Verma,2,247951.44299999997,74385.4329,4
CUST00066,Sneha Patel,1,247888.539,74366.56170000002,3
CUST02197,Naveen Kumar,2,247766.367,74329.91010000001,4
CUST00327,Neha Verma,2,247590.945,74277.28350000002,6
CUST02469,Swathi Rao,2,247543.4985,74263.04955000001,5
CUST00526,Swathi Rao,1,247385.6575,74215.69725,5
CUST00205,Suresh Reddy,3,247329.2065,74198.76195000001,5
CUST02408,Neha Verma,1,247224.744,74167.42319999999,4
CUST00002,Arjun Singh,1,247217.43,74165.22900000002,4
CUST01561,Arjun Singh,2,247130.5,74139.15000000001,6
CUST01530,Anjali Gupta,2,246971.52899999998,74091.45870000002,8
CUST00513,Sneha Patel,1,246934.56,74080.36800000002,4
CUST00443,Vikram Rao,1,246899.76,74069.92800000001,5
CUST02116,Priya Reddy,1,246898.179,74069.45370000001,3
CUST01629,Rohit Joshi,1,246887.04,74066.11199999996,5
CUST00929,Arjun Singh,1,246831.5,74049.45000000001,4
CUST00611,Suresh Reddy,1,246827.505,74048.25150000001,5
CUST01800,Rahul Sharma,1,246820.95,74046.285,5
CUST02500,Vikram Rao,1,246719.01,74015.70300000001,4
CUST01380,Arjun Singh,1,246615.345,73984.6035,5
CUST02256,Amit Kumar,1,246604.7145,73981.41435,3
CUST01538,Divya Nair,1,246592.548,73977.76440000001,3
CUST02198,Kiran Kumar,1,246549.672,73964.90160000001,4
CUST00468,Swathi Rao,1,246529.376,73958.81280000001,4
CUST01391,Neha Verma,1,246524.7,73957.41,3
CUST01165,Naveen Kumar,1,246523.44,73957.032,3
CUST01032,Arjun Singh,1,246473.358,73942.0074,4
CUST01050,Vikram Rao,2,246422.1575,73926.64725000001,6
CUST01258,Amit Kumar,2,246306.852,73892.0556,5
CUST02252,Kiran Kumar,1,246236.55,73870.96500000003,5
CUST00840,Priya Reddy,1,246195.25200000004,73858.57560000001,4
CUST02473,Divya Nair,1,246121.326,73836.3978,4
CUST02211,Suresh Reddy,1,246056.94,73817.08200000002,4
CUST00220,Amit Kumar,1,246022.725,73806.8175,5
CUST00211,Rahul Sharma,1,245883.87,73765.16100000002,5
CUST00072,Sneha Patel,1,245835.3,73750.59000000003,5
CUST01755,Swathi Rao,1,245702.106,73710.6318,3
CUST01723,Rohit Joshi,3,245685.176,73705.5528,5
CUST02212,Suresh Reddy,1,245674.971,73702.4913,3
CUST01566,Arjun Singh,1,245569.792,73670.9376,4
CUST01514,Naveen Kumar,1,245568.16,73670.448,4
CUST02018,Priya Reddy,1,245559.72000000003,73667.91600000003,5
CUST02256,Pooja Mehta,1,245544.2675,73663.28025000001,5
CUST01312,Anjali Gupta,1,245523.2055,73656.96165000001,3
CUST00077,Amit Kumar,1,245474.39,73642.31700000001,4
CUST00880,Divya Nair,1,245196.84,73559.052,4
CUST02417,Neha Verma,1,245139.099,73541.7297,3
CUST01026,Divya Nair,1,245103.28,73530.984,4
CUST01816,Kiran Kumar,1,245029.29,73508.78700000001,4
CUST00240,Sneha Patel,2,244998.30599999998,73499.4918,4
CUST00573,Divya Nair,1,244958.025,73487.40750000003,5
CUST00446,Naveen Kumar,1,244944.01,73483.20300000001,4
CUST02500,Suresh Reddy,1,244883.22000000003,73464.96600000001,4
CUST00247,Amit Kumar,1,244751.7585,73425.52755,3
CUST00257,Anjali Gupta,1,244705.04,73411.51200000002,5
CUST02083,Amit Kumar,1,244697.65,73409.29500000001,5
CUST02484,Vikram Rao,1,244448.414,73334.52420000001,4
CUST02310,Divya Nair,1,244273.238,73281.97140000001,4
CUST01878,Suresh Reddy,1,244160.4,73248.12000000002,4
CUST00285,Naveen Kumar,1,244096.05900000004,73228.81770000001,3
CUST01673,Neha Verma,1,243937.143,73181.1429,3
CUST00510,Swathi Rao,2,243861.498,73158.44940000001,7
CUST01529,Naveen Kumar,1,243802.84,73140.85200000001,5
CUST00374,Arjun Singh,1,243783.52,73135.05600000001,5
CUST00024,Naveen Kumar,1,243773.76,73132.12800000003,5
CUST01540,Pooja Mehta,1,243688.76,73106.62800000003,5
CUST00688,Amit Kumar,1,243535.167,73060.55010000002,3
CUST02281,Pooja Mehta,2,243449.243,73034.77290000001,3
CUST00989,Rahul Sharma,1,243448.227,73034.4681,3
CUST00550,Amit Kumar,1,243415.52,73024.65600000002,4
CUST02075,Kiran Kumar,2,243361.397,73008.4191,8
CUST01433,Suresh Reddy,1,243330.9,72999.27000000002,4
CUST01936,Rahul Sharma,1,243309.915,72992.97450000001,3
CUST00462,Sneha Patel,1,243274.528,72982.3584,4
CUST00290,Neha Verma,1,243248.1,72974.43,4
CUST02118,Naveen Kumar,1,243190.8375,72957.25125000003,5
CUST02105,Divya Nair,1,243087.35,72926.20500000002,5
CUST00023,Vikram Rao,1,243018.978,72905.69340000002,3
CUST01876,Suresh Reddy,1,242950.72000000003,72885.21600000001,4
CUST00601,Vikram Rao,2,242935.67099999997,72880.70130000002,4
CUST00153,Rohit Joshi,1,242933.175,72879.95250000001,5
CUST00649,Priya Reddy,1,242861.53500000003,72858.46050000002,5
CUST02238,Vikram Rao,1,242806.985,72842.09550000002,5
CUST01604,Divya Nair,1,242796.744,72839.0232,3
CUST01618,Divya Nair,1,242764.6,72829.38,5
CUST02066,Amit Kumar,1,242501.5875,72750.47625,5
CUST00279,Vikram Rao,1,242481.888,72744.56640000001,4
CUST01284,Rohit Joshi,1,242420.15,72726.04500000001,5
CUST01861,Pooja Mehta,1,242406.10250000004,72721.83075000002,5
CUST00663,Suresh Reddy,2,242306.2125,72691.86374999999,5
CUST00566,Anjali Gupta,1,242296.8825,72689.06474999999,3
CUST02059,Suresh Reddy,2,242158.61,72647.58300000001,5
CUST02298,Rahul Sharma,1,242149.68,72644.90400000001,4
CUST00973,Kiran Kumar,1,242057.05,72617.11500000002,5
CUST00378,Pooja Mehta,1,241951.95,72585.58500000002,5
CUST00670,Anjali Gupta,2,241922.66499999998,72576.79950000002,7
CUST00917,Kiran Kumar,1,241869.34800000003,72560.80440000002,3
CUST01496,Arjun Singh,1,241863.825,72559.14750000002,3
CUST01134,Vikram Rao,1,241521.12,72456.33599999998,5
CUST00407,Priya Reddy,1,241405.792,72421.7376,4
CUST01419,Arjun Singh,1,241224.38000000003,72367.31400000001,5
CUST00803,Suresh Reddy,1,241197.3,72359.19,4
CUST01165,Amit Kumar,1,241099.488,72329.84640000001,4
CUST00176,Vikram Rao,2,241076.90600000002,72323.0718,4
CUST00414,Rohit Joshi,1,240822.085,72246.6255,5
CUST00473,Rohit Joshi,1,240801.88050000003,72240.56415000002,3
CUST00157,Kiran Kumar,1,240711.624,72213.4872,4
CUST01165,Rohit Joshi,1,240634.014,72190.20420000001,3
CUST00307,Sneha Patel,1,240625.8,72187.74000000002,5
CUST02108,Anjali Gupta,2,240578.65,72173.595,4
CUST01466,Amit Kumar,2,240526.47,72157.941,6
CUST02149,Vikram Rao,1,240521.12,72156.33599999998,4
CUST00812,Rohit Joshi,1,240475.362,72142.6086,4
CUST02055,Suresh Reddy,1,240444.855,72133.4565,5
CUST00312,Priya Reddy,1,240422.4,72126.72000000003,4
CUST01215,Kiran Kumar,2,240360.0765,72108.02295000001,4
CUST01242,Sneha Patel,1,240349.761,72104.9283,3
CUST00426,Vikram Rao,1,240347.87,72104.361,4
CUST00989,Neha Verma,1,240124.9875,72037.49625000003,5
CUST01505,Vikram Rao,1,239955.87,71986.761,3
CUST00069,Naveen Kumar,1,239864.883,71959.46489999999,3
CUST00634,Rohit Joshi,1,239831.739,71949.52170000001,3
CUST01277,Vikram Rao,1,239513.272,71853.9816,4
CUST00837,Suresh Reddy,1,239357.88,71807.364,4
CUST02261,Suresh Reddy,1,239296.932,71789.0796,4
CUST02451,Naveen Kumar,2,239270.04249999998,71781.01275000002,7
CUST00300,Divya Nair,1,239209.3035,71762.79105,3
CUST00560,Rahul Sharma,1,239162.976,71748.8928,4
CUST01511,Amit Kumar,1,239143.125,71742.9375,5
CUST00801,Pooja Mehta,1,239109.414,71732.8242,4
CUST02317,Pooja Mehta,2,239105.352,71731.60560000001,3
CUST00899,Rahul Sharma,1,238802.876,71640.8628,4
CUST00927,Suresh Reddy,1,238760.8305,71628.24915000002,3
CUST02398,Rohit Joshi,2,238660.848,71598.2544,5
CUST00026,Swathi Rao,1,238529.952,71558.98560000001,4
CUST00368,Amit Kumar,2,238440.9525,71532.28575000001,5
CUST01056,Arjun Singh,1,238428.72000000003,71528.61600000001,3
CUST02486,Kiran Kumar,1,238424.58,71527.37400000001,5
CUST01472,Kiran Kumar,1,238404.3025,71521.29074999999,5
CUST00534,Arjun Singh,1,238339.395,71501.8185,5
CUST00965,Anjali Gupta,1,238328.625,71498.58750000002,5
CUST01078,Divya Nair,2,238297.2935,71489.18805,8
CUST01516,Amit Kumar,1,238244.64,71473.39200000002,3
CUST00884,Vikram Rao,1,238223.2825,71466.98475,5
CUST01020,Rohit Joshi,1,238205.76,71461.728,4
CUST00013,Divya Nair,1,238184.37,71455.31100000002,4
CUST02229,Divya Nair,1,238114.23,71434.269,4
CUST01480,Rohit Joshi,2,238086.87199999997,71426.06159999999,6
CUST00019,Anjali Gupta,2,237874.088,71362.22640000001,8
CUST02228,Vikram Rao,1,237838.2375,71351.47125,5
CUST00401,Arjun Singh,1,237804.1125,71341.23375000001,5
CUST01969,Swathi Rao,1,237781.368,71334.41040000002,3
CUST00542,Priya Reddy,1,237551.455,71265.43650000001,5
CUST01170,Divya Nair,1,237382.254,71214.67620000002,4
CUST00314,Priya Reddy,1,237296.928,71189.0784,4
CUST00742,Rahul Sharma,1,237205.2625,71161.57875000002,5
CUST01631,Naveen Kumar,1,237001.968,71100.59040000002,4
CUST00996,Suresh Reddy,1,236974.52,71092.356,5
CUST01082,Rahul Sharma,1,236932.656,71079.79680000001,3
CUST01557,Sneha Patel,1,236921.35,71076.405,5
CUST00807,Swathi Rao,1,236644.256,70993.27680000002,4
CUST00381,Suresh Reddy,1,236614.602,70984.3806,4
CUST00824,Kiran Kumar,1,236571.048,70971.3144,3
CUST01284,Vikram Rao,1,236475.5625,70942.66875000001,5
CUST01699,Rahul Sharma,1,236452.49,70935.747,5
CUST01029,Kiran Kumar,2,236419.459,70925.83770000002,4
CUST01270,Rohit Joshi,1,236362.401,70908.72030000002,3
CUST01496,Neha Verma,1,236349.9,70904.97,5
CUST01201,Arjun Singh,1,236335.932,70900.77960000001,4
CUST00947,Swathi Rao,1,236193.456,70858.0368,3
CUST01031,Kiran Kumar,1,236179.47,70853.84100000001,4
CUST01787,Amit Kumar,1,236155.398,70846.61940000003,4
CUST00051,Pooja Mehta,2,236132.3025,70839.69075000001,7
CUST00029,Sneha Patel,1,236046.1485,70813.84455000001,3
CUST01935,Swathi Rao,1,236031.786,70809.53580000001,3
CUST01931,Naveen Kumar,1,235924.76,70777.42800000001,4
CUST01974,Priya Reddy,2,235905.158,70771.54740000001,5
CUST00659,Sneha Patel,1,235786.599,70735.9797,3
CUST00400,Sneha Patel,1,235745.85,70723.755,5
CUST01599,Priya Reddy,1,235717.58,70715.274,4
CUST00450,Rohit Joshi,1,235694.658,70708.39740000002,3
CUST01982,Swathi Rao,1,235626.54,70687.962,4
CUST00734,Kiran Kumar,1,235606.0515,70681.81545,3
CUST00788,Anjali Gupta,1,235389.15,70616.74500000002,5
CUST01702,Pooja Mehta,1,235375.2,70612.56,3
CUST01716,Swathi Rao,2,235365.08599999998,70609.52580000002,5
CUST00311,Pooja Mehta,1,235359.696,70607.9088,3
CUST01625,Rohit Joshi,1,235320.4625,70596.13875000001,5
CUST00884,Suresh Reddy,1,235293.8625,70588.15875,5
CUST01025,Vikram Rao,1,235121.76,70536.52800000002,5
CUST01655,Amit Kumar,1,235025.28,70507.584,3
CUST00514,Vikram Rao,1,235012.86,70503.85800000001,4
CUST00715,Rahul Sharma,1,235006.05,70501.815,5
CUST01702,Kiran Kumar,1,234984.7325,70495.41975,5
CUST00118,Priya Reddy,2,234896.63,70468.989,9
CUST00250,Amit Kumar,1,234889.488,70466.84640000001,4
CUST02233,Vikram Rao,2,234819.94350000002,70445.98305000002,7
CUST01874,Swathi Rao,2,234805.54200000002,70441.66260000001,5
CUST01611,Swathi Rao,1,234536.445,70360.93350000001,3
CUST02292,Anjali Gupta,1,234500.688,70350.2064,3
CUST00048,Arjun Singh,1,234460.26,70338.07800000001,4
CUST01405,Divya Nair,1,234449.34,70334.802,4
CUST01963,Neha Verma,1,234384.202,70315.26060000001,4
CUST02004,Naveen Kumar,1,234336.75,70301.02500000002,5
CUST00332,Pooja Mehta,1,234253.47,70276.041,4
CUST01422,Priya Reddy,1,234253.044,70275.91320000001,4
CUST01630,Pooja Mehta,1,234200.802,70260.24060000002,3
CUST01459,Rahul Sharma,1,234190.624,70257.18720000001,4
CUST00237,Sneha Patel,1,234151.611,70245.48330000002,3
CUST01595,Rahul Sharma,2,234088.366,70226.50980000001,5
CUST00568,Divya Nair,1,233885.3115,70165.59345000001,3
CUST01295,Divya Nair,1,233869.5,70160.85,5
CUST00449,Swathi Rao,2,233805.636,70141.69080000001,7
CUST01171,Arjun Singh,1,233793.4,70138.02000000002,4
CUST02414,Amit Kumar,1,233702.52,70110.756,4
CUST02399,Amit Kumar,1,233576.26000000004,70072.87800000003,5
CUST01749,Kiran Kumar,1,233565.125,70069.5375,5
CUST00112,Pooja Mehta,1,233537.8,70061.34,5
CUST00218,Vikram Rao,2,233181.326,69954.3978,3
CUST02078,Kiran Kumar,1,232882.8,69864.84000000003,5
CUST00908,Rahul Sharma,1,232827.33,69848.199,5
CUST00791,Rohit Joshi,1,232736.55,69820.965,5
CUST01155,Naveen Kumar,1,232735.36,69820.60800000001,4
CUST00564,Sneha Patel,1,232706.712,69812.0136,3
CUST01981,Kiran Kumar,1,232693.29,69807.987,5
CUST02284,Naveen Kumar,1,232672.768,69801.8304,4
CUST00304,Amit Kumar,1,232520.24,69756.07200000001,5
CUST01758,Suresh Reddy,1,232478.145,69743.4435,3
CUST00568,Neha Verma,1,232415.33400000003,69724.60020000002,3
CUST01163,Vikram Rao,1,232363.704,69709.11120000001,3
CUST01174,Rohit Joshi,1,232347.264,69704.17920000001,3
CUST00920,Rahul Sharma,1,232333.74,69700.122,5
CUST00742,Amit Kumar,1,232286.238,69685.8714,3
CUST01480,Arjun Singh,2,232205.599,69661.67970000001,8
CUST01358,Swathi Rao,1,232192.683,69657.80490000002,3
CUST00724,Sneha Patel,1,232184.352,69655.30560000002,3
CUST01314,Sneha Patel,2,232123.468,69637.0404,4
CUST01609,Amit Kumar,1,232055.38050000003,69616.61415000001,3
CUST01239,Vikram Rao,1,232049.36,69614.80799999999,5
CUST00427,Amit Kumar,1,231995.08,69598.524,4
CUST02372,Sneha Patel,2,231982.66350000002,69594.79905000002,5
CUST02135,Pooja Mehta,1,231891.072,69567.32160000002,4
CUST01920,Vikram Rao,1,231814.08,69544.22400000002,4
CUST00936,Kiran Kumar,1,231756.36750000005,69526.91025000002,5
CUST00977,Priya Reddy,2,231730.1225,69519.03675000003,5
CUST00457,Rahul Sharma,1,231728.938,69518.68140000003,4
CUST02408,Pooja Mehta,1,231704.73,69511.419,5
CUST00527,Naveen Kumar,1,231598.72000000003,69479.61600000001,5
CUST02100,Naveen Kumar,1,231590.184,69477.0552,3
CUST01994,Divya Nair,1,231566.64,69469.99200000003,3
CUST00827,Pooja Mehta,1,231536.451,69460.93530000001,3
CUST00383,Rohit Joshi,1,231457.152,69437.14560000002,3
CUST01263,Neha Verma,1,231436.04,69430.812,5
CUST00883,Amit Kumar,1,231389.8815,69416.96445000003,3
CUST01361,Anjali Gupta,1,231319.152,69395.7456,3
CUST02500,Anjali Gupta,1,231273.15,69381.945,5
CUST00137,Swathi Rao,1,231217.7055,69365.31165000002,3
CUST00403,Rahul Sharma,2,231214.24,69364.272,9
CUST02214,Kiran Kumar,1,231211.73,69363.519,4
CUST01334,Naveen Kumar,1,231009.695,69302.90850000002,5
CUST01989,Arjun Singh,1,230941.38,69282.41400000002,3
CUST00308,Naveen Kumar,3,230940.55800000002,69282.1674,9
CUST02476,Vikram Rao,2,230908.336,69272.50080000001,6
CUST01879,Swathi Rao,1,230898.75,69269.625,5
CUST02065,Divya Nair,2,230893.71600000001,69268.11480000001,6
CUST01987,Kiran Kumar,1,230584.26,69175.27799999999,4
CUST01822,Priya Reddy,1,230572.8375,69171.85125,3
CUST01613,Rohit Joshi,1,230355.1935,69106.55805000002,3
CUST00833,Kiran Kumar,1,230324.56,69097.36800000002,4
CUST02140,Rohit Joshi,1,230304.57,69091.37100000001,3
CUST01840,Naveen Kumar,1,230249.979,69074.99370000002,3
CUST02227,Kiran Kumar,1,230142.51,69042.75300000003,3
CUST01155,Rohit Joshi,1,230137.12,69041.13600000003,4
CUST00453,Rahul Sharma,1,230026.8725,69008.06175000002,5
CUST00641,Priya Reddy,1,230005.59,69001.677,4
CUST00772,Neha Verma,2,229773.027,68931.9081,4
CUST00522,Sneha Patel,1,229628.1375,68888.44125,5
CUST00522,Naveen Kumar,2,229534.292,68860.28760000001,7
CUST00807,Priya Reddy,1,229497.504,68849.25120000003,3
CUST00421,Naveen Kumar,1,229437.72000000003,68831.31600000002,4
CUST00426,Rahul Sharma,1,229436.52,68830.956,4
CUST02389,Suresh Reddy,1,229301.9275,68790.57825000002,5
CUST02269,Rohit Joshi,1,229255.8,68776.74000000002,5
CUST01861,Vikram Rao,1,228991.941,68697.58230000001,3
CUST00399,Vikram Rao,1,228991.896,68697.56880000001,3
CUST00190,Kiran Kumar,1,228926.16,68677.848,4
CUST01423,Rahul Sharma,1,228799.728,68639.9184,3
CUST01895,Naveen Kumar,1,228784.13,68635.239,4
CUST00049,Anjali Gupta,2,228748.506,68624.55180000002,6
CUST02052,Vikram Rao,1,228670.2045,68601.06135,3
CUST01397,Naveen Kumar,1,228607.2875,68582.18625,5
CUST00852,Suresh Reddy,1,228595.023,68578.50690000001,3
CUST02012,Swathi Rao,1,228524.21,68557.263,5
CUST00858,Kiran Kumar,1,228470.8675,68541.26025000002,5
CUST00977,Kiran Kumar,2,228345.28999999998,68503.58700000001,4
CUST01458,Pooja Mehta,1,228235.35,68470.60500000001,3
CUST02475,Priya Reddy,1,228188.799,68456.6397,3
CUST01924,Naveen Kumar,1,228104.97000000003,68431.49100000001,3
CUST02049,Pooja Mehta,1,228053.925,68416.17750000002,5
CUST01346,Arjun Singh,1,227974.125,68392.23750000002,5
CUST02223,Arjun Singh,1,227928.552,68378.5656,3
CUST00234,Neha Verma,1,227899.05,68369.71500000003,4
CUST00519,Rohit Joshi,1,227824.92,68347.47600000002,4
CUST01878,Priya Reddy,3,227792.65899999999,68337.7977,7
CUST00110,Rohit Joshi,1,227770.016,68331.00480000002,4
CUST02418,Amit Kumar,1,227739.168,68321.75040000002,4
CUST00154,Amit Kumar,1,227717.07,68315.12100000001,3
CUST02393,Suresh Reddy,2,227655.76499999998,68296.72949999999,10
CUST00567,Vikram Rao,1,227529.792,68258.9376,3
CUST01131,Priya Reddy,1,227511.392,68253.41760000002,4
CUST00152,Naveen Kumar,1,227478.87,68243.66100000002,3
CUST01728,Vikram Rao,1,227450.1315,68235.03945000001,3
CUST00961,Sneha Patel,1,227444.544,68233.36320000002,4
CUST01943,Naveen Kumar,1,227410.092,68223.0276,4
CUST01648,Divya Nair,1,227392.104,68217.6312,3
CUST00566,Neha Verma,2,227361.41199999998,68208.4236,6
CUST00306,Kiran Kumar,1,227185.166,68155.54980000001,4
CUST00260,Sneha Patel,1,227169.792,68150.9376,4
CUST02165,Suresh Reddy,1,227166.852,68150.05560000002,4
CUST00800,Anjali Gupta,1,227166.48,68149.94400000002,4
CUST01785,Rahul Sharma,1,227088.63,68126.589,3
CUST00252,Kiran Kumar,1,227053.125,68115.9375,3
CUST02448,Rahul Sharma,1,226858.12800000003,68057.43840000001,3
CUST00107,Pooja Mehta,2,226845.321,68053.59630000002,7
CUST00881,Swathi Rao,1,226714.032,68014.2096,3
CUST00830,Naveen Kumar,1,226705.986,68011.79579999999,3
CUST01619,Suresh Reddy,1,226683.95,68005.18500000003,5
CUST00428,Arjun Singh,1,226630.791,67989.23730000001,3
CUST01344,Suresh Reddy,1,226581.954,67974.58620000002,3
CUST01086,Vikram Rao,1,226535.132,67960.53960000002,4
CUST01453,Neha Verma,1,226458.2835,67937.48505000002,3
CUST00372,Anjali Gupta,1,226458.208,67937.46240000002,4
CUST00295,Suresh Reddy,1,226046.2395,67813.87185,3
CUST02162,Suresh Reddy,1,226000.098,67800.0294,4
CUST00785,Naveen Kumar,1,225999.4,67799.82,5
CUST00210,Swathi Rao,1,225998.388,67799.51640000002,4
CUST01072,Pooja Mehta,2,225978.52000000002,67793.55600000001,3
CUST01775,Sneha Patel,2,225953.0685,67785.92055000001,5
CUST00775,Amit Kumar,1,225901.74,67770.522,3
CUST01965,Neha Verma,1,225854.68,67756.40400000001,4
CUST01715,Suresh Reddy,2,225846.05950000003,67753.81785000002,5
CUST01430,Suresh Reddy,1,225830.889,67749.26670000001,3
CUST00042,Suresh Reddy,2,225824.967,67747.49010000001,7
CUST01361,Swathi Rao,2,225792.675,67737.80249999999,7
CUST01371,Neha Verma,2,225791.58400000003,67737.47520000002,6
CUST02220,Amit Kumar,1,225628.284,67688.4852,3
CUST01607,Sneha Patel,2,225556.11,67666.83300000001,3
CUST00596,Kiran Kumar,1,225550.832,67665.24960000001,4
CUST01085,Arjun Singh,1,225491.076,67647.32280000002,4
CUST01862,Divya Nair,1,225443.44,67633.032,4
CUST01507,Swathi Rao,2,225314.3135,67594.29405,7
CUST02361,Sneha Patel,2,225167.38799999998,67550.21639999999,7
CUST02315,Amit Kumar,1,225092.2825,67527.68475000001,5
CUST02477,Pooja Mehta,1,225043.74,67513.122,4
CUST00154,Naveen Kumar,1,224918.41500000004,67475.52450000003,3
CUST01517,Neha Verma,1,224862.42,67458.726,3
CUST01538,Neha Verma,1,224832.192,67449.65760000004,3
CUST02352,Anjali Gupta,1,224726.76,67418.02800000002,4
CUST01552,Rohit Joshi,1,224706.36,67411.908,3
CUST02107,Anjali Gupta,1,224614.599,67384.37970000002,3
CUST00979,Neha Verma,1,224604.78750000003,67381.43625000003,3
CUST00612,Swathi Rao,1,224547.05,67364.11500000002,5
CUST02329,Suresh Reddy,1,224530.056,67359.01680000001,3
CUST02383,Vikram Rao,1,224505.6,67351.68000000002,5
CUST00048,Swathi Rao,1,224493.85,67348.155,5
CUST01532,Anjali Gupta,1,224334.63,67300.38900000002,5
CUST00447,Naveen Kumar,2,224106.47600000002,67231.9428,6
CUST00614,Neha Verma,1,224006.715,67202.01449999999,5
CUST02424,Priya Reddy,1,223923.339,67177.00170000002,3
CUST00635,Divya Nair,1,223919.10000000003,67175.73000000001,3
CUST02426,Swathi Rao,1,223693.6,67108.08000000002,4
CUST00787,Divya Nair,1,223515.975,67054.79250000001,5
CUST02403,Sneha Patel,1,223461.75,67038.52500000002,5
CUST00365,Rahul Sharma,1,223379.67,67013.90100000001,3
CUST01435,Swathi Rao,1,223365.026,67009.50779999999,4
CUST00037,Priya Reddy,1,223216.0125,66964.80374999999,5
CUST01192,Rahul Sharma,2,223206.416,66961.92480000001,7
CUST01717,Divya Nair,1,223186.25,66955.875,5
CUST01993,Priya Reddy,1,222894.472,66868.34160000001,4
CUST01643,Amit Kumar,1,222867.188,66860.1564,4
CUST00121,Vikram Rao,1,222844.521,66853.35630000001,3
CUST02245,Pooja Mehta,1,222785.952,66835.7856,3
CUST01894,Anjali Gupta,1,222638.817,66791.6451,3
CUST00093,Priya Reddy,1,222633.0,66789.90000000002,5
CUST00912,Divya Nair,2,222627.007,66788.10210000002,5
CUST02230,Kiran Kumar,2,222621.58499999996,66786.47550000002,5
CUST00008,Rahul Sharma,1,222611.985,66783.5955,3
CUST01722,Sneha Patel,2,222603.7035,66781.11105,4
CUST01886,Vikram Rao,1,222568.584,66770.57519999999,3
CUST02022,Amit Kumar,1,222542.748,66762.82440000001,3
CUST00080,Rahul Sharma,1,222491.75,66747.52500000002,5
CUST01976,Arjun Singh,2,222445.1245,66733.53735,6
CUST02356,Suresh Reddy,1,222398.176,66719.4528,4
CUST00092,Swathi Rao,1,222389.6225,66716.88675,5
CUST01694,Sneha Patel,1,222319.4,66695.82,5
CUST02469,Rahul Sharma,1,222305.9375,66691.78125,5
CUST01798,Priya Reddy,1,222192.8475,66657.85425,5
CUST00169,Divya Nair,1,222100.172,66630.0516,4
CUST00579,Divya Nair,1,222058.26,66617.478,4
CUST01457,Divya Nair,1,221969.408,66590.8224,4
CUST00203,Priya Reddy,1,221933.664,66580.09920000003,3
CUST00761,Naveen Kumar,1,221931.063,66579.31890000001,3
CUST02168,Vikram Rao,1,221849.58,66554.87400000001,3
CUST02061,Sneha Patel,1,221808.489,66542.5467,3
CUST00386,Pooja Mehta,1,221644.11,66493.23300000001,3
CUST02260,Swathi Rao,1,221639.65,66491.89500000002,5
CUST02084,Priya Reddy,2,221586.54200000002,66475.9626,7
CUST02088,Amit Kumar,1,221549.1,66464.73000000001,3
CUST01431,Vikram Rao,1,221492.736,66447.82080000002,3
CUST01597,Amit Kumar,1,221479.065,66443.7195,5
CUST02262,Priya Reddy,2,221367.392,66410.21760000002,4
CUST00171,Suresh Reddy,1,221167.17,66350.15100000001,4
CUST02264,Rohit Joshi,2,221132.85749999998,66339.85725000003,6
CUST01864,Rohit Joshi,1,220977.05,66293.11500000002,5
CUST00272,Rahul Sharma,1,220950.3,66285.09000000003,4
CUST00395,Swathi Rao,1,220883.02750000003,66264.90825000001,5
CUST01475,Rohit Joshi,1,220753.26,66225.978,3
CUST00058,Anjali Gupta,1,220710.888,66213.26640000002,4
CUST00159,Pooja Mehta,1,220631.49,66189.44700000001,3
CUST02200,Suresh Reddy,3,220589.31,66176.793,11
CUST00876,Arjun Singh,1,220572.396,66171.7188,3
CUST02139,Amit Kumar,1,220553.0,66165.90000000002,5
CUST02419,Amit Kumar,2,220551.365,66165.40950000001,6
CUST01640,Arjun Singh,1,220546.6425,66163.99275,3
CUST00755,Pooja Mehta,1,220523.08,66156.924,4
CUST01359,Rohit Joshi,1,220441.25,66132.375,5
CUST00811,Sneha Patel,2,220440.09999999998,66132.03000000001,8
CUST01469,Anjali Gupta,1,220353.252,66105.9756,4
CUST01996,Kiran Kumar,1,220263.12,66078.93600000002,4
CUST00460,Amit Kumar,1,220188.78,66056.63399999999,5
CUST00948,Swathi Rao,2,220165.02000000002,66049.50600000002,6
CUST01547,Pooja Mehta,1,220153.696,66046.10880000002,4
CUST00800,Divya Nair,1,220027.992,66008.3976,3
CUST00119,Vikram Rao,1,219933.63,65980.089,5
CUST01880,Arjun Singh,1,219875.28,65962.584,3
CUST02075,Swathi Rao,1,219871.12,65961.33599999998,4
CUST02413,Rohit Joshi,1,219863.8875,65959.16625000001,5
CUST02387,Sneha Patel,2,219760.4925,65928.14775,7
CUST00685,Rohit Joshi,1,219456.78,65837.03400000001,4
CUST02409,Kiran Kumar,1,219432.33,65829.699,5
CUST00171,Divya Nair,1,219393.603,65818.0809,3
CUST01867,Pooja Mehta,1,219209.64,65762.89200000002,4
CUST01558,Neha Verma,2,219096.57299999997,65728.97190000002,5
CUST02405,Sneha Patel,1,219044.025,65713.20750000002,5
CUST00114,Priya Reddy,1,219040.2,65712.06,4
CUST02043,Amit Kumar,1,218971.2,65691.36000000002,4
CUST01244,Vikram Rao,1,218936.196,65680.85880000002,3
CUST01142,Pooja Mehta,1,218893.408,65668.02240000002,4
CUST01495,Rahul Sharma,2,218755.6875,65626.70625000002,10
CUST00172,Neha Verma,2,218732.9485,65619.88455000002,8
CUST01078,Rahul Sharma,1,218720.0925,65616.02775000001,3
CUST00126,Neha Verma,2,218690.94,65607.282,5
CUST00887,Arjun Singh,1,218683.35,65605.005,3
CUST01152,Kiran Kumar,1,218681.883,65604.5649,3
CUST02227,Divya Nair,1,218650.3875,65595.11625000002,5
CUST01952,Kiran Kumar,1,218614.44,65584.33200000002,4
CUST00446,Kiran Kumar,1,218577.056,65573.11680000002,4
CUST01932,Anjali Gupta,1,218540.67,65562.201,4
CUST00471,Suresh Reddy,1,218492.664,65547.79920000001,3
CUST00812,Amit Kumar,2,218489.696,65546.90879999999,7
CUST00117,Anjali Gupta,1,218457.48,65537.244,3
CUST01587,Rahul Sharma,1,218423.658,65527.09740000003,4
CUST02307,Divya Nair,1,218396.64,65518.99200000003,4
CUST01822,Rohit Joshi,1,218250.4875,65475.14625000002,5
CUST01445,Naveen Kumar,2,218238.846,65471.65379999999,6
CUST01252,Kiran Kumar,1,218234.133,65470.239900000015,3
CUST02040,Rohit Joshi,1,218220.6,65466.18000000002,5
CUST00715,Priya Reddy,1,218167.14,65450.14200000002,3
CUST01921,Vikram Rao,1,218129.19,65438.75700000001,4
CUST00753,Naveen Kumar,2,218052.528,65415.75839999999,7
CUST02115,Rahul Sharma,1,218051.79,65415.53700000001,4
CUST01369,Rahul Sharma,1,217973.40750000003,65392.02225000001,3
CUST01661,Suresh Reddy,1,217894.08,65368.22400000002,4
CUST01203,Naveen Kumar,2,217861.1945,65358.35835000001,7
CUST00245,Sneha Patel,2,217829.58000000002,65348.87400000001,7
CUST02053,Pooja Mehta,1,217772.388,65331.716400000005,3
CUST02310,Kiran Kumar,1,217671.45,65301.435,3
CUST02131,Sneha Patel,1,217597.04,65279.111999999965,5
CUST00182,Vikram Rao,1,217580.52,65274.15599999999,5
CUST01532,Sneha Patel,1,217571.0175,65271.305250000005,3
CUST01811,Rahul Sharma,1,217556.2125,65266.86375000002,5
CUST01933,Pooja Mehta,1,217503.2,65250.96000000002,5
CUST00407,Amit Kumar,1,217458.432,65237.52960000001,4
CUST01852,Naveen Kumar,1,217442.6625,65232.798750000016,5
CUST00776,Suresh Reddy,2,217345.75,65203.725000000006,5
CUST01988,Naveen Kumar,2,217327.09600000002,65198.128800000006,8
CUST01571,Naveen Kumar,1,217164.6135,65149.38405000002,3
CUST00218,Rohit Joshi,1,217163.9475,65149.18425000002,3
CUST00087,Arjun Singh,1,217148.986,65144.695800000016,4
CUST01741,Amit Kumar,1,217091.043,65127.31290000002,3
CUST01674,Rohit Joshi,1,217074.81,65122.443,4
CUST02100,Swathi Rao,2,217067.37649999998,65120.21295,4
CUST02119,Sneha Patel,1,217027.752,65108.32560000001,3
CUST01537,Sneha Patel,1,217012.905,65103.87150000001,3
CUST01084,Suresh Reddy,2,216955.58000000002,65086.674000000006,5
CUST00634,Rahul Sharma,1,216935.385,65080.615500000014,5
CUST01758,Rohit Joshi,1,216856.76,65057.02800000002,5
CUST01045,Vikram Rao,1,216832.77,65049.831000000006,3
CUST01312,Arjun Singh,1,216805.9125,65041.77375000002,3
CUST00189,Kiran Kumar,1,216794.34,65038.302,4
CUST00762,Sneha Patel,1,216753.1365,65025.94095000005,3
CUST00243,Rohit Joshi,1,216737.114,65021.1342,4
CUST00238,Kiran Kumar,1,216692.8245,65007.847350000025,3
CUST00508,Neha Verma,2,216637.848,64991.3544,5
CUST00669,Naveen Kumar,2,216592.7825,64977.83475000001,8
CUST00216,Neha Verma,1,216447.56,64934.26800000001,4
CUST01665,Rahul Sharma,1,216398.4975,64919.54925000001,3
CUST02092,Rahul Sharma,1,216356.49,64906.947000000015,4
CUST02423,Anjali Gupta,1,216276.92,64883.076,5
CUST01888,Sneha Patel,1,216237.35,64871.205000000016,5
CUST00868,Kiran Kumar,1,216161.082,64848.32460000002,3
CUST00500,Arjun Singh,1,216160.44000000003,64848.13200000001,3
CUST02138,Suresh Reddy,1,216143.695,64843.1085,5
CUST02182,Divya Nair,1,216143.352,64843.0056,4
CUST01567,Arjun Singh,1,216005.825,64801.74750000003,5
CUST01042,Rohit Joshi,1,215941.17,64782.351,4
CUST01421,Neha Verma,1,215940.648,64782.19440000001,3
CUST02285,Arjun Singh,1,215926.83,64778.04900000003,3
CUST01123,Kiran Kumar,1,215882.037,64764.61110000001,3
CUST01387,Vikram Rao,1,215759.96,64727.98800000001,4
CUST02477,Amit Kumar,1,215689.5,64706.850000000006,3
CUST01759,Pooja Mehta,1,215615.16,64684.54800000001,3
CUST00023,Rahul Sharma,2,215576.912,64673.0736,6
CUST01731,Rahul Sharma,1,215576.883,64673.0649,3
CUST01369,Arjun Singh,1,215529.5685,64658.87055000002,3
CUST02458,Sneha Patel,1,215522.814,64656.84419999999,4
CUST01037,Naveen Kumar,1,215514.496,64654.34880000001,4
CUST00496,Amit Kumar,1,215511.718,64653.5154,4
CUST02378,Sneha Patel,1,215504.784,64651.43520000001,4
CUST02241,Rohit Joshi,1,215498.32800000004,64649.49840000001,3
CUST00699,Arjun Singh,2,215473.1945,64641.95835000002,4
CUST00750,Priya Reddy,1,215446.3635,64633.90905000002,3
CUST00101,Rahul Sharma,1,215437.824,64631.34720000005,4
CUST00973,Sneha Patel,2,215420.20249999998,64626.06074999999,3
CUST00474,Priya Reddy,2,215404.083,64621.22490000001,7
CUST02258,Kiran Kumar,1,215372.031,64611.60930000001,3
CUST00602,Swathi Rao,1,215320.65,64596.19500000001,5
CUST00669,Vikram Rao,1,215292.544,64587.763200000016,4
CUST02280,Arjun Singh,1,214893.248,64467.97440000001,4
CUST00756,Naveen Kumar,1,214857.4325,64457.22975,5
CUST02014,Swathi Rao,1,214835.47,64450.641,5
CUST01004,Swathi Rao,1,214798.743,64439.62290000002,3
CUST00612,Arjun Singh,1,214586.285,64375.8855,5
CUST01723,Pooja Mehta,2,214533.277,64359.983100000005,7
CUST00383,Pooja Mehta,1,214406.379,64321.913700000005,3
CUST02374,Rohit Joshi,1,214392.24,64317.67200000002,4
CUST02030,Sneha Patel,2,214386.04499999998,64315.81350000001,6
CUST01029,Suresh Reddy,1,214367.148,64310.14440000002,4
CUST01026,Neha Verma,1,214244.37,64273.311000000016,3
CUST01430,Anjali Gupta,2,214201.04100000003,64260.31230000002,6
CUST00166,Rohit Joshi,1,214033.29,64209.986999999965,3
CUST01103,Swathi Rao,1,213922.575,64176.77249999999,5
CUST01767,Suresh Reddy,1,213889.08,64166.72400000002,3
CUST02102,Neha Verma,1,213745.608,64123.68240000002,3
CUST02077,Neha Verma,2,213729.306,64118.791800000006,3
CUST01548,Suresh Reddy,2,213651.481,64095.4443,4
CUST01523,Swathi Rao,1,213630.669,64089.200700000016,3
CUST00389,Arjun Singh,1,213617.184,64085.15520000001,3
CUST00397,Neha Verma,1,213562.636,64068.79080000002,4
CUST01824,Sneha Patel,1,213467.1,64040.130000000005,5
CUST00980,Neha Verma,1,213444.5625,64033.36875000002,3
CUST01748,Neha Verma,1,213438.0855,64031.42565000002,3
CUST00924,Pooja Mehta,1,213407.426,64022.22780000002,4
CUST00154,Priya Reddy,1,213351.8275,64005.54825000002,5
CUST02398,Priya Reddy,1,213250.896,63975.26880000002,3
CUST01173,Arjun Singh,1,213168.87,63950.66100000002,3
CUST00076,Pooja Mehta,1,213143.9625,63943.18875000003,5
CUST01460,Suresh Reddy,1,213110.496,63933.1488,4
CUST01310,Swathi Rao,1,213093.84,63928.152,4
CUST00720,Priya Reddy,2,212948.7,63884.61000000001,7
CUST00879,Rahul Sharma,1,212838.9,63851.67000000001,3
CUST01920,Arjun Singh,1,212786.6,63835.98000000001,5
CUST02454,Priya Reddy,1,212734.863,63820.4589,3
CUST01166,Sneha Patel,2,212681.729,63804.51870000001,8
CUST01770,Neha Verma,1,212659.95,63797.985000000015,5
CUST00403,Arjun Singh,1,212588.46,63776.538,3
CUST01036,Arjun Singh,3,212539.15600000002,63761.74680000001,10
CUST00479,Sneha Patel,1,212528.025,63758.40750000003,5
CUST00997,Rahul Sharma,2,212419.05000000002,63725.71500000001,6
CUST00382,Sneha Patel,1,212400.9,63720.27000000002,4
CUST01078,Kiran Kumar,1,212348.712,63704.61360000001,4
CUST00626,Rahul Sharma,1,212339.952,63701.985600000015,3
CUST02249,Vikram Rao,1,212262.6135,63678.78405000002,3
CUST01628,Vikram Rao,1,212241.1625,63672.348750000005,5
CUST01712,Vikram Rao,2,212226.45,63667.935000000005,4
CUST01337,Vikram Rao,1,212223.654,63667.0962,3
CUST01989,Rahul Sharma,1,212196.6775,63659.00325000001,5
CUST02003,Neha Verma,1,211943.488,63583.04639999999,4
CUST01878,Arjun Singh,3,211904.835,63571.4505,5
CUST02267,Sneha Patel,1,211867.029,63560.10870000001,3
CUST00761,Arjun Singh,1,211762.0875,63528.62625000003,5
CUST00480,Amit Kumar,1,211730.832,63519.24960000001,3
CUST00390,Vikram Rao,1,211650.2,63495.06000000003,5
CUST00677,Naveen Kumar,1,211634.664,63490.399200000014,3
CUST01327,Pooja Mehta,2,211557.4365,63467.23095000001,5
CUST02396,Kiran Kumar,1,211383.136,63414.94080000001,4
CUST00079,Anjali Gupta,2,211353.50999999998,63406.053,6
CUST00910,Suresh Reddy,1,211345.36,63403.60800000001,4
CUST01573,Divya Nair,1,211170.06,63351.01800000001,4
CUST02114,Rohit Joshi,1,211158.57,63347.571000000025,3
CUST01811,Rohit Joshi,1,211136.13,63340.83900000001,4
CUST02010,Sneha Patel,1,210988.656,63296.59680000003,3
CUST00827,Priya Reddy,1,210987.909,63296.37270000001,3
CUST01983,Arjun Singh,1,210986.422,63295.926600000006,4
CUST00878,Amit Kumar,1,210946.112,63283.83360000001,4
CUST00196,Divya Nair,1,210931.635,63279.490500000014,3
CUST02486,Priya Reddy,1,210615.24,63184.572000000015,5
CUST02034,Anjali Gupta,1,210548.367,63164.510100000014,3
CUST01858,Pooja Mehta,2,210509.86099999998,63152.958300000006,5
CUST01094,Rohit Joshi,1,210427.3515,63128.20545000001,3
CUST00563,Sneha Patel,2,210326.397,63097.919100000014,5
CUST02188,Naveen Kumar,2,210226.6505,63067.99515,7
CUST01846,Priya Reddy,1,210215.64,63064.69200000001,3
CUST00546,Vikram Rao,1,210078.768,63023.63040000002,3
CUST01564,Rohit Joshi,1,209936.1705,62980.85115,3
CUST01086,Neha Verma,2,209932.3775,62979.71325000001,5
CUST01686,Suresh Reddy,2,209926.5675,62977.97025000001,5
CUST00832,Neha Verma,1,209902.5475,62970.76425000001,5
CUST02132,Rahul Sharma,1,209896.704,62969.01120000001,3
CUST01964,Vikram Rao,2,209869.28,62960.784,4
CUST00081,Swathi Rao,1,209822.72000000003,62946.81600000002,4
CUST01841,Priya Reddy,1,209677.6875,62903.30625000002,5
CUST02378,Naveen Kumar,1,209669.088,62900.72640000004,3
CUST01732,Swathi Rao,2,209638.887,62891.66610000002,4
CUST01944,Swathi Rao,2,209630.47249999997,62889.14174999998,8
CUST00303,Suresh Reddy,1,209541.15,62862.345,3
CUST00824,Anjali Gupta,1,209530.72,62859.216000000015,4
CUST00959,Pooja Mehta,1,209499.3225,62849.79675000001,3
CUST00757,Anjali Gupta,1,209469.824,62840.9472,4
CUST02298,Arjun Singh,2,209434.572,62830.371600000006,7
CUST01285,Priya Reddy,1,209407.365,62822.2095,3
CUST00065,Neha Verma,2,209330.089,62799.0267,3
CUST01325,Rohit Joshi,2,209264.128,62779.238400000024,7
CUST02468,Kiran Kumar,2,209239.44400000002,62771.83320000002,4
CUST01886,Rahul Sharma,1,209191.536,62757.4608,3
CUST01526,Neha Verma,1,209152.4,62745.72,5
CUST01204,Naveen Kumar,1,208925.818,62677.745400000014,4
CUST01818,Rohit Joshi,3,208911.7485,62673.52455000002,11
CUST02255,Rohit Joshi,1,208869.66,62660.898000000016,4
CUST02299,Naveen Kumar,1,208857.339,62657.201700000005,3
CUST01909,Amit Kumar,1,208777.968,62633.3904,4
CUST00958,Vikram Rao,2,208743.08200000002,62622.92460000001,4
CUST01072,Amit Kumar,1,208665.24,62599.572000000015,4
CUST01632,Naveen Kumar,1,208551.6,62565.48000000001,4
CUST01920,Amit Kumar,1,208544.85,62563.455000000016,4
CUST01143,Sneha Patel,1,208320.8925,62496.26775000003,3
CUST01918,Sneha Patel,1,208306.6,62491.98000000001,5
CUST01218,Naveen Kumar,3,208305.0835,62491.52505000001,8
CUST00530,Amit Kumar,1,208234.773,62470.431900000025,3
CUST00083,Naveen Kumar,1,208223.865,62467.15950000001,5
CUST00383,Suresh Reddy,1,208062.72000000003,62418.81600000002,3
CUST00286,Vikram Rao,2,208003.86,62401.157999999996,8
CUST00902,Kiran Kumar,1,207883.65,62365.09500000003,5
CUST00242,Rahul Sharma,1,207839.0505,62351.71515,3
CUST02261,Divya Nair,2,207801.61299999998,62340.48390000001,6
CUST02063,Rahul Sharma,1,207793.4225,62338.02675000002,5
CUST00421,Kiran Kumar,3,207748.1375,62324.44125000002,3
CUST00349,Vikram Rao,1,207744.96,62323.48800000001,4
CUST01879,Priya Reddy,2,207652.174,62295.652200000004,4
CUST00710,Anjali Gupta,2,207568.312,62270.4936,6
CUST01045,Divya Nair,1,207535.896,62260.76880000002,3
CUST01671,Kiran Kumar,1,207356.53500000003,62206.960500000016,5
CUST02244,Neha Verma,2,207305.9925,62191.797750000005,5
CUST00364,Rohit Joshi,1,207290.592,62187.177600000025,3
CUST00688,Sneha Patel,1,207286.0575,62185.81725000002,3
CUST01848,Rohit Joshi,1,207255.648,62176.69440000001,4
CUST01048,Rohit Joshi,1,207087.64,62126.292000000016,5
CUST01059,Priya Reddy,2,206962.3585,62088.70755,3
CUST00132,Pooja Mehta,2,206814.32,62044.29600000002,7
CUST01948,Sneha Patel,2,206779.35750000004,62033.80725000003,8
CUST01515,Suresh Reddy,1,206747.01,62024.103,5
CUST01687,Naveen Kumar,1,206713.35,62014.005000000005,5
CUST01587,Arjun Singh,1,206647.84,61994.35200000001,4
CUST00973,Vikram Rao,1,206614.398,61984.31940000001,3
CUST01772,Rahul Sharma,1,206381.376,61914.41280000002,4
CUST01614,Rahul Sharma,1,206379.575,61913.87250000003,5
CUST01869,Priya Reddy,1,206269.0665,61880.71995,3
CUST02275,Anjali Gupta,2,206203.84,61861.152,5
CUST02136,Pooja Mehta,2,206144.35199999998,61843.30560000001,6
CUST02415,Neha Verma,2,206008.94400000002,61802.683199999985,6
CUST01258,Neha Verma,1,205915.905,61774.7715,3
CUST00164,Priya Reddy,1,205879.104,61763.73120000001,3
CUST01465,Pooja Mehta,2,205816.76799999998,61745.03039999998,6
CUST00798,Rahul Sharma,1,205717.4505,61715.23514999999,3
CUST01332,Naveen Kumar,1,205713.351,61714.00530000002,3
CUST00422,Vikram Rao,2,205657.50400000002,61697.25120000001,8
CUST02379,Pooja Mehta,2,205565.236,61669.570799999994,7
CUST01600,Priya Reddy,1,205560.72000000003,61668.216000000015,3
CUST01971,Divya Nair,1,205549.5075,61664.85225,5
CUST02456,Sneha Patel,1,205514.28,61654.284000000014,4
CUST00261,Pooja Mehta,2,205464.674,61639.4022,6
CUST02341,Priya Reddy,1,205398.96,61619.688,5
CUST01081,Divya Nair,1,205315.74,61594.72200000001,3
CUST01716,Suresh Reddy,2,205310.86,61593.258,5
CUST01979,Priya Reddy,1,205295.936,61588.78080000001,4
CUST01076,Kiran Kumar,1,205213.5225,61564.05674999999,3
CUST00441,Vikram Rao,1,205203.872,61561.16160000002,4
CUST01401,Divya Nair,2,205182.217,61554.665100000006,6
CUST01491,Pooja Mehta,1,205151.68,61545.504000000015,4
CUST00347,Neha Verma,1,205115.24,61534.572000000015,5
CUST01333,Rahul Sharma,1,205109.4175,61532.82525,5
CUST00926,Pooja Mehta,1,205084.822,61525.446600000025,4
CUST00029,Rahul Sharma,1,205012.52,61503.756,5
CUST01817,Suresh Reddy,1,205003.73,61501.119000000006,4
CUST00690,Swathi Rao,1,205003.665,61501.09950000001,5
CUST01090,Arjun Singh,1,204978.33,61493.49900000001,4
CUST00568,Suresh Reddy,1,204860.7075,61458.21225000001,3
CUST02410,Vikram Rao,1,204842.304,61452.6912,3
CUST02101,Rahul Sharma,1,204831.8865,61449.56595000005,3
CUST01254,Rahul Sharma,1,204824.16,61447.24799999999,3
CUST00431,Priya Reddy,1,204760.392,61428.1176,3
CUST00990,Sneha Patel,1,204729.1215,61418.73645,3
CUST00456,Divya Nair,1,204712.344,61413.70320000002,4
CUST02304,Kiran Kumar,1,204679.395,61403.8185,3
CUST00798,Priya Reddy,1,204601.5675,61380.47025000001,3
CUST01798,Amit Kumar,1,204515.688,61354.7064,3
CUST00064,Rahul Sharma,1,204510.92,61353.27600000001,4
CUST00850,Kiran Kumar,1,204348.384,61304.51520000002,4
CUST01998,Sneha Patel,1,204232.102,61269.6306,4
CUST02461,Neha Verma,1,204222.05,61266.61500000002,5
CUST02351,Arjun Singh,1,204051.165,61215.34950000001,3
CUST00950,Pooja Mehta,2,204043.15,61212.945000000014,5
CUST00898,Neha Verma,1,204041.16,61212.348,4
CUST01504,Rahul Sharma,1,204039.651,61211.8953,3
CUST02214,Vikram Rao,1,204027.75,61208.32500000001,5
CUST00122,Anjali Gupta,1,203938.77450000003,61181.63235000003,3
CUST00944,Kiran Kumar,1,203932.377,61179.71309999999,3
CUST00913,Amit Kumar,1,203904.035,61171.210500000016,5
CUST01197,Sneha Patel,1,203885.688,61165.7064,3
CUST00064,Amit Kumar,1,203849.278,61154.783400000015,4
CUST01051,Rahul Sharma,1,203778.344,61133.50320000001,4
CUST01170,Vikram Rao,2,203745.6,61123.67999999999,5
CUST01098,Neha Verma,1,203473.44,61042.03200000001,4
CUST00273,Suresh Reddy,1,203362.04,61008.612,4
CUST00467,Priya Reddy,1,203314.25,60994.27500000002,5
CUST00358,Suresh Reddy,2,203193.9775,60958.19325000001,6
CUST00136,Rohit Joshi,1,203156.808,60947.042400000006,3
CUST02387,Naveen Kumar,1,203093.628,60928.08840000001,4
CUST01715,Divya Nair,2,203020.036,60906.01079999999,5
CUST01318,Priya Reddy,1,202892.96,60867.888000000006,5
CUST02337,Pooja Mehta,1,202825.623,60847.68690000003,3
CUST00492,Arjun Singh,1,202748.52,60824.55600000001,4
CUST01518,Suresh Reddy,1,202673.736,60802.1208,3
CUST00980,Amit Kumar,1,202624.8,60787.44,4
CUST00135,Neha Verma,1,202611.24,60783.372,3
CUST00711,Vikram Rao,1,202608.756,60782.6268,3
CUST02327,Amit Kumar,1,202594.56,60778.36800000002,4
CUST02320,Naveen Kumar,1,202560.075,60768.02249999999,5
CUST02182,Suresh Reddy,2,202551.9975,60765.59925,5
CUST00469,Rohit Joshi,1,202360.317,60708.09510000004,3
CUST00063,Rahul Sharma,1,202297.992,60689.3976,3
CUST02099,Naveen Kumar,1,202275.405,60682.62150000001,3
CUST00520,Sneha Patel,1,202247.744,60674.32320000001,4
CUST00180,Neha Verma,1,202173.06,60651.918000000005,3
CUST01564,Rahul Sharma,1,202141.944,60642.58320000002,4
CUST00754,Vikram Rao,1,202123.35,60637.005000000005,4
CUST01305,Vikram Rao,1,202107.69,60632.307,4
CUST02107,Rahul Sharma,1,201964.68,60589.40400000001,3
CUST02388,Vikram Rao,1,201960.396,60588.118800000026,4
CUST00704,Divya Nair,1,201927.825,60578.3475,5
CUST01811,Anjali Gupta,1,201820.392,60546.1176,4
CUST01295,Sneha Patel,1,201814.208,60544.26240000001,4
CUST00055,Amit Kumar,1,201794.04,60538.212,3
CUST01045,Suresh Reddy,1,201788.896,60536.668800000014,4
CUST02050,Suresh Reddy,1,201780.72,60534.216000000015,4
CUST01694,Swathi Rao,1,201725.4765,60517.64295000001,3
CUST00169,Arjun Singh,1,201688.536,60506.56080000001,3
CUST02272,Priya Reddy,1,201671.814,60501.5442,3
CUST01512,Amit Kumar,1,201648.798,60494.639400000015,3
CUST01827,Amit Kumar,1,201594.456,60478.33680000002,3
CUST00925,Anjali Gupta,1,201567.912,60470.37360000002,3
CUST00372,Rohit Joshi,1,201518.304,60455.49119999999,3
CUST01807,Swathi Rao,1,201514.75,60454.42500000002,5
CUST02455,Naveen Kumar,2,201507.3925,60452.21775000001,8
CUST01805,Rahul Sharma,2,201506.58,60451.97399999999,5
CUST00801,Naveen Kumar,1,201454.55,60436.36500000002,5
CUST02025,Rohit Joshi,1,201454.425,60436.327500000014,5
CUST00749,Arjun Singh,2,201355.735,60406.72050000001,4
CUST00599,Amit Kumar,1,201350.43,60405.129000000015,4
CUST01428,Divya Nair,1,201320.181,60396.05430000002,3
CUST00234,Sneha Patel,1,201259.62,60377.886,4
CUST01101,Amit Kumar,1,201243.518,60373.05540000001,4
CUST00375,Pooja Mehta,1,201226.625,60367.98750000002,5
CUST02264,Swathi Rao,1,201192.178,60357.65340000001,4
CUST00101,Swathi Rao,1,201108.78,60332.63399999999,3
CUST01376,Vikram Rao,1,200979.032,60293.7096,4
CUST01834,Rohit Joshi,1,200942.91,60282.87300000002,3
CUST00708,Swathi Rao,1,200923.782,60277.13460000002,4
CUST02394,Vikram Rao,1,200838.45,60251.535,4
CUST01391,Rohit Joshi,1,200795.232,60238.56960000002,3
CUST00256,Naveen Kumar,1,200675.6075,60202.68225000001,5
CUST00778,Priya Reddy,1,200509.84,60152.95200000002,4
CUST01474,Sneha Patel,1,200390.4375,60117.131250000006,5
CUST01587,Vikram Rao,1,200355.615,60106.6845,5
CUST00454,Pooja Mehta,1,200353.32,60105.996000000014,5
CUST02493,Amit Kumar,1,200222.9,60066.87000000002,5
CUST01018,Vikram Rao,1,200192.645,60057.79350000003,5
CUST02068,Pooja Mehta,1,200145.5475,60043.66425,5
CUST02199,Neha Verma,1,200026.125,60007.83750000002,3
CUST02303,Sneha Patel,2,199957.63700000002,59987.2911,5
CUST02075,Suresh Reddy,2,199863.48599999998,59959.04579999999,6
CUST00619,Suresh Reddy,1,199774.089,59932.2267,3
CUST01654,Amit Kumar,1,199749.53250000003,59924.85975000003,3
CUST01835,Pooja Mehta,2,199718.32200000001,59915.496600000006,5
CUST01426,Amit Kumar,1,199629.086,59888.725800000015,4
CUST01813,Vikram Rao,1,199557.216,59867.1648,3
CUST01081,Neha Verma,1,199476.402,59842.92060000001,4
CUST02481,Swathi Rao,1,199436.7015,59831.01045,3
CUST00348,Sneha Patel,1,199407.34,59822.20200000002,2
CUST01720,Suresh Reddy,1,199405.798,59821.73940000002,4
CUST02198,Swathi Rao,1,199393.245,59817.97350000002,3
CUST01068,Anjali Gupta,1,199374.38,59812.31400000001,2
CUST01764,Swathi Rao,1,199356.448,59806.9344,4
CUST00632,Kiran Kumar,1,199309.24950000003,59792.774850000016,3
CUST02213,Sneha Patel,1,199260.696,59778.20880000002,3
CUST02314,Arjun Singh,1,199244.42,59773.326,5
CUST01014,Neha Verma,1,199140.228,59742.06839999999,3
CUST00027,Priya Reddy,1,199063.125,59718.9375,5
CUST00099,Vikram Rao,1,199060.7865,59718.23594999997,3
CUST00445,Neha Verma,1,199030.9,59709.27000000002,4
CUST02296,Rahul Sharma,1,198977.22000000003,59693.16600000003,3
CUST00112,Neha Verma,1,198945.14,59683.542000000016,2
CUST01791,Amit Kumar,1,198941.35250000004,59682.405750000034,5
CUST00629,Arjun Singh,2,198850.068,59655.02040000001,5
CUST01094,Anjali Gupta,1,198637.335,59591.200500000006,3
CUST02439,Vikram Rao,1,198595.725,59578.7175,5
CUST00761,Rahul Sharma,1,198330.512,59499.15360000002,4
CUST01019,Vikram Rao,1,198296.25500000003,59488.87650000001,5
CUST01499,Sneha Patel,1,198266.7195,59480.015850000025,3
CUST00683,Kiran Kumar,1,198261.336,59478.4008,3
CUST01716,Neha Verma,1,198172.65,59451.79500000001,5
CUST00288,Naveen Kumar,1,197971.2675,59391.38025000002,3
CUST01491,Divya Nair,1,197943.51,59383.053000000014,3
CUST00567,Suresh Reddy,2,197936.462,59380.93860000001,4
CUST00900,Neha Verma,1,197932.448,59379.734400000016,4
CUST00095,Arjun Singh,2,197874.48200000002,59362.34460000001,4
CUST02293,Suresh Reddy,1,197816.985,59345.095500000025,5
CUST00462,Amit Kumar,1,197799.57,59339.871000000014,4
CUST01837,Vikram Rao,1,197798.85,59339.655,5
CUST01528,Rohit Joshi,1,197797.44,59339.23200000002,3
CUST00820,Divya Nair,2,197748.73,59324.619000000006,5
CUST00180,Sneha Patel,1,197673.705,59302.11150000003,3
CUST02210,Sneha Patel,1,197555.325,59266.5975,5
CUST01653,Pooja Mehta,1,197513.04,59253.91200000001,5
CUST00654,Swathi Rao,1,197461.044,59238.3132,4
CUST02065,Vikram Rao,1,197450.05,59235.015000000014,5
CUST00168,Rohit Joshi,1,197349.1325,59204.73975000001,5
CUST02090,Anjali Gupta,1,197236.16,59170.848,4
CUST00864,Neha Verma,1,197081.6325,59124.48975000001,3
CUST02347,Anjali Gupta,1,197005.992,59101.79760000002,3
CUST02042,Priya Reddy,1,196975.56,59092.668000000005,2
CUST00374,Anjali Gupta,1,196968.44,59090.53200000001,4
CUST00869,Suresh Reddy,2,196961.9225,59088.57675000001,7
CUST02221,Rahul Sharma,1,196953.048,59085.91440000001,4
CUST02141,Amit Kumar,1,196823.124,59046.937200000015,4
CUST01657,Divya Nair,1,196752.486,59025.7458,3
CUST00057,Pooja Mehta,1,196681.0,59004.30000000002,2
CUST02084,Suresh Reddy,1,196639.9,58991.97,2
CUST01317,Divya Nair,2,196422.996,58926.89880000001,6
CUST00387,Rahul Sharma,2,196415.10499999998,58924.53150000002,6
CUST02493,Priya Reddy,1,196359.4875,58907.84625,5
CUST01704,Neha Verma,1,196357.86,58907.35800000001,3
CUST01947,Divya Nair,1,196322.68,58896.804,2
CUST01909,Kiran Kumar,2,196204.88,58861.464000000014,4
CUST00338,Naveen Kumar,1,196110.45,58833.13500000001,3
CUST02235,Pooja Mehta,1,195987.21,58796.163,4
CUST00605,Swathi Rao,1,195976.575,58792.9725,3
CUST01112,Naveen Kumar,1,195906.304,58771.89120000001,4
CUST01731,Sneha Patel,1,195885.27,58765.581000000006,3
CUST00335,Arjun Singh,1,195826.905,58748.07149999999,3
CUST01222,Rahul Sharma,1,195826.0175,58747.805250000005,5
CUST00998,Kiran Kumar,1,195760.32,58728.09600000002,4
CUST01125,Suresh Reddy,1,195662.84,58698.85200000001,2
CUST01033,Arjun Singh,1,195642.252,58692.67560000002,4
CUST00344,Naveen Kumar,1,195604.56,58681.36800000002,4
CUST00036,Suresh Reddy,1,195514.23,58654.269,4
CUST01176,Sneha Patel,1,195416.1375,58624.84125,5
CUST01378,Naveen Kumar,1,195369.184,58610.755200000014,4
CUST00868,Swathi Rao,1,195290.256,58587.07680000001,3
CUST00084,Anjali Gupta,1,195193.68,58558.10399999999,3
CUST00400,Priya Reddy,1,195178.4,58553.52000000002,4
CUST01524,Naveen Kumar,1,195107.73,58532.31900000002,4
CUST00496,Naveen Kumar,1,195064.16,58519.24800000002,4
CUST02369,Naveen Kumar,2,195017.4475,58505.23425,7
CUST00608,Divya Nair,1,194936.58,58480.97400000002,3
CUST01505,Neha Verma,1,194865.129,58459.538700000005,3
CUST01943,Rahul Sharma,2,194848.646,58454.59380000002,6
CUST01669,Kiran Kumar,1,194670.864,58401.2592,4
CUST02318,Neha Verma,2,194651.12949999998,58395.33884999998,3
CUST00175,Priya Reddy,2,194627.25,58388.175,10
CUST00471,Kiran Kumar,1,194526.1325,58357.839750000014,5
CUST00236,Sneha Patel,1,194498.402,58349.52060000002,4
CUST01487,Pooja Mehta,1,194331.76,58299.52800000002,2
CUST00342,Sneha Patel,1,194301.468,58290.44039999999,4
CUST00937,Amit Kumar,1,194295.096,58288.5288,4
CUST01945,Priya Reddy,1,194289.63,58286.889,4
CUST02265,Divya Nair,1,194241.75,58272.525,4
CUST02092,Divya Nair,1,194153.54,58246.062000000005,2
CUST00685,Divya Nair,1,194117.985,58235.39550000001,3
CUST00603,Sneha Patel,1,194073.4,58222.02000000002,4
CUST01757,Anjali Gupta,1,193920.5895,58176.17685000002,3
CUST00292,Kiran Kumar,1,193847.16,58154.148000000016,4
CUST00651,Pooja Mehta,1,193814.505,58144.35150000002,5
CUST01014,Naveen Kumar,1,193792.72,58137.81600000002,5
CUST00390,Priya Reddy,1,193785.72,58135.716000000015,4
CUST01545,Neha Verma,1,193779.30900000004,58133.79270000002,3
CUST00165,Pooja Mehta,1,193745.73,58123.71900000001,3
CUST02008,Rohit Joshi,1,193601.07,58080.321,3
CUST01175,Sneha Patel,2,193590.56900000002,58077.1707,4
CUST01854,Amit Kumar,2,193484.5425,58045.36274999999,5
CUST00934,Swathi Rao,2,193471.504,58041.451200000025,6
CUST02042,Rahul Sharma,1,193446.144,58033.8432,4
CUST02096,Naveen Kumar,1,193425.728,58027.71840000001,4
CUST01092,Naveen Kumar,1,193424.674,58027.40220000001,4
CUST01215,Priya Reddy,1,193374.33,58012.299,3
CUST02049,Kiran Kumar,1,193367.94,58010.38200000001,4
CUST00458,Suresh Reddy,1,193358.01,58007.40300000002,3
CUST00348,Amit Kumar,1,193126.545,57937.96350000001,5
CUST00230,Swathi Rao,2,193114.11200000002,57934.23360000001,4
CUST02161,Sneha Patel,1,193004.508,57901.3524,3
CUST00807,Pooja Mehta,1,192906.31,57871.89300000001,4
CUST02392,Naveen Kumar,1,192877.08,57863.12400000001,4
CUST00687,Sneha Patel,1,192848.64,57854.592,4
CUST00657,Divya Nair,1,192831.084,57849.32520000002,3
CUST00670,Vikram Rao,2,192810.15000000002,57843.04500000001,6
CUST01191,Swathi Rao,2,192800.37600000002,57840.11280000001,4
CUST02321,Kiran Kumar,1,192761.175,57828.35250000001,5
CUST00215,Suresh Reddy,1,192659.82,57797.946,2
CUST00594,Neha Verma,1,192640.7055,57792.21165000001,3
CUST00727,Swathi Rao,1,192627.84,57788.35200000001,2
CUST00124,Sneha Patel,1,192623.28,57786.984,3
CUST01247,Amit Kumar,1,192618.3,57785.48999999999,5
CUST01699,Priya Reddy,1,192550.4575,57765.13725,5
CUST01088,Vikram Rao,1,192549.06,57764.71799999999,5
CUST01699,Vikram Rao,1,192547.47,57764.24100000001,3
CUST01177,Rohit Joshi,2,192544.09999999998,57763.229999999996,6
CUST00242,Kiran Kumar,1,192521.475,57756.442500000005,3
CUST01084,Rohit Joshi,1,192511.0125,57753.30374999999,5
CUST01675,Anjali Gupta,1,192497.0625,57749.11875,3
CUST01333,Vikram Rao,2,192452.75699999998,57735.8271,3
CUST00396,Arjun Singh,1,192398.55,57719.565,5
CUST02358,Kiran Kumar,1,192394.114,57718.234200000006,4
CUST01750,Pooja Mehta,1,192381.9825,57714.59474999999,3
CUST00298,Priya Reddy,1,192283.695,57685.1085,5
CUST02131,Kiran Kumar,1,192275.88,57682.764,3
CUST00408,Arjun Singh,1,192248.2125,57674.46375000002,5
CUST02328,Rahul Sharma,1,192143.79,57643.13700000002,3
CUST01309,Arjun Singh,1,192105.542,57631.66260000001,4
CUST00474,Kiran Kumar,1,191959.335,57587.80049999998,3
CUST00349,Rahul Sharma,3,191955.40800000002,57586.62240000003,11
CUST00293,Swathi Rao,1,191838.0375,57551.411250000005,5
CUST02450,Swathi Rao,1,191732.91,57519.87300000002,4
CUST02178,Swathi Rao,1,191712.28,57513.68400000001,4
CUST00498,Swathi Rao,1,191669.4325,57500.82975,5
CUST02431,Rahul Sharma,1,191654.82,57496.446,4
CUST02209,Priya Reddy,1,191591.22,57477.36600000001,4
CUST00553,Sneha Patel,1,191461.5675,57438.47025000001,3
CUST00239,Rohit Joshi,1,191457.72,57437.31600000002,3
CUST01007,Naveen Kumar,1,191441.9925,57432.597750000015,3
CUST01072,Sneha Patel,1,191429.406,57428.821800000005,3
CUST01905,Kiran Kumar,1,191234.9475,57370.48425000001,3
CUST00216,Kiran Kumar,2,191211.72,57363.51600000001,5
CUST01816,Swathi Rao,1,191137.512,57341.253600000025,3
CUST01029,Neha Verma,2,191052.93,57315.87900000001,5
CUST01199,Priya Reddy,2,191035.3905,57310.61715,5
CUST02498,Rohit Joshi,1,190909.0,57272.70000000001,4
CUST02080,Sneha Patel,2,190861.18500000003,57258.355500000005,4
CUST02270,Priya Reddy,1,190839.552,57251.86560000002,4
CUST02339,Rohit Joshi,1,190791.39,57237.417000000016,3
CUST00647,Priya Reddy,2,190788.46899999998,57236.540700000005,6
CUST01334,Sneha Patel,2,190752.948,57225.88440000001,8
CUST02116,Swathi Rao,1,190748.12,57224.436000000016,4
CUST01280,Anjali Gupta,2,190687.35,57206.205,7
CUST01717,Suresh Reddy,3,190634.9765,57190.49295,7
CUST02061,Rahul Sharma,1,190596.816,57179.0448,4
CUST02232,Pooja Mehta,1,190420.11,57126.033000000025,4
CUST00393,Kiran Kumar,4,190400.66799999998,57120.200399999994,5
CUST00207,Kiran Kumar,2,190315.278,57094.58339999998,6
CUST00185,Sneha Patel,1,190288.26,57086.478,3
CUST00247,Sneha Patel,1,190270.08,57081.024000000005,3
CUST00342,Rahul Sharma,1,190026.06,57007.818,3
CUST01776,Kiran Kumar,1,190007.6,57002.28,5
CUST01708,Amit Kumar,1,189984.216,56995.2648,3
CUST00071,Rahul Sharma,1,189945.66,56983.698,3
CUST00964,Amit Kumar,1,189895.9,56968.77000000002,5
CUST00006,Rahul Sharma,1,189891.6375,56967.49124999999,5
CUST02441,Rohit Joshi,2,189853.971,56956.19129999999,5
CUST01510,Sneha Patel,1,189850.23,56955.06900000002,4
CUST01621,Rohit Joshi,1,189826.568,56947.97040000002,2
CUST00777,Swathi Rao,1,189760.096,56928.0288,4
CUST01725,Naveen Kumar,1,189739.5525,56921.86575,3
CUST01508,Arjun Singh,1,189725.754,56917.726200000005,4
CUST01680,Divya Nair,2,189717.2225,56915.16675000001,3
CUST00978,Sneha Patel,1,189661.2015,56898.36045000001,3
CUST02233,Sneha Patel,1,189609.72,56882.916,2
CUST00395,Anjali Gupta,1,189606.42,56881.92600000001,4
CUST02057,Sneha Patel,1,189501.12,56850.33600000001,3
CUST02341,Arjun Singh,1,189493.72,56848.11600000001,2
CUST02196,Neha Verma,1,189490.96,56847.288,4
CUST00386,Arjun Singh,1,189460.56,56838.168000000005,3
CUST01368,Naveen Kumar,1,189321.87,56796.561000000016,3
CUST01804,Amit Kumar,1,189218.73,56765.619000000006,3
CUST00423,Suresh Reddy,1,189097.65,56729.29500000001,3
CUST02051,Priya Reddy,1,189025.02,56707.506,4
CUST02015,Anjali Gupta,1,188901.45,56670.435,5
CUST01961,Rohit Joshi,1,188864.38,56659.31400000001,2
CUST01972,Rohit Joshi,1,188847.66,56654.29800000001,3
CUST00659,Rahul Sharma,1,188753.4225,56626.02674999999,3
CUST00256,Divya Nair,1,188734.95,56620.485000000015,3
CUST00440,Swathi Rao,1,188716.272,56614.88159999999,3
CUST00583,Naveen Kumar,1,188659.303,56597.79089999999,2
CUST01282,Amit Kumar,1,188631.8575,56589.55725000001,5
CUST01980,Rohit Joshi,1,188601.524,56580.4572,4
CUST00441,Amit Kumar,1,188595.2025,56578.56075,3
CUST00703,Vikram Rao,1,188531.92,56559.576,2
CUST02342,Amit Kumar,1,188494.877,56548.46309999999,2
CUST02009,Naveen Kumar,1,188450.1375,56535.04125000001,5
CUST00198,Neha Verma,1,188391.025,56517.3075,5
CUST00019,Sneha Patel,2,188358.586,56507.57580000001,5
CUST00349,Swathi Rao,1,188289.36,56486.80800000002,3
CUST01201,Amit Kumar,1,188283.04,56484.91200000001,2
CUST00982,Priya Reddy,1,188179.92,56453.976,4
CUST01532,Swathi Rao,1,188123.445,56437.03350000002,3
CUST01933,Divya Nair,1,188077.44300000003,56423.2329,3
CUST00994,Swathi Rao,1,188034.9345,56410.48035,3
CUST02014,Vikram Rao,1,188025.576,56407.6728,3
CUST00881,Suresh Reddy,1,188003.2125,56400.96375,3
CUST00587,Rahul Sharma,1,187944.048,56383.2144,4
CUST01355,Suresh Reddy,1,187934.013,56380.20390000002,3
CUST01888,Priya Reddy,1,187895.39,56368.617,5
CUST02390,Naveen Kumar,2,187782.285,56334.68550000001,4
CUST01344,Amit Kumar,1,187779.18,56333.754000000015,2
CUST01366,Kiran Kumar,1,187772.49,56331.747,4
CUST01238,Priya Reddy,1,187764.099,56329.2297,3
CUST01640,Swathi Rao,1,187723.35,56317.005000000005,4
CUST00044,Priya Reddy,1,187712.6625,56313.79874999999,5
CUST01030,Amit Kumar,2,187710.06,56313.01800000001,7
CUST01458,Sneha Patel,1,187703.936,56311.1808,4
CUST02323,Priya Reddy,1,187682.4,56304.72,5
CUST00343,Swathi Rao,1,187673.982,56302.19460000002,4
CUST00072,Divya Nair,1,187649.235,56294.77050000001,5
CUST02270,Amit Kumar,1,187624.64,56287.39200000002,4
CUST00887,Vikram Rao,1,187601.056,56280.3168,4
CUST00423,Anjali Gupta,1,187567.95,56270.38500000001,3
CUST02347,Arjun Singh,1,187548.021,56264.4063,3
CUST00750,Vikram Rao,1,187545.92,56263.77600000001,5
CUST01320,Pooja Mehta,1,187511.399,56253.4197,2
CUST00675,Rahul Sharma,1,187463.5875,56239.07625000001,3
CUST01447,Arjun Singh,3,187361.25650000002,56208.376950000005,5
CUST01386,Vikram Rao,2,187325.65999999997,56197.698000000004,8
CUST00523,Vikram Rao,1,187130.016,56139.00480000001,3
CUST02118,Anjali Gupta,2,187084.799,56125.43970000001,6
CUST01664,Divya Nair,1,186943.866,56083.15980000001,3
CUST01879,Amit Kumar,1,186879.2175,56063.76525000001,3
CUST00356,Naveen Kumar,1,186741.04,56022.312000000005,2
CUST01740,Divya Nair,1,186716.124,56014.83720000002,3
CUST01237,Arjun Singh,1,186688.5525,56006.56575000001,3
CUST01845,Rohit Joshi,2,186584.74599999998,55975.42380000001,6
CUST01259,Neha Verma,1,186559.87,55967.961,4
CUST02240,Kiran Kumar,1,186525.696,55957.70879999999,4
CUST00580,Divya Nair,2,186490.8995,55947.26985000001,7
CUST00637,Rohit Joshi,1,186484.90500000003,55945.47150000003,5
CUST00325,Arjun Singh,1,186453.765,55936.129500000025,3
CUST00344,Pooja Mehta,1,186404.92,55921.47600000001,4
CUST01063,Swathi Rao,1,186355.575,55906.672500000015,5
CUST01361,Amit Kumar,1,186225.099,55867.52969999999,3
CUST00621,Rahul Sharma,1,186138.066,55841.41979999999,4
CUST00677,Swathi Rao,1,186080.0625,55824.01875,3
CUST02366,Swathi Rao,1,186045.682,55813.7046,2
CUST00492,Amit Kumar,1,186030.626,55809.18779999999,4
CUST01733,Priya Reddy,1,185962.12,55788.63600000001,4
CUST02100,Anjali Gupta,2,185943.05999999997,55782.918000000005,6
CUST01905,Divya Nair,1,185893.056,55767.916800000006,3
CUST00519,Arjun Singh,1,185875.8,55762.740000000005,5
CUST01406,Swathi Rao,1,185722.815,55716.84450000001,5
CUST00910,Pooja Mehta,1,185721.36,55716.40800000001,5
CUST01845,Anjali Gupta,1,185691.996,55707.59880000001,4
CUST00348,Vikram Rao,1,185687.4275,55706.22824999999,5
CUST00899,Amit Kumar,2,185427.9555,55628.386650000015,6
CUST01604,Priya Reddy,1,185414.92950000003,55624.47885000003,3
CUST00188,Sneha Patel,1,185400.00500000003,55620.00150000001,5
CUST00686,Swathi Rao,1,185321.76,55596.52800000002,3
CUST00096,Rohit Joshi,1,185227.236,55568.17080000002,3
CUST00153,Swathi Rao,1,185129.064,55538.71920000001,4
CUST00963,Swathi Rao,1,185081.37,55524.41099999999,4
CUST01949,Rohit Joshi,1,184997.115,55499.13449999999,3
CUST01012,Kiran Kumar,1,184954.671,55486.4013,3
CUST02280,Neha Verma,1,184949.376,55484.81279999999,4
CUST00559,Anjali Gupta,1,184898.4,55469.52000000002,4
CUST00409,Rohit Joshi,2,184894.832,55468.44960000001,4
CUST02080,Arjun Singh,1,184890.52,55467.15599999999,2
CUST00855,Kiran Kumar,1,184880.868,55464.260400000014,3
CUST00419,Rahul Sharma,1,184776.1875,55432.85625,5
CUST01559,Amit Kumar,1,184710.58,55413.17399999999,2
CUST00197,Priya Reddy,2,184698.945,55409.68349999999,9
CUST01973,Rahul Sharma,1,184634.19,55390.257,5
CUST00302,Rahul Sharma,1,184622.176,55386.65280000001,4
CUST00819,Pooja Mehta,1,184515.21,55354.56300000001,3
CUST01662,Priya Reddy,1,184502.0625,55350.61875,5
CUST01361,Rahul Sharma,1,184491.368,55347.41040000002,2
CUST01058,Neha Verma,2,184458.323,55337.4969,5
CUST00606,Arjun Singh,1,184458.06,55337.41799999999,3
CUST01066,Anjali Gupta,1,184445.8125,55333.74375,5
CUST00822,Naveen Kumar,1,184377.24,55313.172000000006,5
CUST01957,Rohit Joshi,1,184358.4,55307.51999999999,5
CUST00816,Divya Nair,1,184135.275,55240.58249999999,3
CUST01966,Kiran Kumar,1,184053.735,55216.12050000002,3
CUST00793,Swathi Rao,2,184027.22999999998,55208.16900000002,4
CUST01962,Amit Kumar,1,183985.47,55195.641,3
CUST02441,Priya Reddy,1,183820.941,55146.28229999999,3
CUST01653,Swathi Rao,1,183795.072,55138.52160000001,3
CUST00358,Priya Reddy,1,183663.912,55099.17360000001,3
CUST02110,Neha Verma,2,183662.71600000001,55098.81480000001,6
CUST01307,Divya Nair,2,183652.84,55095.852,8
CUST02071,Anjali Gupta,1,183638.31,55091.493,3
CUST02080,Priya Reddy,1,183466.356,55039.9068,2
CUST00209,Anjali Gupta,1,183422.884,55026.86519999999,2
CUST01418,Rohit Joshi,2,183418.49199999997,55025.5476,5
CUST01038,Rahul Sharma,1,183372.21,55011.66299999999,5
CUST00518,Rahul Sharma,2,183364.01,55009.202999999994,6
CUST01892,Amit Kumar,1,183335.99,55000.797000000006,4
CUST01166,Rahul Sharma,1,183274.86,54982.457999999984,2
CUST01559,Priya Reddy,1,183234.34,54970.302,2
CUST02472,Neha Verma,1,183233.792,54970.1376,4
CUST00041,Amit Kumar,1,183219.813,54965.94390000001,3
CUST00981,Swathi Rao,1,183174.87,54952.461,3
CUST00693,Amit Kumar,1,183156.672,54947.00159999999,3
CUST00377,Pooja Mehta,2,183152.202,54945.66060000002,6
CUST02153,Rahul Sharma,1,183128.416,54938.524800000014,4
CUST00096,Amit Kumar,1,183064.725,54919.41750000001,5
CUST01613,Naveen Kumar,1,182977.78500000003,54893.335500000016,5
CUST01124,Kiran Kumar,1,182830.0,54849.0,5
CUST01043,Neha Verma,1,182736.84,54821.052,5
CUST00532,Naveen Kumar,1,182638.545,54791.5635,3
CUST00955,Neha Verma,1,182619.144,54785.7432,3
CUST01929,Kiran Kumar,1,182599.747,54779.9241,2
CUST02058,Naveen Kumar,1,182566.688,54770.00640000001,4
CUST01953,Anjali Gupta,1,182531.61,54759.48300000002,3
CUST00121,Divya Nair,1,182507.4165,54752.22494999999,3
CUST00443,Neha Verma,2,182432.9055,54729.87165000001,6
CUST02377,Rohit Joshi,1,182293.24,54687.97200000001,5
CUST01657,Amit Kumar,2,182282.34399999998,54684.70320000001,3
CUST02178,Suresh Reddy,1,182242.68,54672.80399999999,3
CUST01679,Suresh Reddy,1,182231.532,54669.4596,3
CUST01968,Anjali Gupta,1,182185.94,54655.78200000001,4
CUST01348,Vikram Rao,1,182153.98,54646.19400000002,5
CUST01194,Anjali Gupta,1,181963.589,54589.076700000005,2
CUST00941,Suresh Reddy,1,181934.96,54580.48800000001,2
CUST02174,Priya Reddy,2,181925.262,54577.57860000001,7
CUST00218,Pooja Mehta,1,181855.35,54556.605,3
CUST01125,Rohit Joshi,1,181797.15,54539.14500000002,3
CUST02166,Divya Nair,1,181784.475,54535.3425,5
CUST01346,Kiran Kumar,2,181575.14750000002,54472.54425000001,7
CUST01619,Priya Reddy,1,181551.48,54465.44400000002,3
CUST02423,Amit Kumar,1,181530.261,54459.0783,3
CUST01972,Sneha Patel,1,181454.49,54436.34700000001,4
CUST01563,Divya Nair,1,181409.664,54422.89919999999,4
CUST00254,Anjali Gupta,1,181373.92,54412.17600000001,5
CUST01626,Kiran Kumar,2,181245.83899999998,54373.75169999999,5
CUST01398,Amit Kumar,1,181153.581,54346.07430000001,3
CUST00303,Priya Reddy,1,181126.179,54337.85370000001,3
CUST01314,Anjali Gupta,1,181004.6925,54301.40775,3
CUST01095,Arjun Singh,1,180934.16,54280.24800000001,4
CUST00603,Amit Kumar,1,180930.198,54279.0594,2
CUST01954,Rahul Sharma,1,180918.06,54275.41799999999,2
CUST02021,Pooja Mehta,1,180889.0875,54266.72624999999,3
CUST01489,Swathi Rao,1,180824.04000000004,54247.212000000014,3
CUST00632,Naveen Kumar,1,180790.206,54237.06180000001,2
CUST01562,Rahul Sharma,1,180744.696,54223.40879999999,4
CUST00139,Arjun Singh,2,180614.40000000002,54184.31999999999,3
CUST02371,Rahul Sharma,1,180565.7805,54169.73415000002,3
CUST01292,Priya Reddy,1,180548.6625,54164.598750000005,3
CUST01821,Rahul Sharma,1,180419.991,54125.9973,2
CUST00686,Anjali Gupta,1,180389.13,54116.739,4
CUST00183,Priya Reddy,1,180365.835,54109.75050000001,3
CUST01248,Divya Nair,1,180362.538,54108.7614,3
CUST01782,Rohit Joshi,1,180351.0,54105.3,3
CUST02373,Rohit Joshi,1,180350.7,54105.21000000001,4
CUST02125,Neha Verma,2,180214.25699999998,54064.2771,6
CUST01035,Naveen Kumar,1,180180.66,54054.198,2
CUST00455,Rohit Joshi,1,180162.009,54048.60269999999,2
CUST01532,Pooja Mehta,1,180075.68249999997,54022.70475,5
CUST00653,Amit Kumar,1,180068.09999999998,54020.43000000002,4
CUST01915,Arjun Singh,1,180065.15,54019.54500000001,5
CUST00565,Rahul Sharma,1,180029.2,54008.76000000001,4
CUST02096,Arjun Singh,1,179991.78749999998,53997.53625000002,5
CUST01641,Sneha Patel,1,179869.48,53960.84400000001,2
CUST01108,Anjali Gupta,1,179846.55,53953.96500000001,4
CUST00828,Rohit Joshi,2,179843.13,53952.93900000001,3
CUST00375,Kiran Kumar,1,179698.2,53909.46000000001,4
CUST00569,Rohit Joshi,1,179625.392,53887.61760000001,2
CUST00627,Priya Reddy,1,179614.88,53884.46400000001,2
CUST00712,Swathi Rao,1,179525.6,53857.68000000001,5
CUST01181,Sneha Patel,2,179433.6225,53830.08675,8
CUST02333,Neha Verma,1,179431.434,53829.4302,2
CUST01050,Divya Nair,1,179405.334,53821.6002,2
CUST00225,Anjali Gupta,2,179386.97,53816.091,5
CUST00511,Sneha Patel,2,179382.01499999998,53814.6045,3
CUST02131,Neha Verma,1,179266.96800000002,53780.090400000016,3
CUST01504,Vikram Rao,1,179251.7,53775.51000000001,4
CUST00825,Vikram Rao,2,179232.45,53769.735000000015,5
CUST01658,Pooja Mehta,1,179217.44,53765.232,4
CUST01391,Arjun Singh,1,179172.36,53751.707999999984,4
CUST01092,Divya Nair,1,179166.77000000002,53750.03100000002,5
CUST01666,Neha Verma,2,179099.162,53729.7486,4
CUST02027,Pooja Mehta,1,179088.38400000002,53726.51520000002,3
CUST01258,Priya Reddy,1,178923.0195,53676.90585000001,3
CUST01847,Arjun Singh,1,178898.724,53669.61720000001,4
CUST01651,Anjali Gupta,1,178887.546,53666.2638,2
CUST00387,Sneha Patel,1,178880.32,53664.096000000005,4
CUST01923,Rohit Joshi,1,178835.88,53650.76400000001,5
CUST02316,Anjali Gupta,1,178808.391,53642.51730000001,3
CUST01355,Arjun Singh,1,178773.4875,53632.04624999999,3
CUST00068,Amit Kumar,1,178757.92,53627.37600000002,4
CUST02105,Rahul Sharma,1,178748.775,53624.63249999999,5
CUST01293,Swathi Rao,1,178676.739,53603.0217,3
CUST00267,Anjali Gupta,1,178629.8,53588.93999999999,5
CUST01739,Anjali Gupta,1,178621.0,53586.3,5
CUST01365,Divya Nair,1,178612.6,53583.78,5
CUST02214,Swathi Rao,1,178606.68,53582.00399999999,5
CUST01987,Sneha Patel,1,178536.06,53560.818000000014,3
CUST00072,Swathi Rao,1,178504.704,53551.4112,4
CUST00628,Pooja Mehta,1,178495.164,53548.54920000001,2
CUST02470,Naveen Kumar,1,178478.24,53543.47200000001,5
CUST01755,Arjun Singh,1,178424.69999999998,53527.41,5
CUST00376,Sneha Patel,1,178343.37600000002,53503.01280000001,3
CUST02196,Vikram Rao,1,178276.19250000003,53482.85775000004,3
CUST00221,Rohit Joshi,1,178218.49599999998,53465.5488,4
CUST00312,Pooja Mehta,1,178210.0,53463.0,2
CUST01057,Kiran Kumar,1,178209.632,53462.88960000001,4
CUST00694,Suresh Reddy,1,178197.3615,53459.208450000006,3
CUST00011,Swathi Rao,2,178167.6525,53450.29574999999,3
CUST02254,Kiran Kumar,1,178153.434,53446.03020000001,2
CUST01564,Naveen Kumar,1,178146.312,53443.89360000001,3
CUST02407,Neha Verma,1,178001.64,53400.49200000001,4
CUST01700,Priya Reddy,1,177981.84,53394.552,2
CUST00255,Rohit Joshi,1,177946.05800000002,53383.817400000014,4
CUST00221,Rahul Sharma,2,177915.10749999998,53374.532250000004,7
CUST02036,Divya Nair,1,177909.16500000004,53372.74950000002,5
CUST01729,Priya Reddy,1,177900.61,53370.183000000005,4
CUST00895,Sneha Patel,1,177868.56,53360.568000000014,2
CUST01947,Amit Kumar,1,177747.86899999998,53324.36070000002,2
CUST01663,Naveen Kumar,1,177621.184,53286.355200000005,4
CUST02029,Sneha Patel,1,177579.966,53273.98980000001,3
CUST01060,Kiran Kumar,1,177559.30500000002,53267.79150000002,3
CUST01136,Sneha Patel,1,177555.19199999998,53266.5576,3
CUST01742,Priya Reddy,1,177540.91199999998,53262.2736,2
CUST00412,Rahul Sharma,2,177524.34249999997,53257.30275,10
CUST00084,Suresh Reddy,1,177418.27599999998,53225.48279999998,4
CUST02134,Naveen Kumar,1,177370.67250000002,53211.20175000002,3
CUST02217,Rohit Joshi,2,177351.765,53205.52950000001,3
CUST00130,Divya Nair,1,177347.0685,53204.12054999999,3
CUST00428,Pooja Mehta,2,177344.63,53203.388999999996,6
CUST02140,Sneha Patel,1,177327.64,53198.292000000016,5
CUST01325,Rahul Sharma,1,177088.36000000002,53126.508000000016,5
CUST02314,Suresh Reddy,1,177084.62399999998,53125.3872,3
CUST02430,Arjun Singh,1,177055.737,53116.72110000001,2
CUST01868,Priya Reddy,1,176965.7415,53089.72245,3
CUST00702,Amit Kumar,1,176834.79,53050.437000000005,4
CUST02121,Divya Nair,1,176787.108,53036.1324,4
CUST00399,Sneha Patel,1,176758.12800000003,53027.43840000003,2
CUST01334,Priya Reddy,2,176744.2075,53023.26225000001,7
CUST01982,Pooja Mehta,1,176731.8,53019.54000000001,4
CUST00308,Rohit Joshi,1,176708.61599999998,53012.5848,3
CUST01128,Rohit Joshi,1,176643.904,52993.17120000001,4
CUST00333,Vikram Rao,1,176588.325,52976.49750000001,5
CUST00700,Anjali Gupta,1,176576.238,52972.87140000002,2
CUST00598,Amit Kumar,1,176510.52,52953.15599999999,2
CUST00270,Naveen Kumar,1,176496.56699999998,52948.97010000002,2
CUST01583,Amit Kumar,1,176483.13,52944.939,4
CUST00601,Swathi Rao,1,176454.0,52936.2,3
CUST00420,Neha Verma,1,176315.20249999998,52894.56075,5
CUST00924,Rahul Sharma,1,176300.8575,52890.25725000001,5
CUST02146,Sneha Patel,1,176101.209,52830.3627,3
CUST01342,Arjun Singh,1,176055.312,52816.59360000001,3
CUST01296,Neha Verma,1,176015.16,52804.54800000001,2
CUST01815,Suresh Reddy,1,176000.0,52800.0,2
CUST00810,Swathi Rao,1,175971.505,52791.45150000001,5
CUST02146,Anjali Gupta,2,175907.77000000002,52772.331000000006,7
CUST01849,Anjali Gupta,1,175870.88999999998,52761.26700000001,3
CUST00471,Rahul Sharma,1,175819.77,52745.93100000001,5
CUST01285,Swathi Rao,1,175813.8725,52744.161750000014,5
CUST01718,Pooja Mehta,2,175794.78600000002,52738.43580000001,4
CUST00462,Naveen Kumar,1,175787.525,52736.25749999999,2
CUST01312,Suresh Reddy,1,175671.486,52701.4458,2
CUST01363,Suresh Reddy,1,175666.336,52699.9008,4
CUST02053,Arjun Singh,1,175625.832,52687.74960000001,3
CUST01981,Swathi Rao,1,175594.41,52678.323,3
CUST00745,Kiran Kumar,1,175524.408,52657.32239999999,3
CUST02271,Amit Kumar,2,175511.34,52653.401999999995,3
CUST00697,Amit Kumar,1,175475.48799999998,52642.64639999998,4
CUST00605,Neha Verma,1,175468.696,52640.6088,4
CUST01256,Sneha Patel,1,175462.168,52638.6504,4
CUST02121,Sneha Patel,1,175406.97600000002,52622.09280000003,3
CUST02431,Priya Reddy,1,175391.1,52617.33,5
CUST01001,Sneha Patel,1,175340.896,52602.268800000005,4
CUST01135,Kiran Kumar,1,175258.45799999998,52577.5374,3
CUST01553,Swathi Rao,1,175116.977,52535.09310000001,2
CUST00357,Arjun Singh,2,175108.10499999998,52532.431500000006,7
CUST00144,Priya Reddy,1,175081.08750000002,52524.32625000003,5
CUST01418,Swathi Rao,1,175045.05000000002,52513.515000000014,3
CUST00334,Anjali Gupta,1,174961.03350000002,52488.310050000015,3
CUST00099,Sneha Patel,1,174942.41,52482.723,4
CUST01433,Swathi Rao,1,174892.52,52467.75600000001,4
CUST00417,Rahul Sharma,2,174883.186,52464.9558,4
CUST00094,Amit Kumar,1,174864.106,52459.2318,2
CUST01335,Kiran Kumar,1,174836.245,52450.8735,5
CUST01649,Swathi Rao,1,174834.96,52450.48800000001,4
CUST01602,Swathi Rao,1,174795.09999999998,52438.53,5
CUST01061,Suresh Reddy,1,174762.3,52428.68999999999,2
CUST00558,Rohit Joshi,1,174739.09000000003,52421.72700000003,5
CUST02197,Sneha Patel,1,174728.16,52418.448,3
CUST01416,Priya Reddy,1,174696.12,52408.836,4
CUST00410,Rahul Sharma,1,174655.6,52396.68000000001,4
CUST02419,Pooja Mehta,1,174635.04,52390.512,4
CUST00229,Arjun Singh,1,174591.3175,52377.39525,5
CUST00209,Pooja Mehta,1,174496.12199999997,52348.8366,2
CUST02123,Suresh Reddy,1,174455.44,52336.632,4
CUST01106,Arjun Singh,1,174367.17600000004,52310.15280000004,3
CUST00334,Kiran Kumar,1,174365.316,52309.59479999999,4
CUST01686,Rahul Sharma,2,174363.185,52308.95549999999,5
CUST01243,Kiran Kumar,1,174305.196,52291.55880000001,4
CUST01512,Rahul Sharma,1,174265.184,52279.5552,4
CUST00445,Sneha Patel,1,174216.744,52265.02320000001,3
CUST01258,Divya Nair,2,174213.28249999997,52263.98475000002,3
CUST01845,Neha Verma,1,174192.0285,52257.60855,3
CUST01583,Neha Verma,1,174173.4405,52252.032150000014,3
CUST00642,Rohit Joshi,1,174172.94999999998,52251.88500000002,5
CUST01257,Naveen Kumar,1,174061.59749999997,52218.47925000002,3
CUST02492,Arjun Singh,1,173919.264,52175.77919999999,4
CUST01816,Naveen Kumar,1,173879.925,52163.97750000001,2
CUST01121,Anjali Gupta,1,173824.2,52147.26000000001,2
CUST02264,Naveen Kumar,1,173797.2465,52139.17395000001,3
CUST01600,Divya Nair,1,173769.48,52130.84400000001,3
CUST00395,Neha Verma,1,173605.184,52081.5552,4
CUST00350,Suresh Reddy,2,173591.916,52077.57480000001,7
CUST01491,Suresh Reddy,1,173541.888,52062.56640000001,2
CUST00171,Kiran Kumar,1,173510.72,52053.216,4
CUST00302,Vikram Rao,1,173489.87399999998,52046.96220000002,3
CUST00938,Divya Nair,1,173467.682,52040.3046,4
CUST00353,Arjun Singh,1,173417.0,52025.100000000006,4
CUST02043,Priya Reddy,1,173408.355,52022.50650000002,3
CUST01329,Anjali Gupta,1,173377.952,52013.38560000001,4
CUST02092,Rohit Joshi,1,173224.683,51967.40490000001,3
CUST00014,Rohit Joshi,1,173141.319,51942.39570000001,2
CUST02324,Kiran Kumar,2,173111.056,51933.31680000001,4
CUST01095,Pooja Mehta,1,173095.3175,51928.59525,5
CUST00161,Pooja Mehta,2,172917.71300000002,51875.31390000002,9
CUST01663,Rahul Sharma,2,172792.531,51837.75930000001,6
CUST02136,Kiran Kumar,1,172763.06,51828.91799999999,2
CUST02310,Vikram Rao,1,172750.42,51825.12600000002,2
CUST01958,Priya Reddy,1,172721.34,51816.402,4
CUST00951,Suresh Reddy,1,172640.4975,51792.14925,3
CUST02107,Neha Verma,1,172630.206,51789.06180000001,3
CUST02305,Vikram Rao,1,172544.04,51763.212000000014,4
CUST01507,Kiran Kumar,1,172509.7305,51752.91915,3
CUST01277,Amit Kumar,1,172498.34999999998,51749.50500000002,4
CUST00370,Swathi Rao,1,172474.52000000002,51742.356000000014,4
CUST02147,Naveen Kumar,1,172417.28,51725.184,5
CUST02020,Arjun Singh,1,172308.78,51692.634000000005,2
CUST01058,Anjali Gupta,1,172277.37,51683.211,2
CUST01049,Swathi Rao,1,172264.602,51679.38060000002,3
CUST01204,Divya Nair,1,172243.9,51673.17000000001,2
CUST01292,Neha Verma,1,172242.016,51672.6048,4
CUST02347,Suresh Reddy,1,172229.112,51668.73359999999,4
CUST01149,Arjun Singh,1,172220.52,51666.15599999999,2
CUST02429,Pooja Mehta,1,172196.256,51658.87680000001,4
CUST01169,Divya Nair,1,172148.12,51644.436,4
CUST00960,Kiran Kumar,1,172111.068,51633.3204,4
CUST02404,Suresh Reddy,1,172041.1,51612.33,2
CUST01751,Neha Verma,1,172029.472,51608.841600000014,4
CUST02373,Priya Reddy,1,171952.929,51585.8787,3
CUST00388,Pooja Mehta,1,171915.30000000002,51574.59000000001,5
CUST01834,Arjun Singh,1,171912.90250000003,51573.87075000003,5
CUST01200,Rahul Sharma,1,171894.6,51568.380000000005,5
CUST00285,Amit Kumar,1,171792.5,51537.75,5
CUST02336,Priya Reddy,2,171791.47999999998,51537.444,5
CUST01023,Pooja Mehta,1,171763.36,51529.008,2
CUST02341,Vikram Rao,1,171732.216,51519.664799999984,3
CUST00828,Swathi Rao,1,171649.44,51494.83200000001,4
CUST00564,Neha Verma,1,171573.66000000003,51472.09800000001,5
CUST02128,Pooja Mehta,1,171551.97249999997,51465.59175000002,5
CUST00839,Kiran Kumar,1,171551.23200000002,51465.36960000002,4
CUST00340,Arjun Singh,1,171495.225,51448.567500000005,3
CUST01353,Kiran Kumar,1,171384.408,51415.32239999999,4
CUST00933,Rohit Joshi,1,171382.38749999998,51414.71625,3
CUST02154,Vikram Rao,1,171350.46,51405.13799999999,4
CUST00018,Neha Verma,1,171347.22000000003,51404.16600000001,5
CUST00899,Arjun Singh,1,171282.54,51384.762,4
CUST00026,Pooja Mehta,1,171153.8525,51346.155750000005,5
CUST02474,Rahul Sharma,1,171151.65000000002,51345.49500000002,3
CUST01391,Sneha Patel,1,171145.6065,51343.68195000001,3
CUST02312,Pooja Mehta,1,171129.15000000002,51338.74500000002,4
CUST01691,Amit Kumar,1,171089.3,51326.79000000001,2
CUST01285,Suresh Reddy,1,171010.87199999997,51303.2616,4
CUST02205,Rahul Sharma,1,170987.26499999998,51296.179499999984,5
CUST02307,Pooja Mehta,1,170905.532,51271.65960000001,4
CUST01766,Neha Verma,1,170702.86,51210.85800000001,2
CUST01402,Divya Nair,2,170651.8805,51195.56415000001,3
CUST02322,Suresh Reddy,1,170634.6,51190.380000000005,3
CUST01116,Sneha Patel,1,170522.28,51156.684,2
CUST02044,Kiran Kumar,1,170517.36000000002,51155.20800000001,4
CUST00891,Rohit Joshi,1,170449.91999999998,51134.97600000002,3
CUST00363,Arjun Singh,1,170430.816,51129.24479999999,4
CUST02139,Arjun Singh,1,170400.98,51120.29400000001,2
CUST00743,Rohit Joshi,1,170396.2,51118.860000000015,2
CUST00320,Neha Verma,1,170368.4,51110.51999999999,4
CUST00686,Pooja Mehta,2,170310.898,51093.269400000005,6
CUST01255,Rohit Joshi,1,170276.904,51083.071200000006,2
CUST01102,Rahul Sharma,1,170272.91999999998,51081.876,3
CUST00666,Arjun Singh,1,170271.75,51081.525,4
CUST00319,Rahul Sharma,3,170180.0795,51054.023850000005,3
CUST00741,Pooja Mehta,1,170177.76,51053.32800000001,5
CUST00705,Suresh Reddy,1,170138.052,51041.41559999999,2
CUST00083,Vikram Rao,1,169984.27500000002,50995.28250000003,5
CUST00366,Kiran Kumar,2,169892.90999999997,50967.87300000001,6
CUST00268,Sneha Patel,1,169867.881,50960.3643,3
CUST01408,Arjun Singh,1,169856.146,50956.8438,2
CUST02310,Anjali Gupta,1,169779.972,50933.99160000001,3
CUST00900,Divya Nair,1,169666.81750000003,50900.04525000004,5
CUST01737,Vikram Rao,1,169639.104,50891.73120000001,3
CUST00546,Naveen Kumar,1,169576.256,50872.87680000001,4
CUST00009,Divya Nair,1,169560.56,50868.16799999999,5
CUST00404,Swathi Rao,2,169519.76,50855.92800000001,3
CUST01896,Swathi Rao,1,169465.815,50839.7445,5
CUST00584,Priya Reddy,1,169446.58200000002,50833.97460000003,2
CUST00513,Swathi Rao,2,169242.675,50772.8025,3
CUST00556,Suresh Reddy,1,169238.16,50771.448,3
CUST00973,Rahul Sharma,2,169162.21600000001,50748.664800000006,4
CUST00243,Amit Kumar,2,169141.538,50742.46140000001,3
CUST00112,Anjali Gupta,1,169127.113,50738.133900000015,2
CUST00419,Anjali Gupta,2,169109.5855,50732.875649999994,5
CUST01675,Sneha Patel,1,169081.26900000003,50724.38070000002,3
CUST00453,Swathi Rao,2,169060.89899999998,50718.269700000004,5
CUST00438,Sneha Patel,1,169013.36250000002,50704.00875000002,5
CUST00462,Neha Verma,1,168994.17,50698.25100000002,2
CUST00907,Rohit Joshi,1,168981.36000000002,50694.40800000001,5
CUST01985,Suresh Reddy,1,168939.99,50681.99699999999,4
CUST00853,Neha Verma,1,168906.96,50672.08799999999,2
CUST00328,Anjali Gupta,1,168877.08000000002,50663.12400000001,2
CUST00993,Anjali Gupta,1,168851.91,50655.573,3
CUST02020,Suresh Reddy,1,168844.833,50653.44990000001,2
CUST00630,Suresh Reddy,1,168795.753,50638.72589999999,2
CUST01573,Swathi Rao,1,168755.544,50626.66320000001,3
CUST01102,Priya Reddy,1,168695.55599999998,50608.666800000006,2
CUST00277,Swathi Rao,1,168640.92,50592.27600000001,2
CUST00639,Rahul Sharma,1,168592.774,50577.8322,2
CUST01570,Priya Reddy,1,168532.22,50559.666,5
CUST00161,Arjun Singh,1,168516.88,50555.064,4
CUST01549,Rohit Joshi,1,168512.3625,50553.708750000005,5
CUST00163,Kiran Kumar,1,168504.096,50551.22880000001,4
CUST01697,Priya Reddy,1,168449.37,50534.811,4
CUST00276,Pooja Mehta,2,168445.13399999996,50533.5402,6
CUST02322,Sneha Patel,1,168376.415,50512.92450000001,2
CUST01648,Pooja Mehta,1,168346.4175,50503.925250000015,3
CUST02393,Rohit Joshi,1,168334.57799999998,50500.3734,3
CUST02416,Sneha Patel,1,168286.077,50485.82310000001,2
CUST00552,Rahul Sharma,1,168277.776,50483.33280000002,3
CUST02458,Amit Kumar,1,168031.575,50409.47250000002,5
CUST01042,Naveen Kumar,1,168004.152,50401.2456,3
CUST01249,Priya Reddy,1,167876.01,50362.803000000014,3
CUST00526,Divya Nair,1,167852.898,50355.86940000001,2
CUST00639,Anjali Gupta,1,167842.4,50352.72,2
CUST00157,Sneha Patel,1,167817.727,50345.31810000002,2
CUST00412,Suresh Reddy,1,167728.23,50318.46900000001,3
CUST02327,Divya Nair,1,167665.59,50299.677,2
CUST00854,Swathi Rao,1,167538.24,50261.47200000001,3
CUST00806,Pooja Mehta,1,167443.914,50233.17420000001,4
CUST00717,Divya Nair,1,167434.19,50230.257,5
CUST01151,Kiran Kumar,2,167423.616,50227.08480000001,5
CUST00376,Divya Nair,2,167302.08,50190.62400000001,6
CUST01623,Sneha Patel,1,167283.88499999998,50185.1655,3
CUST01826,Divya Nair,1,167276.15000000002,50182.84500000003,5
CUST00495,Divya Nair,2,167264.6705,50179.401150000005,3
CUST01728,Priya Reddy,1,167118.6615,50135.598450000005,3
CUST01401,Anjali Gupta,1,167069.5,50120.850000000006,5
CUST00435,Naveen Kumar,1,167049.84,50114.95199999999,5
CUST02093,Suresh Reddy,1,166967.18999999997,50090.15700000001,3
CUST01148,Pooja Mehta,1,166965.92,50089.77600000001,2
CUST01700,Neha Verma,2,166901.291,50070.3873,4
CUST00103,Neha Verma,1,166898.74099999998,50069.6223,2
CUST00367,Swathi Rao,1,166870.9875,50061.29624999999,5
CUST01371,Vikram Rao,1,166855.595,50056.6785,5
CUST01978,Divya Nair,1,166850.28,50055.084,2
CUST01976,Kiran Kumar,1,166848.34999999998,50054.50500000002,5
CUST00083,Sneha Patel,1,166829.184,50048.755200000014,3
CUST02007,Amit Kumar,1,166816.223,50044.86689999999,2
CUST00955,Anjali Gupta,1,166739.75699999998,50021.9271,3
CUST00421,Suresh Reddy,2,166626.21899999998,49987.86570000001,3
CUST01140,Anjali Gupta,1,166552.11000000002,49965.633000000016,3
CUST01194,Suresh Reddy,1,166441.9935,49932.598050000015,3
CUST02451,Anjali Gupta,1,166356.1245,49906.83735,3
CUST00818,Arjun Singh,2,166331.9625,49899.588749999995,3
CUST01736,Pooja Mehta,1,166286.08,49885.82400000001,2
CUST00139,Rahul Sharma,3,166262.4725,49878.74175,8
CUST02204,Sneha Patel,2,166221.7415,49866.52245000001,3
CUST01730,Naveen Kumar,1,166215.285,49864.5855,3
CUST00102,Arjun Singh,2,166157.3475,49847.20425,9
CUST00760,Neha Verma,1,166109.76,49832.928000000014,4
CUST00875,Arjun Singh,1,166036.09500000003,49810.82850000003,3
CUST00669,Anjali Gupta,1,165978.96,49793.68800000001,3
CUST00061,Anjali Gupta,1,165882.56,49764.768,2
CUST00122,Kiran Kumar,1,165877.272,49763.1816,3
CUST01954,Priya Reddy,2,165778.64250000002,49733.59275,7
CUST01676,Neha Verma,1,165709.773,49712.93190000001,2
CUST01562,Kiran Kumar,1,165701.16,49710.348,4
CUST02173,Kiran Kumar,2,165697.3,49709.189999999995,8
CUST01596,Swathi Rao,1,165648.555,49694.56649999999,5
CUST00611,Swathi Rao,1,165630.6855,49689.20564999999,3
CUST01399,Rahul Sharma,1,165602.917,49680.875100000005,2
CUST01503,Kiran Kumar,1,165554.84,49666.45199999999,5
CUST02426,Naveen Kumar,1,165521.0,49656.3,4
CUST01275,Sneha Patel,1,165442.249,49632.67470000002,2
CUST00939,Sneha Patel,1,165337.146,49601.143800000005,3
CUST00662,Anjali Gupta,1,165315.865,49594.75949999999,5
CUST02130,Priya Reddy,1,165273.48,49582.04400000001,5
CUST01323,Anjali Gupta,1,165183.951,49555.1853,3
CUST00201,Swathi Rao,1,165171.78,49551.534000000014,3
CUST01032,Priya Reddy,1,165100.64,49530.19200000001,2
CUST01415,Rahul Sharma,1,165078.8685,49523.660550000015,3
CUST01153,Rohit Joshi,1,165018.52800000002,49505.55840000002,2
CUST00599,Priya Reddy,1,164965.722,49489.716600000014,2
CUST01313,Rohit Joshi,1,164921.454,49476.4362,4
CUST01159,Priya Reddy,1,164773.14,49431.94200000001,2
CUST02474,Suresh Reddy,1,164713.6695,49414.10084999999,3
CUST00449,Kiran Kumar,1,164685.54,49405.66200000001,3
CUST00465,Pooja Mehta,1,164670.88,49401.26400000001,5
CUST02234,Vikram Rao,2,164628.49300000002,49388.5479,7
CUST02143,Kiran Kumar,1,164494.74,49348.422000000006,3
CUST01621,Naveen Kumar,1,164492.784,49347.835200000016,2
CUST00242,Rohit Joshi,1,164482.08,49344.62400000001,3
CUST00397,Swathi Rao,1,164475.88799999998,49342.76640000002,3
CUST00553,Naveen Kumar,2,164409.552,49322.86559999999,8
CUST02062,Naveen Kumar,2,164385.64399999997,49315.69319999998,5
CUST01996,Arjun Singh,1,164369.12,49310.73599999999,4
CUST01690,Kiran Kumar,1,164366.604,49309.98120000001,2
CUST01558,Anjali Gupta,1,164364.73200000002,49309.41960000002,4
CUST01621,Vikram Rao,1,164328.28,49298.484,5
CUST01787,Neha Verma,1,164318.82,49295.64600000001,4
CUST00832,Priya Reddy,1,164234.518,49270.355400000015,4
CUST01056,Priya Reddy,1,164134.88999999998,49240.467,5
CUST00338,Amit Kumar,1,164122.93,49236.87899999999,2
CUST02355,Naveen Kumar,1,164065.34249999997,49219.602750000005,3
CUST02330,Neha Verma,1,164015.79,49204.73700000001,4
CUST01472,Sneha Patel,1,163993.0125,49197.90375000001,5
CUST00852,Divya Nair,1,163967.516,49190.25480000001,2
CUST02300,Anjali Gupta,1,163749.0,49124.7,5
CUST00497,Amit Kumar,1,163641.68,49092.50399999999,4
CUST00781,Sneha Patel,1,163604.76,49081.428000000014,2
CUST01599,Naveen Kumar,2,163599.427,49079.82809999999,7
CUST00774,Pooja Mehta,1,163597.788,49079.3364,4
CUST00172,Rohit Joshi,1,163511.049,49053.3147,3
CUST01560,Neha Verma,1,163473.375,49042.0125,5
CUST02303,Rahul Sharma,1,163422.76499999998,49026.82950000001,5
CUST01701,Amit Kumar,1,163301.466,48990.43980000001,2
CUST00117,Suresh Reddy,1,163052.84,48915.852,4
CUST00970,Pooja Mehta,1,163035.30000000002,48910.59000000001,5
CUST01336,Swathi Rao,1,162971.4,48891.42,3
CUST01856,Rahul Sharma,1,162846.16,48853.848,5
CUST01025,Sneha Patel,1,162831.09250000003,48849.32775000001,5
CUST00952,Rahul Sharma,2,162803.9735,48841.19205,5
CUST00973,Divya Nair,1,162768.7155,48830.61464999999,3
CUST01540,Sneha Patel,1,162684.096,48805.2288,4
CUST00359,Rohit Joshi,1,162678.78,48803.634000000005,2
CUST00797,Sneha Patel,1,162652.158,48795.6474,4
CUST00655,Divya Nair,1,162649.95,48794.985000000015,5
CUST01107,Pooja Mehta,1,162559.51200000002,48767.85360000002,3
CUST00081,Arjun Singh,1,162418.41,48725.523,3
CUST01605,Rahul Sharma,1,162368.462,48710.5386,2
CUST02242,Suresh Reddy,1,162317.35,48695.205,5
CUST00841,Rohit Joshi,1,162271.98,48681.59400000001,4
CUST01754,Kiran Kumar,1,162263.448,48679.0344,4
CUST00079,Pooja Mehta,1,162233.875,48670.162500000006,2
CUST01501,Sneha Patel,1,162212.56,48663.768,2
CUST02446,Vikram Rao,2,162169.3,48650.79000000001,3
CUST02255,Kiran Kumar,1,162156.2085,48646.862550000005,3
CUST02342,Sneha Patel,1,162149.961,48644.98830000001,3
CUST01219,Rohit Joshi,1,162093.7,48628.110000000015,2
CUST02317,Rahul Sharma,1,162064.44,48619.33200000001,2
CUST00350,Sneha Patel,1,162002.13199999998,48600.63959999998,4
CUST00678,Pooja Mehta,1,161941.93050000002,48582.57915000002,3
CUST00950,Divya Nair,1,161901.28000000003,48570.38400000004,5
CUST02135,Amit Kumar,1,161852.29200000002,48555.68760000002,2
CUST00896,Priya Reddy,2,161786.562,48535.96860000001,5
CUST01449,Suresh Reddy,1,161785.7,48535.71000000001,5
CUST02368,Suresh Reddy,1,161741.33800000002,48522.40140000002,4
CUST01105,Sneha Patel,1,161718.008,48515.402400000006,4
CUST01517,Pooja Mehta,1,161551.585,48465.47549999999,5
CUST00166,Kiran Kumar,1,161464.35,48439.30500000001,5
CUST00033,Naveen Kumar,1,161449.668,48434.9004,4
CUST02391,Amit Kumar,1,161295.73200000002,48388.71960000001,4
CUST02182,Priya Reddy,2,161276.688,48383.006400000006,6
CUST01850,Pooja Mehta,2,161258.03399999999,48377.41020000001,8
CUST02064,Rahul Sharma,1,161230.144,48369.0432,4
CUST00751,Rahul Sharma,1,161217.675,48365.302500000005,3
CUST00779,Rohit Joshi,2,161198.17200000002,48359.4516,6
CUST02304,Naveen Kumar,1,161161.605,48348.48150000001,3
CUST00563,Rahul Sharma,1,161129.62800000003,48338.88840000001,4
CUST01866,Sneha Patel,1,161082.973,48324.8919,2
CUST00361,Naveen Kumar,1,161067.34,48320.20199999999,2
CUST02120,Anjali Gupta,1,160998.90000000002,48299.67000000003,5
CUST01221,Amit Kumar,1,160929.95599999998,48278.9868,2
CUST01971,Priya Reddy,1,160873.96,48262.18800000001,4
CUST01509,Anjali Gupta,1,160859.295,48257.78850000001,5
CUST00314,Rahul Sharma,1,160843.80800000002,48253.142400000026,4
CUST01181,Naveen Kumar,1,160757.508,48227.2524,4
CUST01290,Divya Nair,1,160594.56,48178.368,4
CUST02020,Pooja Mehta,2,160591.74599999998,48177.523799999995,5
CUST01796,Naveen Kumar,1,160577.325,48173.19750000001,5
CUST02054,Naveen Kumar,1,160548.347,48164.504100000006,2
CUST01574,Pooja Mehta,1,160424.86,48127.457999999984,2
CUST00912,Amit Kumar,2,160405.03399999999,48121.510200000004,3
CUST02301,Divya Nair,1,160276.34999999998,48082.905,5
CUST01399,Kiran Kumar,1,160260.478,48078.1434,2
CUST01476,Arjun Singh,1,160237.64,48071.292000000016,2
CUST00043,Divya Nair,2,160165.38,48049.61400000001,7
CUST00021,Sneha Patel,1,160157.328,48047.19840000001,3
CUST00107,Naveen Kumar,1,160088.886,48026.6658,2
CUST02029,Pooja Mehta,1,160005.27000000002,48001.58100000002,2
CUST00064,Neha Verma,1,159999.34199999998,47999.8026,2
CUST01583,Swathi Rao,1,159985.28,47995.584,4
CUST00620,Sneha Patel,1,159949.3625,47984.80874999998,5
CUST02466,Amit Kumar,1,159865.26,47959.57800000001,4
CUST01110,Vikram Rao,1,159827.658,47948.2974,3
CUST00323,Anjali Gupta,1,159740.154,47922.04620000001,2
CUST00453,Vikram Rao,1,159720.633,47916.1899,3
CUST02378,Swathi Rao,1,159695.6,47908.68000000001,5
CUST01833,Pooja Mehta,1,159687.96,47906.38799999999,2
CUST02428,Rahul Sharma,1,159657.58800000002,47897.27640000002,4
CUST01102,Swathi Rao,1,159621.1,47886.33,5
CUST01162,Arjun Singh,1,159612.68249999997,47883.80475000001,5
CUST02164,Neha Verma,1,159583.0,47874.9,4
CUST02120,Rohit Joshi,1,159561.71500000003,47868.51450000002,5
CUST00272,Vikram Rao,1,159541.062,47862.3186,4
CUST02060,Amit Kumar,1,159526.152,47857.8456,3
CUST01067,Sneha Patel,2,159522.032,47856.60959999999,4
CUST01743,Vikram Rao,1,159475.018,47842.50540000001,2
CUST01328,Kiran Kumar,1,159397.11,47819.133,2
CUST00171,Rahul Sharma,1,159371.24,47811.37199999999,5
CUST01972,Swathi Rao,1,159243.948,47773.1844,2
CUST01052,Naveen Kumar,1,159068.43000000002,47720.52900000002,5
CUST02226,Neha Verma,1,159020.19300000003,47706.05790000003,3
CUST00589,Priya Reddy,1,158987.25,47696.175,5
CUST02192,Amit Kumar,2,158967.51,47690.25300000001,5
CUST00387,Arjun Singh,1,158912.6175,47673.78524999999,3
CUST02342,Priya Reddy,1,158810.721,47643.21629999999,3
CUST00487,Kiran Kumar,1,158796.82799999998,47639.0484,3
CUST00196,Arjun Singh,1,158680.76,47604.228,4
CUST02158,Pooja Mehta,1,158623.702,47587.11059999999,2
CUST02285,Swathi Rao,1,158621.7725,47586.53175000001,5
CUST00768,Sneha Patel,1,158586.552,47575.9656,3
CUST02469,Amit Kumar,1,158411.06,47523.318,2
CUST02401,Rahul Sharma,2,158370.27200000003,47511.08160000002,4
CUST00922,Naveen Kumar,1,158319.756,47495.9268,2
CUST01531,Pooja Mehta,1,158316.512,47494.95360000001,4
CUST01899,Vikram Rao,1,158252.136,47475.6408,3
CUST01565,Pooja Mehta,1,158226.56,47467.96799999999,2
CUST00631,Anjali Gupta,1,158187.448,47456.2344,2
CUST01809,Suresh Reddy,1,158119.5,47435.850000000006,4
CUST00171,Swathi Rao,1,158085.2865,47425.58595000001,3
CUST02489,Sneha Patel,1,158077.87199999997,47423.36160000002,2
CUST01616,Rahul Sharma,2,158073.651,47422.09530000003,3
CUST00726,Pooja Mehta,1,158068.704,47420.6112,3
CUST00550,Suresh Reddy,1,158021.685,47406.5055,5
CUST01810,Pooja Mehta,1,157994.576,47398.3728,4
CUST00362,Anjali Gupta,1,157987.744,47396.3232,2
CUST00057,Arjun Singh,2,157936.696,47381.0088,8
CUST01553,Rahul Sharma,1,157895.1585,47368.54754999999,3
CUST00772,Divya Nair,1,157892.04000000004,47367.61200000004,3
CUST01223,Anjali Gupta,1,157825.818,47347.7454,3
CUST00511,Rahul Sharma,1,157822.08000000002,47346.62400000001,3
CUST02475,Neha Verma,1,157819.32,47345.796,3
CUST01226,Anjali Gupta,1,157688.40000000002,47306.52000000002,3
CUST00136,Arjun Singh,1,157653.3375,47296.00125,3
CUST00796,Kiran Kumar,1,157619.925,47285.97750000001,3
CUST01196,Vikram Rao,1,157549.09500000003,47264.72850000001,5
CUST01321,Divya Nair,2,157527.98,47258.394,8
CUST02127,Pooja Mehta,1,157440.132,47232.03960000002,4
CUST01573,Rahul Sharma,1,157416.838,47225.05139999998,2
CUST00584,Suresh Reddy,1,157372.592,47211.7776,2
CUST02228,Divya Nair,1,157342.77,47202.831000000006,5
CUST02164,Suresh Reddy,1,157312.526,47193.75780000001,4
CUST00367,Amit Kumar,1,157295.968,47188.7904,4
CUST02102,Suresh Reddy,1,157279.08000000002,47183.72400000002,4
CUST00975,Arjun Singh,1,157273.64,47182.09200000002,2
CUST00165,Divya Nair,1,157245.84,47173.75199999999,3
CUST00084,Vikram Rao,1,157171.272,47151.38159999999,3
CUST00684,Suresh Reddy,1,157164.47999999998,47149.344,3
CUST00084,Neha Verma,1,157109.556,47132.86680000002,4
CUST00556,Anjali Gupta,2,157078.56,47123.568,7
CUST01500,Rahul Sharma,1,157066.704,47120.01119999999,4
CUST01451,Swathi Rao,1,157053.24,47115.97200000001,2
CUST02455,Vikram Rao,1,157025.136,47107.5408,3
CUST01383,Divya Nair,1,157019.8,47105.93999999999,2
CUST01783,Priya Reddy,2,156983.4,47095.020000000004,3
CUST00615,Kiran Kumar,1,156951.446,47085.4338,4
CUST00526,Neha Verma,1,156931.06,47079.318,2
CUST00994,Suresh Reddy,1,156876.141,47062.8423,2
CUST02122,Vikram Rao,1,156855.41999999998,47056.626,3
CUST00206,Rahul Sharma,1,156815.73,47044.71900000001,4
CUST01214,Naveen Kumar,1,156734.9805,47020.49415,3
CUST01779,Anjali Gupta,1,156697.902,47009.3706,3
CUST00063,Naveen Kumar,2,156648.21,46994.463,5
CUST01654,Rahul Sharma,1,156595.84000000003,46978.75200000001,5
CUST00444,Divya Nair,1,156594.9645,46978.48935,3
CUST00138,Naveen Kumar,1,156462.36,46938.707999999984,4
CUST00368,Sneha Patel,1,156394.86599999998,46918.4598,3
CUST00486,Priya Reddy,1,156355.74,46906.72200000001,2
CUST01933,Vikram Rao,1,156303.168,46890.9504,4
CUST02374,Sneha Patel,1,156286.951,46886.085300000006,2
CUST00314,Swathi Rao,1,156162.6,46848.78,2
CUST02009,Rahul Sharma,1,156160.30500000002,46848.09150000002,5
CUST01329,Divya Nair,1,156097.908,46829.37239999999,2
CUST02140,Arjun Singh,1,156057.36,46817.207999999984,5
CUST01499,Rahul Sharma,1,156032.992,46809.8976,4
CUST02161,Amit Kumar,1,156001.437,46800.4311,3
CUST00281,Pooja Mehta,1,155997.40499999997,46799.221500000014,5
CUST00618,Pooja Mehta,1,155942.19900000002,46782.65970000002,3
CUST02025,Swathi Rao,1,155933.87999999998,46780.16400000002,3
CUST01197,Naveen Kumar,1,155922.73200000002,46776.81960000002,3
CUST02086,Amit Kumar,1,155891.598,46767.4794,2
CUST01821,Anjali Gupta,2,155854.81050000002,46756.44315000001,3
CUST02252,Neha Verma,1,155852.25,46755.675,5
CUST00898,Vikram Rao,1,155845.584,46753.6752,2
CUST00345,Arjun Singh,2,155815.8935,46744.768050000006,7
CUST02395,Pooja Mehta,1,155767.345,46730.2035,2
CUST01710,Pooja Mehta,1,155763.5295,46729.05885,3
CUST02052,Swathi Rao,1,155750.68800000002,46725.206400000025,3
CUST00465,Swathi Rao,1,155715.096,46714.52879999999,3
CUST02118,Pooja Mehta,2,155683.48849999998,46705.04655,5
CUST01591,Priya Reddy,1,155645.145,46693.54349999999,5
CUST01557,Rahul Sharma,1,155634.3,46690.29000000001,2
CUST00834,Rahul Sharma,2,155569.6125,46670.88375000001,4
CUST02481,Priya Reddy,1,155488.9275,46646.67825,5
CUST00197,Anjali Gupta,1,155462.84,46638.852,5
CUST02495,Rohit Joshi,1,155457.996,46637.39880000001,3
CUST00307,Vikram Rao,1,155332.106,46599.6318,2
CUST01309,Naveen Kumar,1,155264.28749999998,46579.28625000002,5
CUST00673,Divya Nair,1,155253.34999999998,46576.00500000002,5
CUST02423,Arjun Singh,1,155236.282,46570.884600000005,4
CUST00499,Arjun Singh,1,155192.15850000002,46557.64755000002,3
CUST02414,Sneha Patel,1,155186.97,46556.091,4
CUST00755,Suresh Reddy,1,155176.255,46552.8765,2
CUST00591,Sneha Patel,1,155166.66,46549.99800000001,2
CUST01933,Neha Verma,1,155124.69250000003,46537.40775000001,5
CUST00963,Suresh Reddy,1,155117.36000000002,46535.20800000001,2
CUST00222,Vikram Rao,1,155089.992,46526.9976,3
CUST00991,Rahul Sharma,1,155075.16,46522.54800000001,3
CUST01654,Anjali Gupta,1,155015.48,46504.644000000015,4
CUST01552,Anjali Gupta,2,154957.142,46487.142600000014,9
CUST02255,Priya Reddy,1,154955.4,46486.62000000001,2
CUST01983,Kiran Kumar,1,154935.99,46480.797000000006,4
CUST01355,Sneha Patel,1,154892.76750000002,46467.83025000001,3
CUST01190,Suresh Reddy,1,154883.3925,46465.01774999999,5
CUST00732,Swathi Rao,1,154821.00600000002,46446.30180000003,3
CUST02049,Swathi Rao,1,154770.00999999998,46431.003,4
CUST02340,Anjali Gupta,1,154739.304,46421.79120000001,4
CUST01346,Rohit Joshi,1,154692.59999999998,46407.78,5
CUST01776,Priya Reddy,1,154683.3825,46405.01475,3
CUST00209,Rohit Joshi,1,154605.6075,46381.68225000001,3
CUST01466,Naveen Kumar,1,154570.352,46371.10560000001,2
CUST01017,Vikram Rao,1,154477.82799999998,46343.3484,2
CUST01037,Rahul Sharma,1,154452.288,46335.686400000006,2
CUST02241,Anjali Gupta,1,154427.3,46328.18999999999,5
CUST00382,Rahul Sharma,1,154420.353,46326.10590000001,3
CUST01430,Kiran Kumar,1,154417.8375,46325.35124999999,3
CUST00659,Naveen Kumar,1,154365.3,46309.58999999998,5
CUST01102,Suresh Reddy,1,154363.0775,46308.92325000001,5
CUST00430,Anjali Gupta,1,154334.646,46300.393800000005,2
CUST02489,Anjali Gupta,1,154312.86000000002,46293.85800000002,4
CUST01610,Vikram Rao,1,154289.31,46286.79299999999,2
CUST00730,Pooja Mehta,1,154250.73,46275.21900000001,3
CUST02349,Rahul Sharma,1,154206.32,46261.89600000001,2
CUST00815,Naveen Kumar,1,154189.66,46256.898,2
CUST01433,Priya Reddy,1,154177.5,46253.25,5
CUST01296,Amit Kumar,2,154135.06,46240.51799999999,7
CUST01240,Neha Verma,1,154115.73,46234.71900000001,3
CUST01435,Arjun Singh,1,154105.39,46231.61700000001,4
CUST01235,Divya Nair,1,154060.344,46218.10320000001,4
CUST02435,Rahul Sharma,1,154058.11800000002,46217.43540000002,2
CUST01666,Suresh Reddy,1,153910.832,46173.24960000001,2
CUST01539,Neha Verma,1,153884.68,46165.40400000001,2
CUST01724,Pooja Mehta,1,153842.166,46152.6498,2
CUST00893,Swathi Rao,1,153799.641,46139.89230000001,3
CUST01719,Naveen Kumar,1,153752.8875,46125.86625000001,3
CUST01188,Sneha Patel,1,153740.248,46122.0744,4
CUST01867,Kiran Kumar,1,153597.584,46079.2752,2
CUST00148,Kiran Kumar,1,153588.9225,46076.676749999984,3
CUST01863,Priya Reddy,1,153565.92,46069.77600000001,3
CUST01368,Amit Kumar,2,153545.615,46063.6845,4
CUST01809,Priya Reddy,1,153520.308,46056.09240000001,4
CUST01785,Priya Reddy,1,153518.076,46055.4228,2
CUST02097,Rohit Joshi,1,153488.403,46046.52089999999,2
CUST02207,Anjali Gupta,1,153339.677,46001.9031,2
CUST01474,Swathi Rao,1,153063.55,45919.06499999999,5
CUST00203,Divya Nair,1,153043.11899999998,45912.9357,3
CUST01094,Priya Reddy,1,153041.548,45912.46440000001,2
CUST02346,Kiran Kumar,1,153003.80800000002,45901.142400000026,2
CUST02297,Divya Nair,1,152995.695,45898.70850000001,5
CUST01677,Suresh Reddy,1,152974.53,45892.359,3
CUST01891,Anjali Gupta,1,152957.56,45887.268,2
CUST01814,Anjali Gupta,1,152947.176,45884.15280000001,3
CUST01358,Naveen Kumar,1,152941.928,45882.578399999984,2
CUST02281,Suresh Reddy,1,152941.9,45882.56999999999,5
CUST00341,Pooja Mehta,1,152856.8325,45857.049750000006,3
CUST00044,Vikram Rao,1,152854.128,45856.2384,3
CUST02075,Pooja Mehta,1,152853.63,45856.08900000001,3
CUST01004,Priya Reddy,1,152829.63,45848.88900000001,5
CUST00929,Vikram Rao,1,152822.06100000002,45846.61830000002,2
CUST02300,Naveen Kumar,1,152804.0325,45841.20975,3
CUST02197,Vikram Rao,1,152781.804,45834.54120000001,2
CUST01067,Divya Nair,1,152781.25,45834.375,5
CUST00596,Rahul Sharma,1,152755.695,45826.70850000001,3
CUST00725,Neha Verma,2,152705.639,45811.691699999996,5
CUST01638,Sneha Patel,1,152694.74,45808.422000000006,2
CUST02105,Amit Kumar,1,152692.17,45807.65100000001,4
CUST00839,Priya Reddy,2,152615.6625,45784.69875000001,5
CUST01233,Amit Kumar,2,152566.733,45770.01990000001,5
CUST01477,Vikram Rao,1,152547.75,45764.325,5
CUST02170,Suresh Reddy,1,152507.65499999997,45752.29650000001,3
CUST02048,Priya Reddy,1,152480.2845,45744.08535000001,3
CUST00535,Priya Reddy,1,152479.34399999998,45743.80319999998,2
CUST00092,Arjun Singh,1,152419.539,45725.86170000001,2
CUST00052,Anjali Gupta,1,152386.02,45715.80599999998,5
CUST00230,Pooja Mehta,2,152342.06799999997,45702.6204,3
CUST01711,Vikram Rao,1,152334.45,45700.33500000001,2
CUST00473,Vikram Rao,1,152324.672,45697.4016,2
CUST01873,Naveen Kumar,2,152307.964,45692.389200000005,3
CUST00090,Anjali Gupta,1,152300.92200000002,45690.27660000003,2
CUST01546,Sneha Patel,1,152163.88,45649.164,4
CUST02328,Amit Kumar,1,152140.296,45642.0888,4
CUST00744,Rahul Sharma,2,152097.832,45629.3496,4
CUST01071,Priya Reddy,1,152034.084,45610.2252,3
CUST01523,Naveen Kumar,1,151996.896,45599.06880000001,2
CUST02244,Priya Reddy,1,151837.44,45551.232,3
CUST02410,Naveen Kumar,1,151779.14500000002,45533.74350000001,2
CUST01632,Pooja Mehta,1,151705.8225,45511.746750000006,3
CUST02393,Arjun Singh,1,151701.387,45510.41609999999,2
CUST02040,Anjali Gupta,1,151661.658,45498.49739999999,2
CUST01467,Priya Reddy,1,151598.76,45479.62800000001,4
CUST02162,Vikram Rao,2,151547.505,45464.251500000006,7
CUST00325,Priya Reddy,2,151462.09600000002,45438.6288,6
CUST01139,Naveen Kumar,2,151432.016,45429.6048,5
CUST01148,Amit Kumar,1,151383.52,45415.05599999998,2
CUST00752,Priya Reddy,1,151358.56,45407.568,2
CUST00583,Suresh Reddy,1,151319.648,45395.894400000005,4
CUST02402,Amit Kumar,1,151258.34999999998,45377.50500000002,4
CUST00406,Rohit Joshi,1,151249.34000000003,45374.80200000001,5
CUST01999,Swathi Rao,1,151246.08000000002,45373.82400000002,2
CUST00681,Swathi Rao,1,151229.2175,45368.76525,5
CUST01357,Rohit Joshi,1,151228.448,45368.5344,2
CUST01557,Pooja Mehta,1,151178.481,45353.5443,3
CUST00495,Pooja Mehta,2,151070.67700000003,45321.20310000001,8
CUST00489,Pooja Mehta,1,150999.88,45299.96400000001,2
CUST00975,Rahul Sharma,1,150960.76499999998,45288.2295,2
CUST00338,Swathi Rao,1,150934.708,45280.412400000016,2
CUST00489,Swathi Rao,1,150933.888,45280.1664,2
CUST01536,Neha Verma,1,150858.347,45257.504100000006,2
CUST00253,Rahul Sharma,1,150829.29000000004,45248.787,3
CUST00655,Anjali Gupta,1,150798.9375,45239.68125,5
CUST00231,Kiran Kumar,1,150794.35,45238.30500000001,5
CUST01780,Arjun Singh,1,150791.315,45237.39450000001,2
CUST01134,Amit Kumar,1,150744.95,45223.485000000015,5
CUST01980,Arjun Singh,1,150669.04,45200.712000000014,4
CUST01739,Kiran Kumar,1,150666.478,45199.9434,2
CUST01767,Neha Verma,1,150628.61250000002,45188.58375000002,3
CUST01202,Divya Nair,1,150624.67500000002,45187.40250000001,3
CUST00506,Vikram Rao,1,150527.152,45158.1456,2
CUST00144,Kiran Kumar,1,150497.748,45149.3244,4
CUST02042,Neha Verma,1,150483.572,45145.07160000001,4
CUST01778,Naveen Kumar,1,150463.818,45139.1454,2
CUST00718,Sneha Patel,1,150437.488,45131.24640000002,4
CUST01066,Naveen Kumar,1,150409.755,45122.9265,3
CUST00175,Divya Nair,2,150401.2625,45120.37875,7
CUST00574,Arjun Singh,2,150393.67099999997,45118.10130000001,4
CUST00165,Suresh Reddy,1,150382.321,45114.6963,2
CUST00830,Neha Verma,1,150178.635,45053.590500000006,3
CUST01127,Suresh Reddy,1,150116.328,45034.898400000005,2
CUST01073,Kiran Kumar,1,150101.856,45030.556800000006,2
CUST02427,Kiran Kumar,1,150100.076,45030.022800000006,2
CUST00160,Anjali Gupta,1,150062.202,45018.66059999999,2
CUST00375,Naveen Kumar,1,150059.916,45017.9748,2
CUST00041,Sneha Patel,1,150016.44,45004.932,2
CUST01374,Suresh Reddy,1,150014.6,45004.380000000005,4
CUST00814,Naveen Kumar,1,150012.182,45003.6546,4
CUST01040,Rahul Sharma,1,149989.368,44996.81039999999,3
CUST00105,Naveen Kumar,1,149953.32799999998,44985.9984,2
CUST00039,Naveen Kumar,1,149920.59,44976.177,2
CUST00369,Kiran Kumar,1,149910.246,44973.07380000001,2
CUST01838,Naveen Kumar,1,149898.66,44969.598,2
CUST00474,Neha Verma,1,149871.065,44961.3195,5
CUST00959,Divya Nair,1,149809.44,44942.83200000001,2
CUST01518,Arjun Singh,1,149807.52,44942.25600000001,3
CUST00603,Rahul Sharma,2,149799.21800000002,44939.76540000002,7
CUST00886,Vikram Rao,1,149736.204,44920.8612,3
CUST00248,Divya Nair,1,149712.45,44913.735000000015,4
CUST00542,Kiran Kumar,1,149697.7,44909.31000000001,2
CUST00503,Kiran Kumar,1,149658.972,44897.691600000006,3
CUST02355,Divya Nair,1,149651.3625,44895.40874999999,3
CUST01378,Suresh Reddy,1,149584.752,44875.4256,2
CUST01141,Priya Reddy,1,149553.085,44865.9255,5
CUST00229,Amit Kumar,1,149456.304,44836.8912,2
CUST01362,Vikram Rao,1,149430.18600000002,44829.05580000002,2
CUST02227,Sneha Patel,1,149337.728,44801.3184,4
CUST01396,Rohit Joshi,1,149295.52,44788.65599999999,4
CUST01453,Anjali Gupta,1,149262.309,44778.692700000014,3
CUST01236,Sneha Patel,1,149248.576,44774.5728,4
CUST00346,Neha Verma,1,149101.08,44730.32400000001,3
CUST01033,Suresh Reddy,1,149019.52,44705.85599999999,4
CUST02367,Neha Verma,2,148953.70799999998,44686.112400000005,8
CUST01284,Suresh Reddy,2,148808.81449999998,44642.644349999995,2
CUST02039,Rahul Sharma,1,148796.85,44639.05500000001,5
CUST01920,Anjali Gupta,1,148764.33800000002,44629.30140000001,4
CUST00882,Swathi Rao,2,148745.825,44623.7475,3
CUST01959,Naveen Kumar,1,148670.364,44601.109200000006,3
CUST02156,Amit Kumar,1,148632.7875,44589.83625000001,5
CUST01588,Suresh Reddy,1,148609.776,44582.93280000001,3
CUST02266,Divya Nair,1,148582.11200000002,44574.633600000016,2
CUST02447,Priya Reddy,1,148557.82499999998,44567.3475,5
CUST01521,Naveen Kumar,1,148481.895,44544.56850000001,2
CUST02400,Priya Reddy,1,148479.44,44543.83200000001,5
CUST01636,Suresh Reddy,1,148402.152,44520.6456,2
CUST01065,Kiran Kumar,1,148268.628,44480.58839999999,4
CUST00976,Rohit Joshi,1,148169.52,44450.85599999999,3
CUST02394,Suresh Reddy,1,148105.088,44431.52639999999,4
CUST01868,Neha Verma,1,148094.49300000002,44428.34790000002,2
CUST01167,Naveen Kumar,1,147997.044,44399.11319999999,2
CUST00105,Anjali Gupta,1,147964.889,44389.46669999999,2
CUST00313,Vikram Rao,1,147919.50749999998,44375.85225,5
CUST01031,Anjali Gupta,1,147897.248,44369.17439999999,2
CUST00881,Rahul Sharma,1,147860.05,44358.01499999999,5
CUST01017,Divya Nair,1,147842.496,44352.748800000016,2
CUST01419,Vikram Rao,1,147830.048,44349.014400000015,4
CUST01509,Neha Verma,1,147815.83800000002,44344.75140000002,2
CUST00174,Swathi Rao,1,147813.096,44343.92880000001,3
CUST00739,Amit Kumar,1,147764.57400000002,44329.37220000003,3
CUST02022,Arjun Singh,2,147701.984,44310.59520000001,6
CUST01013,Priya Reddy,1,147488.73599999998,44246.62080000002,3
CUST01255,Priya Reddy,1,147467.01,44240.103,2
CUST00223,Sneha Patel,1,147438.76499999998,44231.62949999998,2
CUST00498,Anjali Gupta,1,147436.784,44231.03520000001,2
CUST00836,Naveen Kumar,1,147422.47499999998,44226.74249999999,2
CUST00477,Sneha Patel,1,147421.16999999998,44226.35099999998,3
CUST00525,Neha Verma,1,147355.218,44206.56539999999,2
CUST01778,Suresh Reddy,2,147240.942,44172.28260000001,7
CUST01406,Sneha Patel,1,147187.29,44156.187000000005,2
CUST01845,Amit Kumar,1,147180.288,44154.0864,3
CUST01379,Rahul Sharma,2,147137.112,44141.133599999994,8
CUST01323,Divya Nair,1,147097.0575,44129.11725,3
CUST01443,Vikram Rao,1,147062.17200000002,44118.65160000003,3
CUST02010,Divya Nair,1,147055.272,44116.58159999999,3
CUST00267,Suresh Reddy,1,147029.79,44108.937000000005,2
CUST02049,Naveen Kumar,1,147009.078,44102.7234,2
CUST02099,Neha Verma,1,146977.5375,44093.26125000001,5
CUST01788,Arjun Singh,1,146975.445,44092.63350000001,2
CUST01608,Kiran Kumar,1,146907.168,44072.1504,2
CUST02105,Kiran Kumar,1,146895.7725,44068.73174999999,3
CUST00594,Naveen Kumar,1,146876.895,44063.06850000001,3
CUST00147,Neha Verma,2,146870.235,44061.0705,4
CUST00460,Rohit Joshi,1,146867.42,44060.22600000001,5
CUST01075,Priya Reddy,2,146740.796,44022.23880000001,6
CUST02414,Rohit Joshi,2,146689.54200000002,44006.86260000001,4
CUST01993,Pooja Mehta,1,146645.83800000002,43993.75140000002,4
CUST01940,Sneha Patel,1,146591.69749999998,43977.50925,5
CUST02378,Priya Reddy,1,146589.198,43976.75940000001,3
CUST00853,Priya Reddy,1,146554.84,43966.45199999999,2
CUST01669,Arjun Singh,1,146496.48750000002,43948.94625000002,5
CUST00177,Vikram Rao,1,146474.56,43942.368,5
CUST01814,Suresh Reddy,1,146462.01,43938.603,4
CUST01059,Rohit Joshi,1,146459.36000000002,43937.80800000002,4
CUST01663,Neha Verma,1,146439.5,43931.850000000006,2
CUST02304,Sneha Patel,1,146432.68649999998,43929.80594999998,3
CUST01402,Rohit Joshi,1,146428.816,43928.64480000001,2
CUST00299,Amit Kumar,1,146381.46,43914.43800000001,2
CUST01313,Kiran Kumar,1,146350.41749999998,43905.12525,3
CUST00586,Anjali Gupta,1,146251.26,43875.37800000001,3
CUST02479,Anjali Gupta,1,146226.80250000002,43868.040750000015,5
CUST01213,Amit Kumar,1,146140.9425,43842.28275,3
CUST02014,Anjali Gupta,1,146107.6875,43832.30625,3
CUST01848,Vikram Rao,2,146099.69999999998,43829.90999999999,4
CUST00384,Suresh Reddy,1,146068.86599999998,43820.65979999998,2
CUST01693,Arjun Singh,1,146050.352,43815.10560000001,2
CUST00283,Suresh Reddy,2,146027.31,43808.19300000001,10
CUST00049,Swathi Rao,1,145979.98,43793.994000000006,2
CUST00940,Anjali Gupta,1,145972.272,43791.6816,3
CUST01697,Anjali Gupta,1,145972.179,43791.65370000001,3
CUST00880,Amit Kumar,1,145958.352,43787.50560000002,3
CUST00136,Priya Reddy,1,145843.755,43753.1265,2
CUST01792,Divya Nair,1,145830.726,43749.2178,4
CUST01962,Sneha Patel,1,145825.076,43747.522800000006,4
CUST02237,Rohit Joshi,1,145810.2325,43743.06975000001,5
CUST00781,Priya Reddy,1,145799.424,43739.8272,4
CUST01508,Rahul Sharma,1,145732.1175,43719.63524999999,3
CUST01012,Divya Nair,1,145704.72600000002,43711.417800000025,2
CUST00804,Amit Kumar,1,145657.53,43697.259000000005,3
CUST02291,Swathi Rao,1,145633.91700000002,43690.17510000002,3
CUST02290,Sneha Patel,2,145621.188,43686.356400000004,2
CUST01276,Suresh Reddy,1,145571.66999999998,43671.501,5
CUST02113,Rohit Joshi,3,145563.767,43669.1301,5
CUST01618,Suresh Reddy,1,145521.309,43656.39270000001,3
CUST00538,Swathi Rao,1,145419.408,43625.82239999999,2
CUST01516,Divya Nair,1,145393.01,43617.903000000006,2
CUST01522,Vikram Rao,1,145274.133,43582.2399,2
CUST02090,Naveen Kumar,1,145197.22,43559.166,2
CUST01875,Kiran Kumar,1,145124.5035,43537.35105,3
CUST00582,Suresh Reddy,1,145122.132,43536.63960000001,4
CUST01257,Anjali Gupta,1,144986.30099999998,43495.8903,3
CUST00424,Rohit Joshi,1,144961.83000000002,43488.54900000001,2
CUST01242,Neha Verma,1,144959.552,43487.86559999999,2
CUST00827,Sneha Patel,1,144937.944,43481.38319999998,3
CUST00102,Anjali Gupta,1,144931.32,43479.39600000001,3
CUST00520,Naveen Kumar,1,144898.65600000002,43469.596800000014,4
CUST00414,Priya Reddy,1,144881.97,43464.591,4
CUST00799,Swathi Rao,1,144727.2,43418.16000000002,5
CUST00970,Rohit Joshi,1,144677.0025,43403.10075,3
CUST00260,Rahul Sharma,1,144655.6275,43396.68825000001,3
CUST01667,Divya Nair,1,144587.968,43376.39039999999,2
CUST02354,Pooja Mehta,1,144508.95,43352.68500000001,4
CUST01587,Sneha Patel,2,144504.872,43351.4616,6
CUST00938,Vikram Rao,1,144471.59999999998,43341.48,3
CUST01134,Rahul Sharma,1,144424.71,43327.41299999999,5
CUST01639,Divya Nair,2,144421.1085,43326.33255,6
CUST01137,Priya Reddy,1,144395.26499999998,43318.57950000001,2
CUST00225,Priya Reddy,1,144380.35,43314.10500000001,5
CUST00895,Pooja Mehta,2,144267.30800000002,43280.19239999999,5
CUST01988,Pooja Mehta,1,144244.30500000002,43273.29150000001,5
CUST00478,Rahul Sharma,2,144201.015,43260.30450000001,5
CUST01052,Rahul Sharma,1,144154.917,43246.47509999998,3
CUST00132,Arjun Singh,1,144136.05,43240.81499999999,5
CUST00786,Suresh Reddy,1,144097.83000000002,43229.34900000002,5
CUST00906,Kiran Kumar,1,144095.56999999998,43228.671,5
CUST01802,Suresh Reddy,1,144065.072,43219.52160000002,4
CUST00788,Divya Nair,1,144027.91350000002,43208.37405000003,3
CUST01978,Arjun Singh,1,144009.2475,43202.77425,3
CUST02001,Sneha Patel,1,144003.80250000002,43201.14075000002,3
CUST02303,Arjun Singh,1,143979.549,43193.864700000006,3
CUST01129,Amit Kumar,1,143979.36000000002,43193.80800000002,4
CUST01768,Divya Nair,1,143979.152,43193.7456,2
CUST00151,Pooja Mehta,1,143978.202,43193.460600000006,2
CUST02100,Priya Reddy,1,143952.192,43185.657600000006,4
CUST02385,Swathi Rao,1,143928.1455,43178.443650000016,3
CUST02312,Anjali Gupta,2,143911.173,43173.3519,7
CUST01056,Kiran Kumar,1,143829.354,43148.80619999999,4
CUST01736,Neha Verma,1,143822.312,43146.6936,4
CUST02473,Naveen Kumar,1,143810.525,43143.1575,2
CUST01193,Rohit Joshi,1,143776.82,43133.046,2
CUST01045,Rohit Joshi,1,143651.685,43095.5055,5
CUST01051,Suresh Reddy,2,143604.392,43081.31760000001,5
CUST00280,Vikram Rao,1,143540.06399999998,43062.01919999998,4
CUST01405,Vikram Rao,1,143534.90999999997,43060.473,5
CUST00612,Pooja Mehta,1,143414.01,43024.20300000001,3
CUST01376,Rohit Joshi,1,143389.846,43016.95379999999,4
CUST00555,Swathi Rao,1,143382.76,43014.82800000001,5
CUST00027,Rohit Joshi,1,143378.127,43013.438100000014,3
CUST00910,Rahul Sharma,1,143260.08000000002,42978.02400000002,2
CUST01055,Kiran Kumar,1,143028.885,42908.6655,2
CUST02152,Rohit Joshi,1,142956.2475,42886.87424999999,3
CUST01061,Divya Nair,1,142947.373,42884.21190000001,2
CUST01133,Naveen Kumar,1,142895.264,42868.57919999999,2
CUST01948,Rohit Joshi,1,142892.46,42867.738,2
CUST00764,Rohit Joshi,1,142827.978,42848.3934,4
CUST01570,Sneha Patel,1,142800.00999999998,42840.003,5
CUST01476,Pooja Mehta,1,142786.048,42835.8144,2
CUST00429,Amit Kumar,1,142747.89500000002,42824.36850000001,2
CUST01139,Arjun Singh,1,142739.96,42821.988,4
CUST02477,Suresh Reddy,1,142684.416,42805.3248,4
CUST02151,Vikram Rao,1,142618.86000000002,42785.65800000001,3
CUST01451,Rohit Joshi,1,142586.19199999998,42775.8576,2
CUST01529,Sneha Patel,1,142574.304,42772.29120000001,3
CUST01038,Anjali Gupta,1,142528.932,42758.6796,2
CUST01148,Neha Verma,1,142475.44,42742.632,5
CUST01055,Vikram Rao,1,142461.952,42738.585600000006,2
CUST01206,Neha Verma,1,142396.584,42718.9752,3
CUST01813,Pooja Mehta,1,142349.168,42704.7504,2
CUST00990,Suresh Reddy,2,142293.2,42687.96000000001,6
CUST00245,Divya Nair,1,142233.584,42670.07520000001,2
CUST01309,Sneha Patel,1,142160.79,42648.23700000001,2
CUST01820,Vikram Rao,1,142138.29,42641.48700000001,3
CUST00641,Pooja Mehta,1,141995.458,42598.63740000001,2
CUST00259,Arjun Singh,2,141964.98750000002,42589.496250000004,5
CUST00312,Neha Verma,1,141939.76499999998,42581.929499999984,3
CUST01010,Rohit Joshi,1,141870.144,42561.0432,3
CUST02223,Suresh Reddy,1,141822.96,42546.88799999999,4
CUST01183,Amit Kumar,1,141747.825,42524.34750000002,2
CUST00775,Suresh Reddy,1,141722.56,42516.768,4
CUST01495,Priya Reddy,1,141705.5,42511.65,5
CUST01860,Swathi Rao,1,141575.45599999998,42472.63679999999,4
CUST01048,Naveen Kumar,2,141553.2635,42465.97905,3
CUST00015,Arjun Singh,1,141510.261,42453.0783,3
CUST00831,Anjali Gupta,1,141484.41,42445.323,2
CUST00832,Anjali Gupta,1,141465.609,42439.68269999999,3
CUST01955,Vikram Rao,2,141227.552,42368.265600000006,3
CUST01815,Amit Kumar,1,141146.801,42344.04030000001,2
CUST01221,Arjun Singh,2,141133.34100000001,42340.002300000015,6
CUST00174,Naveen Kumar,1,141133.212,42339.9636,2
CUST00389,Amit Kumar,1,141122.97,42336.891,3
CUST01383,Kiran Kumar,1,141069.75,42320.925,4
CUST02260,Vikram Rao,1,141023.755,42307.1265,2
CUST02308,Kiran Kumar,1,141005.854,42301.75619999999,4
CUST02300,Neha Verma,1,140954.848,42286.4544,2
CUST00479,Suresh Reddy,1,140854.914,42256.4742,2
CUST02249,Swathi Rao,1,140692.74,42207.82199999999,2
CUST00359,Amit Kumar,1,140691.3075,42207.39224999999,3
CUST01300,Neha Verma,1,140629.45500000002,42188.83650000002,5
CUST01810,Swathi Rao,1,140571.405,42171.4215,3
CUST01432,Amit Kumar,1,140564.016,42169.20480000001,4
CUST00078,Kiran Kumar,1,140556.135,42166.840500000006,2
CUST00489,Rahul Sharma,1,140400.44,42120.132,5
CUST00912,Arjun Singh,1,140331.454,42099.4362,2
CUST00224,Neha Verma,2,140247.6135,42074.28405000001,3
CUST01861,Suresh Reddy,1,140244.012,42073.20360000001,4
CUST02134,Amit Kumar,1,140212.24,42063.672000000006,2
CUST01663,Pooja Mehta,1,140193.81,42058.143,4
CUST00836,Kiran Kumar,1,140146.215,42043.8645,2
CUST01509,Pooja Mehta,1,140146.13999999998,42043.842,3
CUST00254,Pooja Mehta,2,140133.762,42040.12860000001,5
CUST01985,Neha Verma,1,140065.3,42019.58999999998,2
CUST00053,Arjun Singh,1,140043.15000000002,42012.94500000001,4
CUST01305,Priya Reddy,1,139905.9,41971.76999999999,2
CUST02484,Kiran Kumar,1,139901.84,41970.552,2
CUST00223,Rohit Joshi,1,139822.23,41946.66900000001,3
CUST00281,Swathi Rao,1,139779.864,41933.9592,3
CUST02131,Rahul Sharma,1,139751.2,41925.360000000015,5
CUST01450,Kiran Kumar,1,139738.65600000002,41921.596800000014,2
CUST00746,Amit Kumar,1,139651.38,41895.414,2
CUST01931,Swathi Rao,1,139637.408,41891.2224,4
CUST01759,Swathi Rao,1,139555.02,41866.50600000001,2
CUST00294,Rohit Joshi,1,139547.685,41864.3055,3
CUST01498,Amit Kumar,1,139475.988,41842.79640000001,4
CUST01000,Vikram Rao,1,139473.954,41842.1862,2
CUST01509,Vikram Rao,1,139465.472,41839.6416,2
CUST00442,Anjali Gupta,1,139456.219,41836.86570000001,2
CUST02450,Amit Kumar,1,139419.632,41825.88960000001,2
CUST01749,Suresh Reddy,1,139323.4185,41797.025550000006,3
CUST01013,Amit Kumar,3,139319.8915,41795.96745,8
CUST02284,Divya Nair,1,139268.012,41780.403600000005,2
CUST00288,Arjun Singh,1,139265.88,41779.76400000001,5
CUST00599,Rahul Sharma,1,139233.824,41770.14719999999,4
CUST01947,Rohit Joshi,1,139214.88,41764.46400000001,3
CUST01606,Swathi Rao,2,139108.008,41732.4024,6
CUST00470,Priya Reddy,1,139068.99899999998,41720.6997,3
CUST00472,Rohit Joshi,1,139036.88,41711.064,5
CUST02483,Arjun Singh,1,138977.25,41693.175,2
CUST02004,Vikram Rao,1,138895.002,41668.500600000014,2
CUST02315,Anjali Gupta,1,138850.83000000002,41655.24900000001,5
CUST00852,Naveen Kumar,1,138850.32,41655.096000000005,2
CUST02040,Rahul Sharma,1,138830.148,41649.044399999984,2
CUST01931,Sneha Patel,1,138724.05599999998,41617.21679999998,4
CUST02104,Rahul Sharma,1,138661.395,41598.41849999999,2
CUST02014,Naveen Kumar,1,138660.94,41598.28200000001,2
CUST00980,Divya Nair,1,138659.49,41597.84700000001,3
CUST00501,Anjali Gupta,1,138625.038,41587.5114,2
CUST02481,Kiran Kumar,1,138567.96,41570.38799999999,4
CUST00756,Divya Nair,1,138481.62,41544.48599999999,2
CUST01140,Neha Verma,1,138469.96,41540.988,4
CUST00745,Neha Verma,1,138462.88,41538.864,4
CUST01868,Pooja Mehta,1,138415.275,41524.58249999999,5
CUST00062,Neha Verma,1,138399.244,41519.77320000001,2
CUST02148,Sneha Patel,2,138351.1065,41505.33195,2
CUST00787,Swathi Rao,1,138301.646,41490.49380000001,4
CUST00440,Suresh Reddy,1,138278.42,41483.52600000001,2
CUST00210,Rahul Sharma,1,138232.296,41469.6888,2
CUST01366,Neha Verma,1,138212.0,41463.600000000006,5
CUST01307,Priya Reddy,1,138185.5275,41455.65824999999,5
CUST02137,Swathi Rao,1,138122.688,41436.8064,3
CUST02348,Anjali Gupta,1,138019.93600000002,41405.98080000002,2
CUST02497,Kiran Kumar,2,138001.1125,41400.33375000001,3
CUST00855,Rahul Sharma,2,137993.91,41398.17300000001,3
CUST00117,Naveen Kumar,1,137967.59999999998,41390.28,3
CUST01571,Rahul Sharma,2,137891.82700000002,41367.5481,6
CUST01456,Amit Kumar,2,137890.128,41367.038400000005,7
CUST00954,Priya Reddy,1,137888.865,41366.65950000001,3
CUST01105,Rahul Sharma,1,137807.792,41342.337599999984,2
CUST02054,Vikram Rao,1,137806.27200000003,41341.88160000001,3
CUST00293,Kiran Kumar,2,137773.124,41331.93720000001,2
CUST00843,Arjun Singh,1,137764.63,41329.38900000001,4
CUST01924,Divya Nair,1,137731.08,41319.32400000001,2
CUST00319,Rohit Joshi,1,137672.52,41301.75600000001,4
CUST01121,Neha Verma,1,137636.22,41290.866,4
CUST00540,Neha Verma,1,137612.448,41283.7344,4
CUST01350,Amit Kumar,1,137556.36000000002,41266.90800000001,3
CUST00475,Sneha Patel,1,137534.166,41260.24979999999,3
CUST00754,Priya Reddy,2,137524.692,41257.407600000006,5
CUST02470,Amit Kumar,2,137521.718,41256.51540000001,3
CUST01848,Priya Reddy,1,137488.62,41246.586,2
CUST01538,Swathi Rao,2,137473.08,41241.924000000006,6
CUST01892,Priya Reddy,1,137447.112,41234.13359999999,3
CUST02041,Sneha Patel,1,137391.408,41217.4224,2
CUST00370,Priya Reddy,2,137299.09,41189.727,6
CUST01454,Kiran Kumar,1,137296.128,41188.83839999999,4
CUST02263,Swathi Rao,2,137288.6475,41186.59425000001,9
CUST00676,Kiran Kumar,1,137285.505,41185.65150000001,5
CUST01950,Rahul Sharma,1,137184.674,41155.4022,4
CUST02073,Rohit Joshi,1,137138.238,41141.47140000001,2
CUST00149,Neha Verma,1,137095.888,41128.76640000001,2
CUST00006,Swathi Rao,1,137089.42,41126.826000000015,2
CUST00546,Amit Kumar,1,137049.665,41114.899500000014,5
CUST02270,Anjali Gupta,1,137025.53999999998,41107.662,3
CUST02159,Sneha Patel,1,136991.882,41097.56460000001,2
CUST02074,Naveen Kumar,1,136909.92,41072.97600000001,2
CUST01641,Divya Nair,1,136880.91,41064.273,3
CUST01516,Vikram Rao,1,136844.305,41053.29149999999,5
CUST00092,Kiran Kumar,1,136802.144,41040.643200000006,4
CUST01854,Rahul Sharma,1,136747.692,41024.307600000015,2
CUST00978,Swathi Rao,2,136725.016,41017.50480000001,9
CUST00127,Neha Verma,1,136668.21,41000.46299999999,4
CUST01693,Amit Kumar,1,136663.4565,40999.03695,3
CUST01608,Swathi Rao,1,136617.1725,40985.151750000005,5
CUST01280,Rohit Joshi,1,136610.16,40983.04800000001,5
CUST01168,Swathi Rao,1,136565.352,40969.60560000001,4
CUST00255,Naveen Kumar,1,136558.96000000002,40967.68800000002,5
CUST02204,Kiran Kumar,1,136556.22999999998,40966.869000000006,4
CUST00677,Kiran Kumar,1,136518.177,40955.4531,3
CUST01284,Swathi Rao,1,136508.42599999998,40952.5278,4
CUST01446,Swathi Rao,1,136502.22,40950.666,2
CUST00714,Vikram Rao,2,136475.913,40942.7739,4
CUST00621,Amit Kumar,2,136446.61,40933.98300000001,3
CUST02423,Swathi Rao,1,136433.54700000002,40930.06410000002,3
CUST01774,Kiran Kumar,1,136425.81,40927.743,3
CUST00017,Swathi Rao,1,136410.88999999998,40923.26700000001,5
CUST00305,Rohit Joshi,1,136297.72799999997,40889.31840000002,3
CUST01953,Vikram Rao,1,136240.41,40872.12300000001,2
CUST02120,Vikram Rao,1,136098.216,40829.4648,2
CUST01866,Kiran Kumar,1,136057.824,40817.34719999999,4
CUST00961,Suresh Reddy,1,135986.4,40795.92,5
CUST00055,Rahul Sharma,1,135973.584,40792.07520000001,3
CUST02494,Sneha Patel,2,135966.4225,40789.92675,7
CUST02434,Swathi Rao,1,135893.565,40768.0695,3
CUST00895,Kiran Kumar,1,135883.5,40765.05,2
CUST01514,Kiran Kumar,1,135677.16,40703.148,2
CUST00729,Arjun Singh,1,135671.59,40701.477,5
CUST01710,Divya Nair,1,135600.012,40680.00359999998,2
CUST01626,Pooja Mehta,1,135597.41999999998,40679.22599999998,2
CUST00756,Arjun Singh,1,135565.589,40669.67670000001,2
CUST01247,Vikram Rao,1,135537.80800000002,40661.34240000002,2
CUST00531,Vikram Rao,2,135467.68,40640.304,4
CUST00884,Rahul Sharma,2,135461.02300000002,40638.30690000001,5
CUST01743,Pooja Mehta,1,135439.0,40631.7,5
CUST02295,Vikram Rao,1,135398.484,40619.54519999999,4
CUST01833,Priya Reddy,1,135342.72,40602.816000000006,4
CUST01678,Neha Verma,1,135338.22,40601.466,5
CUST02375,Amit Kumar,1,135332.52,40599.75600000001,4
CUST01419,Suresh Reddy,1,135297.03600000002,40589.11080000002,4
CUST02392,Arjun Singh,1,135230.256,40569.07680000001,2
CUST01358,Kiran Kumar,1,135218.7735,40565.632050000015,3
CUST02355,Rohit Joshi,1,135206.3655,40561.90965,3
CUST02320,Divya Nair,1,135201.096,40560.32879999999,3
CUST02129,Divya Nair,1,135190.82,40557.246000000014,2
CUST01216,Swathi Rao,2,135093.1375,40527.94125,10
CUST00615,Rohit Joshi,1,135089.712,40526.9136,3
CUST01950,Kiran Kumar,2,135074.34,40522.302,3
CUST00988,Divya Nair,1,135066.02,40519.80599999998,2
CUST01461,Vikram Rao,1,134929.335,40478.8005,2
CUST00601,Rahul Sharma,1,134815.065,40444.51950000001,2
CUST00530,Rohit Joshi,1,134767.48500000002,40430.24550000002,3
CUST00983,Amit Kumar,1,134673.8525,40402.155750000005,5
CUST01742,Sneha Patel,2,134595.78999999998,40378.73700000001,3
CUST02127,Anjali Gupta,1,134456.196,40336.8588,2
CUST02280,Rahul Sharma,1,134453.196,40335.95879999999,3
CUST01349,Swathi Rao,2,134449.472,40334.8416,3
CUST00359,Pooja Mehta,1,134422.417,40326.72509999998,2
CUST02280,Pooja Mehta,1,134405.97,40321.791,3
CUST00579,Vikram Rao,1,134390.09999999998,40317.03,4
CUST02026,Rohit Joshi,2,134309.256,40292.776800000014,5
CUST01412,Arjun Singh,1,134308.296,40292.48880000001,3
CUST02339,Kiran Kumar,1,134293.992,40288.1976,3
CUST01338,Sneha Patel,1,134286.57,40285.971000000005,3
CUST00516,Kiran Kumar,1,134219.808,40265.94239999999,3
CUST01994,Amit Kumar,1,134208.68,40262.60399999999,2
CUST00610,Swathi Rao,1,134193.5,40258.05,5
CUST00290,Kiran Kumar,1,134170.32,40251.096000000005,2
CUST02287,Sneha Patel,1,134065.5,40219.65,2
CUST01703,Arjun Singh,1,134032.65000000002,40209.79500000003,4
CUST01157,Divya Nair,1,134018.378,40205.5134,2
CUST00565,Arjun Singh,1,133904.552,40171.36559999999,2
CUST00990,Arjun Singh,2,133901.08500000002,40170.325500000006,6
CUST00884,Kiran Kumar,1,133800.498,40140.14940000001,2
CUST00777,Rahul Sharma,1,133775.26,40132.57800000001,2
CUST00191,Priya Reddy,1,133731.74099999998,40119.5223,3
CUST01327,Divya Nair,1,133705.88999999998,40111.76700000001,2
CUST00615,Pooja Mehta,1,133687.48799999998,40106.2464,4
CUST00059,Vikram Rao,1,133677.1695,40103.150850000005,3
CUST02451,Arjun Singh,1,133663.68,40099.10399999999,4
CUST01271,Naveen Kumar,1,133656.6825,40097.00474999999,3
CUST01556,Naveen Kumar,1,133573.55,40072.06499999999,5
CUST01217,Rahul Sharma,1,133379.163,40013.748900000006,3
CUST02372,Rahul Sharma,1,133327.8,39998.33999999998,4
CUST00250,Priya Reddy,1,133253.4885,39976.046550000014,3
CUST01081,Vikram Rao,2,133224.344,39967.30320000001,3
CUST00753,Amit Kumar,1,133178.925,39953.677500000005,2
CUST00852,Rahul Sharma,1,133017.894,39905.3682,4
CUST00351,Suresh Reddy,1,132997.03499999997,39899.1105,5
CUST01814,Naveen Kumar,1,132935.868,39880.76039999999,2
CUST00512,Anjali Gupta,1,132919.74,39875.922000000006,2
CUST01686,Rohit Joshi,1,132881.22249999997,39864.366750000016,5
CUST00887,Pooja Mehta,2,132872.088,39861.62640000001,4
CUST02267,Divya Nair,1,132861.21,39858.363,4
CUST02215,Amit Kumar,1,132834.65250000003,39850.39575000001,3
CUST01110,Amit Kumar,1,132728.87,39818.66099999999,4
CUST02225,Rahul Sharma,2,132700.375,39810.1125,7
CUST01325,Naveen Kumar,1,132599.86,39779.957999999984,2
CUST02482,Divya Nair,2,132581.62649999998,39774.48795,6
CUST01534,Swathi Rao,1,132579.555,39773.86649999999,2
CUST01609,Rohit Joshi,1,132555.78,39766.734,4
CUST01792,Anjali Gupta,1,132538.048,39761.41440000001,2
CUST02321,Priya Reddy,1,132484.0075,39745.20225,5
CUST01147,Rahul Sharma,2,132384.4545,39715.33635,6
CUST01742,Kiran Kumar,2,132294.312,39688.293600000005,6
CUST02179,Amit Kumar,1,132279.71,39683.91299999999,2
CUST02488,Swathi Rao,1,132223.4325,39667.02975,3
CUST02011,Swathi Rao,1,132081.56999999998,39624.47100000002,2
CUST00220,Suresh Reddy,1,132062.25600000002,39618.67680000003,3
CUST01519,Priya Reddy,1,132023.456,39607.0368,2
CUST00925,Kiran Kumar,1,132004.19199999998,39601.2576,4
CUST02056,Rohit Joshi,1,131985.456,39595.63680000001,2
CUST00248,Anjali Gupta,2,131964.45750000002,39589.337250000004,8
CUST00713,Priya Reddy,2,131906.267,39571.88010000001,4
CUST01702,Suresh Reddy,1,131821.22,39546.366,2
CUST01541,Arjun Singh,1,131782.34,39534.70199999999,2
CUST00962,Neha Verma,1,131717.06999999998,39515.121,5
CUST02300,Sneha Patel,2,131703.9215,39511.17645,4
CUST00942,Rahul Sharma,1,131660.01,39498.00300000001,4
CUST01731,Divya Nair,1,131653.35,39496.005000000005,5
CUST00106,Sneha Patel,1,131637.152,39491.1456,2
CUST02494,Rohit Joshi,1,131575.57950000002,39472.67385000001,3
CUST02061,Naveen Kumar,1,131562.27750000003,39468.68325000003,3
CUST00241,Arjun Singh,1,131514.754,39454.4262,4
CUST00268,Swathi Rao,1,131513.30099999998,39453.99030000002,3
CUST01216,Divya Nair,1,131507.442,39452.2326,3
CUST01342,Vikram Rao,1,131483.655,39445.0965,3
CUST00320,Naveen Kumar,2,131438.34000000003,39431.502000000015,4
CUST00582,Rahul Sharma,1,131314.8,39394.43999999999,3
CUST00146,Amit Kumar,1,131305.184,39391.5552,4
CUST00162,Sneha Patel,1,131301.76,39390.528000000006,4
CUST01957,Pooja Mehta,1,131292.7,39387.81000000001,5
CUST01439,Suresh Reddy,1,131195.76,39358.728,2
CUST02237,Vikram Rao,1,131193.85,39358.155,5
CUST00432,Sneha Patel,2,131117.715,39335.3145,3
CUST01188,Pooja Mehta,1,131115.87,39334.761,2
CUST01425,Rahul Sharma,1,131089.64,39326.89200000001,4
CUST01189,Anjali Gupta,1,131023.848,39307.1544,4
CUST01931,Amit Kumar,1,130971.298,39291.389400000015,4
CUST02307,Swathi Rao,1,130933.46499999998,39280.0395,5
CUST00402,Neha Verma,1,130931.0625,39279.318750000006,5
CUST01080,Suresh Reddy,1,130921.35,39276.404999999984,5
CUST01004,Divya Nair,1,130910.6,39273.18000000001,4
CUST00973,Amit Kumar,1,130810.326,39243.0978,2
CUST01117,Kiran Kumar,2,130806.22399999999,39241.8672,7
CUST02070,Rahul Sharma,1,130802.66999999998,39240.80100000001,5
CUST02495,Amit Kumar,1,130798.908,39239.6724,2
CUST02442,Anjali Gupta,2,130752.867,39225.8601,8
CUST00769,Kiran Kumar,1,130726.3365,39217.90095000001,3
CUST00547,Divya Nair,1,130717.08,39215.124,2
CUST00854,Neha Verma,1,130671.86,39201.558000000005,4
CUST02250,Vikram Rao,1,130662.42,39198.726,4
CUST00369,Sneha Patel,1,130654.8,39196.44,4
CUST01245,Suresh Reddy,1,130604.63999999998,39181.39200000001,3
CUST02476,Amit Kumar,1,130526.05749999998,39157.81724999998,5
CUST01630,Swathi Rao,1,130476.96,39143.088,2
CUST02030,Pooja Mehta,1,130474.288,39142.28639999998,2
CUST00007,Amit Kumar,1,130460.8875,39138.26625,3
CUST01592,Anjali Gupta,1,130366.6,39109.98000000001,4
CUST01303,Rahul Sharma,1,130357.272,39107.1816,3
CUST00699,Divya Nair,1,130334.0,39100.2,2
CUST01886,Anjali Gupta,1,130308.552,39092.5656,2
CUST02245,Divya Nair,1,130267.81799999998,39080.345400000006,2
CUST01048,Kiran Kumar,1,130134.48,39040.34400000001,2
CUST00675,Suresh Reddy,1,130121.66400000002,39036.49920000002,3
CUST00753,Neha Verma,1,130119.16,39035.74800000001,2
CUST00843,Suresh Reddy,1,130114.044,39034.2132,4
CUST00022,Divya Nair,1,130112.475,39033.74250000001,5
CUST00413,Naveen Kumar,1,130071.794,39021.53820000001,4
CUST01466,Divya Nair,2,130064.0835,39019.225050000015,5
CUST00184,Swathi Rao,1,130038.56500000002,39011.56950000001,2
CUST00300,Anjali Gupta,1,130019.4675,39005.84025,3
CUST02077,Arjun Singh,1,129916.64,38974.992,2
CUST00901,Priya Reddy,1,129896.616,38968.98479999999,2
CUST01048,Neha Verma,1,129824.25,38947.275,5
CUST01518,Sneha Patel,1,129817.696,38945.3088,2
CUST01971,Rohit Joshi,2,129769.84,38930.952000000005,5
CUST01714,Swathi Rao,1,129723.15,38916.94500000001,2
CUST02105,Suresh Reddy,1,129722.112,38916.6336,4
CUST02497,Pooja Mehta,2,129700.751,38910.2253,3
CUST01139,Pooja Mehta,1,129654.936,38896.480800000005,4
CUST00925,Divya Nair,1,129628.706,38888.611799999984,4
CUST02098,Anjali Gupta,1,129619.044,38885.7132,2
CUST01438,Amit Kumar,1,129594.73500000002,38878.42050000002,3
CUST00262,Kiran Kumar,1,129576.788,38873.0364,4
CUST00695,Neha Verma,1,129478.32,38843.496000000014,3
CUST02319,Rahul Sharma,1,129419.279,38825.783700000015,2
CUST02152,Sneha Patel,1,129374.819,38812.44569999998,2
CUST00344,Anjali Gupta,1,129309.66,38792.89799999999,4
CUST00536,Anjali Gupta,1,129304.32,38791.296,3
CUST01338,Vikram Rao,1,129253.86000000002,38776.15800000001,3
CUST01448,Sneha Patel,1,129191.06999999998,38757.321,3
CUST00764,Vikram Rao,1,129185.9115,38755.77345000001,3
CUST01249,Rahul Sharma,1,129151.284,38745.3852,4
CUST01759,Arjun Singh,1,129110.2,38733.06,5
CUST01574,Suresh Reddy,1,129092.346,38727.70379999999,3
CUST02404,Rohit Joshi,1,129075.075,38722.52249999999,5
CUST00043,Rahul Sharma,1,129044.43,38713.32900000001,2
CUST00016,Priya Reddy,1,129039.408,38711.82239999999,2
CUST00224,Swathi Rao,1,129002.1,38700.62999999999,2
CUST00742,Naveen Kumar,1,128999.7,38699.91000000002,2
CUST00857,Divya Nair,1,128987.298,38696.18939999999,2
CUST02306,Neha Verma,1,128966.046,38689.8138,2
CUST01070,Rohit Joshi,2,128935.07,38680.521000000015,9
CUST01921,Naveen Kumar,1,128890.87,38667.26100000001,4
CUST00813,Anjali Gupta,1,128859.02249999998,38657.70675,3
CUST02372,Suresh Reddy,1,128834.352,38650.30559999999,2
CUST01009,Sneha Patel,1,128825.9625,38647.78874999999,5
CUST00083,Priya Reddy,1,128777.877,38633.3631,3
CUST00827,Naveen Kumar,1,128697.18,38609.15400000001,4
CUST01232,Swathi Rao,1,128669.685,38600.90550000001,5
CUST01250,Divya Nair,1,128642.16,38592.648,4
CUST01639,Naveen Kumar,1,128608.038,38582.41140000001,2
CUST00792,Swathi Rao,1,128602.816,38580.844800000006,4
CUST01884,Kiran Kumar,1,128493.9125,38548.17375,5
CUST02029,Anjali Gupta,1,128451.96,38535.588,2
CUST00856,Naveen Kumar,1,128376.863,38513.0589,2
CUST00987,Swathi Rao,1,128314.2,38494.26000000001,5
CUST02058,Priya Reddy,1,128310.56,38493.168000000005,4
CUST00316,Neha Verma,1,128237.9,38471.37000000001,2
CUST01075,Sneha Patel,1,128222.15,38466.645,5
CUST01400,Priya Reddy,1,128220.744,38466.22320000001,3
CUST01781,Rahul Sharma,1,128195.88,38458.76400000001,5
CUST01504,Arjun Singh,1,128144.265,38443.2795,5
CUST01269,Rahul Sharma,1,128127.4,38438.22,5
CUST02211,Vikram Rao,1,128092.65,38427.795,5
CUST01807,Sneha Patel,1,128075.688,38422.70640000001,4
CUST00396,Swathi Rao,1,128066.46,38419.93800000001,2
CUST00145,Vikram Rao,1,128030.02199999998,38409.00659999999,2
CUST01529,Rahul Sharma,1,127818.045,38345.41350000001,2
CUST02340,Swathi Rao,1,127804.79249999998,38341.43775,3
CUST01375,Amit Kumar,1,127769.88,38330.96400000001,4
CUST00155,Amit Kumar,1,127753.872,38326.16160000001,2
CUST01679,Naveen Kumar,1,127729.962,38318.98860000001,2
CUST01285,Neha Verma,1,127699.4655,38309.83965000001,3
CUST00106,Swathi Rao,1,127666.065,38299.81950000001,2
CUST01683,Sneha Patel,1,127630.71,38289.213,3
CUST00664,Anjali Gupta,1,127629.27,38288.781,3
CUST00969,Vikram Rao,1,127564.11000000002,38269.23300000001,3
CUST01969,Kiran Kumar,3,127509.01199999999,38252.70359999999,10
CUST00715,Swathi Rao,1,127502.805,38250.84150000001,3
CUST00668,Arjun Singh,1,127398.05,38219.41500000001,5
CUST01620,Rahul Sharma,1,127336.17,38200.85100000001,3
CUST02304,Priya Reddy,1,127319.5365,38195.86095,3
CUST02199,Anjali Gupta,1,127316.8575,38195.05725,3
CUST00498,Naveen Kumar,1,127232.56,38169.76800000001,2
CUST02138,Divya Nair,1,127137.9825,38141.39475000001,3
CUST01169,Rahul Sharma,1,127114.75,38134.425,2
CUST02349,Priya Reddy,1,127108.4895,38132.54685,3
CUST00521,Kiran Kumar,1,127062.16,38118.648,2
CUST01142,Sneha Patel,1,126984.816,38095.4448,4
CUST01711,Priya Reddy,2,126916.12000000001,38074.83600000001,4
CUST02104,Sneha Patel,1,126903.85,38071.15500000001,5
CUST01435,Divya Nair,1,126894.464,38068.3392,2
CUST01346,Neha Verma,1,126819.376,38045.8128,2
CUST00327,Sneha Patel,1,126781.8775,38034.56325000001,5
CUST02405,Anjali Gupta,1,126753.96,38026.18800000001,3
CUST00647,Pooja Mehta,1,126712.237,38013.67110000001,2
CUST01717,Arjun Singh,1,126697.26,38009.178,2
CUST01573,Arjun Singh,1,126687.81,38006.34300000001,4
CUST02306,Rahul Sharma,1,126668.4375,38000.53125,5
CUST01957,Neha Verma,1,126647.892,37994.3676,2
CUST00836,Rohit Joshi,1,126610.164,37983.04920000001,2
CUST01120,Amit Kumar,1,126554.6,37966.380000000005,2
CUST01749,Naveen Kumar,1,126478.81,37943.64300000001,2
CUST01872,Neha Verma,1,126378.7875,37913.63625000001,5
CUST01891,Swathi Rao,1,126360.792,37908.23760000001,3
CUST02405,Amit Kumar,2,126326.39799999999,37897.9194,4
CUST01569,Neha Verma,1,126214.425,37864.3275,2
CUST02316,Naveen Kumar,1,126185.436,37855.6308,2
CUST02258,Divya Nair,1,126164.67999999998,37849.404,5
CUST01858,Priya Reddy,1,126116.523,37834.956900000005,2
CUST01519,Anjali Gupta,1,126031.598,37809.47940000001,2
CUST00251,Rahul Sharma,1,126007.57,37802.27100000001,5
CUST02323,Rohit Joshi,1,125947.118,37784.1354,2
CUST02256,Swathi Rao,1,125940.996,37782.2988,2
CUST02372,Arjun Singh,1,125887.4775,37766.243250000014,3
CUST02376,Suresh Reddy,2,125848.92000000001,37754.67600000001,7
CUST01280,Kiran Kumar,1,125847.05100000002,37754.115300000005,3
CUST01715,Rohit Joshi,1,125842.716,37752.81480000001,4
CUST00585,Suresh Reddy,1,125829.291,37748.78730000001,2
CUST01264,Vikram Rao,1,125822.4,37746.72,4
CUST02013,Swathi Rao,2,125789.826,37736.94780000001,3
CUST00188,Swathi Rao,1,125774.46,37732.338,4
CUST00895,Priya Reddy,1,125770.194,37731.0582,2
CUST01702,Rohit Joshi,1,125704.62,37711.386,5
CUST00060,Rahul Sharma,1,125621.636,37686.4908,2
CUST01478,Vikram Rao,1,125548.848,37664.6544,4
CUST00140,Swathi Rao,1,125527.6,37658.28000000001,4
CUST02275,Suresh Reddy,2,125434.56,37630.368,9
CUST01468,Amit Kumar,1,125423.604,37627.0812,2
CUST00103,Sneha Patel,1,125423.232,37626.96960000001,2
CUST02112,Divya Nair,1,125407.106,37622.1318,2
CUST00030,Rohit Joshi,1,125283.996,37585.1988,3
CUST00724,Anjali Gupta,1,125206.857,37562.057100000005,3
CUST02331,Swathi Rao,2,125195.2575,37558.57725000002,7
CUST02178,Rohit Joshi,1,125139.664,37541.8992,2
CUST02350,Priya Reddy,1,125018.544,37505.5632,2
CUST02019,Vikram Rao,1,124985.9025,37495.77075000001,3
CUST00002,Neha Verma,1,124972.2,37491.66,2
CUST00903,Divya Nair,1,124888.159,37466.4477,2
CUST01196,Priya Reddy,1,124853.67,37456.10100000001,3
CUST01500,Sneha Patel,1,124815.888,37444.76640000001,2
CUST01330,Rohit Joshi,1,124811.22,37443.36600000001,2
CUST01927,Anjali Gupta,1,124761.942,37428.58260000001,3
CUST00697,Anjali Gupta,1,124761.492,37428.4476,3
CUST01190,Rahul Sharma,1,124738.4475,37421.53425,3
CUST01776,Naveen Kumar,1,124661.4975,37398.449250000005,3
CUST01840,Sneha Patel,1,124650.054,37395.01620000001,2
CUST02347,Sneha Patel,1,124644.366,37393.3098,3
CUST00274,Neha Verma,1,124605.312,37381.59360000001,4
CUST01154,Rohit Joshi,1,124588.719,37376.61570000001,3
CUST02191,Divya Nair,1,124543.62,37363.08600000001,4
CUST01917,Amit Kumar,1,124475.5,37342.65000000001,5
CUST02485,Rahul Sharma,1,124413.76799999998,37324.1304,2
CUST00775,Neha Verma,1,124397.3475,37319.20425000001,3
CUST02265,Kiran Kumar,1,124358.021,37307.4063,2
CUST00820,Swathi Rao,1,124351.8,37305.54000000001,4
CUST01279,Neha Verma,1,124334.88749999998,37300.46625,3
CUST00139,Priya Reddy,1,124309.95,37292.985,5
CUST01927,Neha Verma,1,124289.52,37286.856,2
CUST02423,Rahul Sharma,1,124266.0135,37279.804050000006,3
CUST00046,Kiran Kumar,1,124247.322,37274.19660000001,2
CUST00762,Rahul Sharma,1,124210.714,37263.2142,4
CUST00340,Rohit Joshi,1,124206.8,37262.04000000001,2
CUST00425,Amit Kumar,1,124177.707,37253.31210000001,2
CUST01908,Swathi Rao,1,124135.64,37240.69200000001,2
CUST01924,Swathi Rao,1,124057.176,37217.15280000001,3
CUST00575,Naveen Kumar,1,124039.296,37211.78880000001,4
CUST02008,Arjun Singh,1,124020.38999999998,37206.117,2
CUST00663,Priya Reddy,1,124017.66,37205.298,5
CUST00699,Kiran Kumar,1,123974.217,37192.2651,2
CUST00325,Pooja Mehta,1,123950.4975,37185.14925,3
CUST02117,Neha Verma,1,123829.05,37148.715,4
CUST00440,Neha Verma,1,123793.632,37138.08960000001,4
CUST01809,Kiran Kumar,2,123772.68,37131.80400000001,5
CUST02366,Amit Kumar,1,123769.836,37130.950800000006,2
CUST00720,Suresh Reddy,1,123656.503,37096.95090000001,2
CUST02131,Divya Nair,1,123577.91999999998,37073.376,4
CUST00728,Kiran Kumar,1,123559.91999999998,37067.976,2
CUST02128,Kiran Kumar,1,123537.88,37061.364,5
CUST00253,Swathi Rao,1,123460.956,37038.2868,4
CUST00893,Rahul Sharma,1,123433.77,37030.13100000001,4
CUST01973,Suresh Reddy,1,123433.6875,37030.10625000001,5
CUST00387,Suresh Reddy,1,123416.82,37025.046,4
CUST00623,Naveen Kumar,1,123409.248,37022.77440000001,3
CUST01229,Swathi Rao,1,123401.485,37020.4455,2
CUST00272,Neha Verma,1,123370.08,37011.024000000005,4
CUST00173,Rohit Joshi,1,123364.185,37009.2555,2
CUST00336,Anjali Gupta,1,123337.13999999998,37001.14200000001,4
CUST01419,Rahul Sharma,1,123306.855,36992.056500000006,2
CUST01379,Amit Kumar,1,123148.638,36944.591400000005,2
CUST01803,Vikram Rao,1,123145.08,36943.524000000005,2
CUST02094,Sneha Patel,2,123137.182,36941.154599999994,6
CUST00175,Rohit Joshi,1,123118.48500000002,36935.54550000001,2
CUST00989,Sneha Patel,1,123115.48,36934.644,4
CUST00062,Naveen Kumar,1,123028.93200000002,36908.6796,2
CUST01295,Pooja Mehta,1,123017.0625,36905.11875000001,5
CUST02108,Rohit Joshi,1,122952.483,36885.744900000005,3
CUST02161,Anjali Gupta,1,122949.695,36884.908500000005,2
CUST02227,Rohit Joshi,1,122830.15,36849.045,5
CUST00745,Pooja Mehta,1,122771.2,36831.36,2
CUST00770,Divya Nair,1,122732.892,36819.86760000001,2
CUST00151,Rahul Sharma,1,122692.416,36807.72480000001,4
CUST02166,Rahul Sharma,1,122673.576,36802.07280000001,3
CUST00503,Vikram Rao,1,122655.3975,36796.61925,3
CUST00970,Suresh Reddy,1,122628.774,36788.63220000001,2
CUST01332,Anjali Gupta,1,122624.706,36787.4118,2
CUST02312,Suresh Reddy,1,122565.93,36769.77900000001,4
CUST00481,Naveen Kumar,1,122529.624,36758.8872,3
CUST01605,Vikram Rao,1,122505.51,36751.653000000006,3
CUST00374,Divya Nair,1,122408.0985,36722.42955,3
CUST00933,Arjun Singh,1,122379.906,36713.9718,2
CUST00135,Anjali Gupta,1,122365.54,36709.662,2
CUST02188,Sneha Patel,1,122341.44,36702.432,5
CUST00453,Suresh Reddy,1,122327.616,36698.28480000001,2
CUST00751,Arjun Singh,1,122273.616,36682.0848,3
CUST01477,Priya Reddy,1,122252.897,36675.86910000001,2
CUST02188,Divya Nair,2,122218.33,36665.498999999996,4
CUST00985,Rahul Sharma,1,122173.536,36652.06080000001,3
CUST00962,Sneha Patel,1,122111.9775,36633.593250000005,3
CUST01323,Arjun Singh,1,122098.208,36629.4624,4
CUST00040,Amit Kumar,1,122011.19299999998,36603.3579,2
CUST00201,Neha Verma,1,121996.656,36598.99680000001,4
CUST00089,Sneha Patel,1,121991.97,36597.591,3
CUST00579,Rohit Joshi,2,121956.79750000004,36587.03925000001,4
CUST00812,Pooja Mehta,1,121956.6,36586.98,2
CUST01394,Anjali Gupta,1,121910.796,36573.23880000001,2
CUST02224,Neha Verma,1,121894.512,36568.3536,3
CUST02192,Suresh Reddy,1,121865.055,36559.5165,2
CUST00269,Suresh Reddy,1,121805.32499999998,36541.5975,5
CUST02194,Sneha Patel,2,121786.24799999999,36535.8744,2
CUST02110,Sneha Patel,1,121766.784,36530.03520000001,3
CUST01181,Swathi Rao,1,121754.16,36526.24800000001,5
CUST01046,Pooja Mehta,2,121745.046,36523.51380000001,3
CUST01071,Rohit Joshi,1,121671.312,36501.3936,3
CUST00367,Anjali Gupta,1,121645.98,36493.79400000001,2
CUST02095,Sneha Patel,1,121610.94,36483.28200000001,2
CUST00213,Priya Reddy,1,121606.668,36482.0004,4
CUST01383,Anjali Gupta,1,121605.904,36481.7712,2
CUST01566,Suresh Reddy,1,121594.005,36478.20150000001,2
CUST00204,Rahul Sharma,1,121590.73200000002,36477.21960000001,2
CUST00400,Divya Nair,2,121585.944,36475.7832,3
CUST00883,Rohit Joshi,1,121355.6,36406.68000000001,2
CUST01326,Swathi Rao,1,121346.5185,36403.95555000001,3
CUST00245,Naveen Kumar,1,121344.51200000002,36403.35360000002,2
CUST01635,Vikram Rao,1,121314.0,36394.20000000001,5
CUST02190,Priya Reddy,2,121258.33750000002,36377.501250000016,6
CUST01461,Kiran Kumar,1,121130.46,36339.138000000006,2
CUST01606,Anjali Gupta,1,121096.66,36328.99800000001,2
CUST00825,Naveen Kumar,1,121033.642,36310.0926,4
CUST01728,Swathi Rao,1,120975.8675,36292.76025000001,5
CUST00405,Neha Verma,1,120950.505,36285.15150000001,2
CUST01839,Divya Nair,1,120933.87750000002,36280.16325000001,3
CUST01501,Suresh Reddy,1,120915.5685,36274.67055000001,3
CUST00961,Neha Verma,1,120898.44,36269.53200000001,2
CUST01412,Kiran Kumar,1,120875.321,36262.596300000005,2
CUST00702,Neha Verma,1,120712.44,36213.732,5
CUST02475,Divya Nair,1,120687.12,36206.136,4
CUST00038,Naveen Kumar,1,120673.864,36202.15920000001,4
CUST01658,Vikram Rao,1,120658.112,36197.4336,4
CUST01260,Swathi Rao,1,120637.065,36191.1195,2
CUST01013,Suresh Reddy,1,120574.746,36172.4238,2
CUST01100,Swathi Rao,1,120554.225,36166.2675,2
CUST01704,Kiran Kumar,1,120532.13999999998,36159.64200000001,4
CUST02382,Swathi Rao,1,120504.768,36151.4304,4
CUST00514,Anjali Gupta,1,120419.8125,36125.943750000006,5
CUST00523,Priya Reddy,1,120377.122,36113.1366,2
CUST01412,Pooja Mehta,1,120372.8,36111.84000000001,4
CUST00167,Suresh Reddy,1,120367.76,36110.32800000001,2
CUST00654,Divya Nair,1,120364.32000000002,36109.29600000002,5
CUST00889,Arjun Singh,1,120346.704,36104.01120000001,2
CUST00746,Rahul Sharma,1,120341.25,36102.375,2
CUST01605,Naveen Kumar,2,120326.34599999999,36097.9038,7
CUST01399,Rohit Joshi,1,120147.412,36044.22360000001,4
CUST00659,Arjun Singh,1,120124.872,36037.46160000001,3
CUST00061,Neha Verma,1,119960.784,35988.23520000001,3
CUST02035,Priya Reddy,1,119929.712,35978.913600000014,2
CUST00534,Anjali Gupta,1,119856.078,35956.82340000001,2
CUST01202,Kiran Kumar,1,119844.036,35953.2108,3
CUST01060,Rohit Joshi,1,119805.5925,35941.67775,5
CUST01051,Amit Kumar,1,119763.776,35929.13280000001,2
CUST01678,Amit Kumar,1,119756.313,35926.89390000001,3
CUST01267,Pooja Mehta,1,119648.44,35894.53200000001,4
CUST00416,Arjun Singh,1,119620.29,35886.087000000014,3
CUST00121,Arjun Singh,1,119599.344,35879.80320000001,2
CUST01520,Swathi Rao,1,119534.738,35860.42140000001,4
CUST00260,Pooja Mehta,2,119526.86549999999,35858.05965,5
CUST01089,Rohit Joshi,1,119500.84,35850.25200000001,5
CUST00465,Divya Nair,1,119438.6,35831.58,4
CUST01149,Naveen Kumar,1,119396.36,35818.90800000001,2
CUST01028,Priya Reddy,1,119387.108,35816.1324,2
CUST00987,Amit Kumar,1,119385.504,35815.65120000001,2
CUST01649,Kiran Kumar,1,119242.63999999998,35772.792,2
CUST02237,Neha Verma,1,119137.536,35741.260800000004,2
CUST02263,Rohit Joshi,1,119126.976,35738.0928,3
CUST01399,Vikram Rao,1,119121.5355,35736.46065000001,3
CUST01778,Rahul Sharma,1,119090.882,35727.26460000001,4
CUST01815,Arjun Singh,1,119077.197,35723.159100000004,2
CUST01077,Arjun Singh,1,118964.334,35689.30020000001,4
CUST00827,Suresh Reddy,1,118937.23500000002,35681.17050000001,2
CUST00748,Kiran Kumar,1,118920.882,35676.26460000001,2
CUST00447,Divya Nair,1,118885.28,35665.584,4
CUST00141,Suresh Reddy,1,118848.216,35654.4648,3
CUST01930,Rohit Joshi,1,118807.9425,35642.382750000004,3
CUST01244,Rohit Joshi,1,118763.04,35628.912,2
CUST01754,Naveen Kumar,1,118748.808,35624.6424,2
CUST01331,Rohit Joshi,1,118746.12600000002,35623.83780000001,2
CUST00158,Anjali Gupta,1,118690.359,35607.10770000001,2
CUST00742,Anjali Gupta,1,118686.114,35605.8342,2
CUST01651,Neha Verma,1,118649.484,35594.84520000001,2
CUST02160,Rahul Sharma,1,118619.415,35585.8245,2
CUST01360,Neha Verma,1,118604.81799999998,35581.4454,2
CUST00561,Amit Kumar,2,118512.723,35553.8169,5
CUST01200,Vikram Rao,1,118402.784,35520.835200000016,2
CUST00029,Amit Kumar,1,118362.45,35508.735000000015,4
CUST01876,Divya Nair,1,118313.323,35493.99690000001,2
CUST00455,Naveen Kumar,1,118307.8025,35492.34075,5
CUST00427,Pooja Mehta,1,118268.198,35480.45940000001,4
CUST00695,Divya Nair,1,118236.942,35471.08260000001,3
CUST00165,Rahul Sharma,1,118203.885,35461.1655,2
CUST01072,Priya Reddy,2,118182.77799999999,35454.83339999999,3
CUST01839,Neha Verma,1,118180.7625,35454.22875000001,5
CUST00335,Swathi Rao,1,118151.532,35445.4596,4
CUST00489,Rohit Joshi,1,118064.48,35419.344,2
CUST01199,Rohit Joshi,1,118045.8885,35413.76655,3
CUST01553,Priya Reddy,1,118015.251,35404.57530000001,3
CUST00991,Suresh Reddy,1,118001.31,35400.39300000001,3
CUST01389,Naveen Kumar,1,117998.34,35399.50200000001,3
CUST01712,Rohit Joshi,1,117978.249,35393.474700000006,3
CUST01819,Divya Nair,1,117959.702,35387.9106,4
CUST00551,Amit Kumar,1,117933.2325,35379.969750000004,3
CUST02127,Vikram Rao,1,117866.385,35359.9155,5
CUST01843,Sneha Patel,1,117765.144,35329.5432,3
CUST00725,Suresh Reddy,1,117691.17,35307.35100000001,3
CUST01064,Neha Verma,1,117661.5,35298.45000000001,2
CUST00527,Arjun Singh,1,117648.24,35294.47200000001,2
CUST00534,Vikram Rao,1,117585.2,35275.56,5
CUST00691,Rohit Joshi,1,117547.0875,35264.12625,5
CUST01594,Arjun Singh,1,117502.538,35250.7614,4
CUST00893,Vikram Rao,1,117489.7,35246.91,2
CUST01416,Anjali Gupta,1,117455.712,35236.7136,4
CUST01500,Rohit Joshi,1,117438.468,35231.54040000001,4
CUST02226,Amit Kumar,1,117431.5545,35229.46635,3
CUST02024,Sneha Patel,1,117402.56,35220.76800000001,2
CUST00043,Anjali Gupta,1,117388.156,35216.446800000005,2
CUST00288,Vikram Rao,1,117375.392,35212.6176,2
CUST00937,Anjali Gupta,1,117347.36,35204.208,2
CUST01019,Neha Verma,1,117328.6,35198.58,5
CUST00417,Pooja Mehta,1,117288.27,35186.481,4
CUST00762,Naveen Kumar,1,117285.94,35185.78200000001,2
CUST01100,Neha Verma,1,117273.491,35182.047300000006,2
CUST01390,Priya Reddy,1,117266.632,35179.9896,2
CUST00268,Neha Verma,1,117256.92,35177.076000000015,3
CUST01239,Swathi Rao,1,117222.497,35166.7491,2
CUST00021,Swathi Rao,1,117164.9535,35149.48605000001,3
CUST00482,Rahul Sharma,1,117164.7675,35149.430250000005,3
CUST02491,Rahul Sharma,1,117152.43,35145.72900000001,2
CUST01888,Anjali Gupta,1,117117.634,35135.2902,2
CUST01142,Neha Verma,1,116998.02,35099.406,2
CUST01005,Rahul Sharma,1,116786.532,35035.9596,2
CUST01325,Divya Nair,1,116751.56,35025.46800000001,5
CUST01221,Pooja Mehta,1,116696.2275,35008.868250000014,3
CUST01400,Neha Verma,1,116634.314,34990.294200000004,4
CUST00306,Naveen Kumar,1,116579.592,34973.87760000001,2
CUST00497,Vikram Rao,1,116554.1415,34966.242450000005,3
CUST01524,Arjun Singh,1,116512.826,34953.8478,4
CUST00820,Pooja Mehta,1,116450.295,34935.0885,2
CUST01240,Suresh Reddy,1,116350.624,34905.1872,2
CUST01180,Pooja Mehta,1,116333.599,34900.0797,2
CUST02333,Pooja Mehta,2,116321.624,34896.4872,4
CUST01432,Anjali Gupta,1,116258.31,34877.493,2
CUST00362,Neha Verma,1,116256.928,34877.0784,4
CUST00541,Anjali Gupta,1,116235.28,34870.584,2
CUST00245,Priya Reddy,2,116222.195,34866.65850000001,9
CUST02238,Arjun Singh,1,116154.68,34846.40400000001,2
CUST00415,Suresh Reddy,1,116140.95,34842.285,2
CUST02212,Naveen Kumar,1,116117.97,34835.391,2
CUST02381,Suresh Reddy,1,116089.76249999998,34826.92875000001,3
CUST02050,Swathi Rao,1,116078.148,34823.44440000001,2
CUST01220,Pooja Mehta,1,116005.11,34801.533,3
CUST00073,Rohit Joshi,1,115953.10700000002,34785.932100000005,2
CUST01659,Sneha Patel,1,115880.7975,34764.23925,3
CUST01688,Neha Verma,1,115849.883,34754.964900000006,2
CUST01105,Suresh Reddy,1,115846.65,34753.99500000001,5
CUST00050,Swathi Rao,1,115807.033,34742.10990000001,2
CUST00190,Amit Kumar,1,115713.4,34714.020000000004,4
CUST02339,Arjun Singh,1,115701.388,34710.4164,4
CUST01929,Sneha Patel,1,115677.045,34703.11350000001,2
CUST00828,Pooja Mehta,1,115614.6,34684.380000000005,4
CUST00090,Divya Nair,2,115570.35500000001,34671.10650000001,3
CUST02077,Rahul Sharma,1,115545.447,34663.63410000001,3
CUST01613,Arjun Singh,1,115543.1,34662.93000000001,2
CUST01296,Naveen Kumar,1,115538.778,34661.633400000006,3
CUST01418,Pooja Mehta,1,115515.52,34654.656,2
CUST02144,Vikram Rao,1,115510.416,34653.124800000005,3
CUST00595,Anjali Gupta,1,115510.386,34653.1158,3
CUST01592,Suresh Reddy,1,115483.408,34645.0224,2
CUST01378,Divya Nair,1,115411.17,34623.35100000001,4
CUST00699,Sneha Patel,1,115400.48,34620.144000000015,4
CUST01581,Rahul Sharma,1,115351.2,34605.360000000015,5
CUST00858,Neha Verma,1,115325.82,34597.746000000014,2
CUST00030,Kiran Kumar,1,115213.726,34564.11780000001,2
CUST00562,Rohit Joshi,1,115114.344,34534.30320000001,4
CUST01304,Anjali Gupta,1,115085.9355,34525.78065,3
CUST00183,Divya Nair,2,115062.15500000001,34518.64650000002,3
CUST02032,Amit Kumar,1,115052.46,34515.73800000001,2
CUST00498,Suresh Reddy,1,115036.2,34510.86,5
CUST01420,Priya Reddy,1,114960.73500000002,34488.22050000001,3
CUST00401,Neha Verma,1,114954.714,34486.4142,3
CUST01448,Divya Nair,1,114946.76249999998,34484.02875,3
CUST01684,Neha Verma,1,114935.13,34480.539000000004,2
CUST00048,Anjali Gupta,1,114900.9375,34470.28125,5
CUST00867,Neha Verma,1,114808.854,34442.6562,3
CUST00650,Arjun Singh,1,114733.792,34420.1376,4
CUST02467,Arjun Singh,1,114716.142,34414.8426,2
CUST01618,Rohit Joshi,1,114715.035,34414.510500000004,5
CUST00108,Amit Kumar,1,114712.065,34413.6195,3
CUST01501,Pooja Mehta,2,114582.98999999999,34374.897000000004,7
CUST00499,Sneha Patel,1,114563.898,34369.1694,2
CUST02359,Naveen Kumar,2,114507.84,34352.352000000006,7
CUST01661,Divya Nair,1,114487.92,34346.376000000004,5
CUST02436,Vikram Rao,1,114477.55,34343.265,5
CUST02481,Neha Verma,1,114424.04,34327.212,5
CUST00435,Pooja Mehta,1,114410.16,34323.04800000001,3
CUST02364,Rahul Sharma,1,114353.305,34305.991500000004,2
CUST01128,Swathi Rao,1,114332.94,34299.88200000001,2
CUST01921,Anjali Gupta,1,114318.585,34295.575500000006,3
CUST01587,Pooja Mehta,1,114313.338,34294.00140000001,2
CUST00303,Rohit Joshi,1,114173.34,34252.00200000001,2
CUST01137,Rohit Joshi,1,114169.416,34250.8248,3
CUST00717,Swathi Rao,1,114027.376,34208.21280000001,2
CUST00017,Vikram Rao,1,114022.728,34206.818400000004,3
CUST02322,Anjali Gupta,1,113865.74,34159.72200000001,2
CUST02258,Vikram Rao,1,113848.155,34154.446500000005,2
CUST01694,Arjun Singh,1,113760.22,34128.066000000006,2
CUST00887,Swathi Rao,2,113750.2,34125.06,3
CUST02227,Naveen Kumar,1,113700.792,34110.23760000001,3
CUST01336,Suresh Reddy,1,113687.63999999998,34106.292,5
CUST00008,Neha Verma,1,113674.77,34102.431,3
CUST01487,Arjun Singh,1,113672.72,34101.816000000006,4
CUST00065,Divya Nair,1,113605.245,34081.5735,2
CUST01159,Divya Nair,1,113526.444,34057.9332,4
CUST00056,Vikram Rao,1,113483.142,34044.94260000001,2
CUST01915,Swathi Rao,1,113444.1,34033.23,5
CUST01074,Swathi Rao,1,113418.866,34025.65980000001,2
CUST00560,Suresh Reddy,1,113413.67999999998,34024.10399999999,5
CUST00912,Swathi Rao,1,113400.149,34020.04470000001,2
CUST00168,Anjali Gupta,1,113388.92,34016.67600000001,2
CUST00300,Vikram Rao,1,113375.835,34012.75050000001,2
CUST00701,Suresh Reddy,1,113306.04,33991.812000000005,3
CUST01124,Swathi Rao,1,113235.588,33970.67640000001,2
CUST01543,Rahul Sharma,1,113231.75,33969.52500000001,5
CUST00210,Priya Reddy,1,113210.46,33963.138000000006,2
CUST01296,Divya Nair,1,113161.56,33948.46800000001,5
CUST00425,Pooja Mehta,1,113154.24,33946.272,2
CUST00743,Swathi Rao,1,113150.8,33945.240000000005,4
CUST01827,Vikram Rao,1,113058.0675,33917.42025000001,3
CUST00750,Anjali Gupta,1,113048.1,33914.43000000001,5
CUST02036,Vikram Rao,1,113033.552,33910.0656,2
CUST00662,Neha Verma,2,112976.36300000001,33892.9089,3
CUST00547,Amit Kumar,1,112970.0385,33891.01155000001,3
CUST00076,Suresh Reddy,1,112961.991,33888.59730000001,2
CUST01217,Divya Nair,1,112947.5925,33884.27775000001,3
CUST01827,Arjun Singh,1,112912.47,33873.74100000001,2
CUST00842,Amit Kumar,1,112883.58000000002,33865.07400000001,5
CUST00796,Naveen Kumar,1,112853.925,33856.177500000005,3
CUST02487,Swathi Rao,1,112853.898,33856.1694,2
CUST01689,Priya Reddy,2,112851.22700000001,33855.36810000001,5
CUST00565,Sneha Patel,1,112831.36,33849.40800000001,4
CUST01934,Neha Verma,1,112760.473,33828.1419,2
CUST01059,Amit Kumar,1,112756.032,33826.80960000001,4
CUST02453,Pooja Mehta,1,112708.368,33812.5104,3
CUST00278,Divya Nair,1,112667.679,33800.303700000004,3
CUST00720,Amit Kumar,1,112664.628,33799.38840000001,3
CUST02196,Rohit Joshi,1,112654.08,33796.224,2
CUST00588,Vikram Rao,1,112617.075,33785.12250000001,5
CUST00160,Vikram Rao,1,112589.8,33776.94,2
CUST01803,Pooja Mehta,1,112503.75,33751.125,3
CUST01199,Anjali Gupta,1,112496.8625,33749.05875000001,5
CUST02161,Neha Verma,1,112492.0,33747.600000000006,4
CUST01204,Amit Kumar,1,112457.542,33737.2626,4
CUST00105,Arjun Singh,1,112434.438,33730.33140000001,4
CUST01729,Pooja Mehta,1,112426.04,33727.812000000005,2
CUST00084,Divya Nair,1,112352.382,33705.71460000001,2
CUST00580,Neha Verma,1,112239.576,33671.87280000001,2
CUST01549,Naveen Kumar,1,112167.84,33650.352,3
CUST01049,Kiran Kumar,1,112127.12249999998,33638.136750000005,3
CUST02195,Suresh Reddy,1,112069.314,33620.794200000004,2
CUST00441,Swathi Rao,1,112017.96,33605.388000000006,2
CUST02219,Arjun Singh,1,111994.474,33598.3422,4
CUST02159,Vikram Rao,1,111990.72,33597.216,2
CUST02158,Suresh Reddy,1,111980.972,33594.29160000001,4
CUST00850,Sneha Patel,1,111977.295,33593.188500000004,2
CUST00585,Kiran Kumar,1,111967.95,33590.38500000001,2
CUST00501,Rohit Joshi,1,111961.62,33588.486000000004,2
CUST01388,Vikram Rao,1,111944.7705,33583.431150000004,3
CUST00746,Neha Verma,1,111876.309,33562.8927,3
CUST01838,Rohit Joshi,2,111832.01800000001,33549.6054,3
CUST01492,Pooja Mehta,1,111776.912,33533.0736,2
CUST02216,Rahul Sharma,1,111611.43,33483.429000000004,3
CUST01909,Anjali Gupta,1,111592.36,33477.708,2
CUST00875,Rahul Sharma,1,111543.596,33463.0788,4
CUST00205,Arjun Singh,1,111542.882,33462.8646,2
CUST02380,Pooja Mehta,1,111521.4,33456.42000000001,4
CUST02378,Vikram Rao,2,111455.84,33436.75200000001,3
CUST01179,Kiran Kumar,1,111448.338,33434.50140000001,3
CUST02133,Naveen Kumar,1,111404.904,33421.471200000015,2
CUST00752,Naveen Kumar,1,111396.525,33418.957500000004,2
CUST01001,Amit Kumar,1,111382.86,33414.85800000001,2
CUST01763,Rahul Sharma,1,111356.01,33406.803,2
CUST01144,Anjali Gupta,1,111354.984,33406.495200000005,3
CUST01105,Divya Nair,1,111353.01,33405.903000000006,4
CUST02457,Naveen Kumar,1,111344.22,33403.266,5
CUST00425,Arjun Singh,1,111343.93600000002,33403.18080000002,4
CUST00573,Rohit Joshi,1,111324.73500000002,33397.42050000001,2
CUST01465,Suresh Reddy,1,111216.375,33364.912500000006,2
CUST02375,Suresh Reddy,2,111173.94499999999,33352.18350000001,5
CUST01311,Vikram Rao,1,111142.592,33342.7776,4
CUST01222,Sneha Patel,1,111078.752,33323.625600000014,4
CUST02206,Swathi Rao,1,110967.398,33290.2194,4
CUST00369,Suresh Reddy,2,110919.451,33275.835300000006,2
CUST01478,Anjali Gupta,1,110892.256,33267.6768,2
CUST00572,Rohit Joshi,1,110825.0,33247.5,5
CUST01993,Swathi Rao,1,110793.01499999998,33237.904500000004,5
CUST01328,Arjun Singh,1,110747.112,33224.1336,4
CUST01519,Swathi Rao,1,110720.69999999998,33216.21000000001,3
CUST02444,Kiran Kumar,1,110645.19,33193.557,5
CUST02086,Priya Reddy,2,110607.47,33182.24100000001,10
CUST02382,Suresh Reddy,2,110606.37449999999,33181.912350000006,3
CUST00195,Priya Reddy,1,110584.693,33175.407900000006,2
CUST00615,Anjali Gupta,1,110583.888,33175.1664,2
CUST00574,Amit Kumar,1,110578.8315,33173.64945,3
CUST00378,Arjun Singh,1,110530.24,33159.072,4
CUST00027,Amit Kumar,2,110521.67050000001,33156.50115000001,2
CUST01873,Arjun Singh,2,110493.28950000001,33147.986850000016,4
CUST00957,Priya Reddy,1,110331.48,33099.444,3
CUST00241,Divya Nair,1,110176.117,33052.83510000001,2
CUST01420,Rohit Joshi,1,110161.728,33048.5184,3
CUST00998,Rahul Sharma,1,110044.365,33013.3095,2
CUST02187,Divya Nair,1,109986.516,32995.95480000001,2
CUST00528,Swathi Rao,1,109893.93,32968.179000000004,3
CUST00124,Amit Kumar,1,109881.438,32964.4314,3
CUST01099,Sneha Patel,1,109878.34,32963.50200000001,2
CUST02435,Sneha Patel,1,109786.716,32936.014800000004,2
CUST00964,Vikram Rao,1,109732.372,32919.711599999995,4
CUST00680,Sneha Patel,1,109725.696,32917.70880000001,4
CUST00781,Rahul Sharma,1,109703.592,32911.077600000004,4
CUST01864,Neha Verma,1,109694.638,32908.39140000001,4
CUST02488,Rohit Joshi,1,109642.605,32892.7815,3
CUST01292,Swathi Rao,1,109619.2935,32885.78805,3
CUST01548,Rahul Sharma,1,109601.1,32880.33,4
CUST01825,Suresh Reddy,1,109573.304,32871.991200000004,2
CUST00259,Priya Reddy,1,109570.06399999998,32871.019199999995,2
CUST01787,Suresh Reddy,1,109563.48,32869.04400000001,2
CUST00538,Priya Reddy,1,109552.505,32865.75150000001,2
CUST01007,Rohit Joshi,1,109550.43,32865.129,2
CUST00663,Sneha Patel,1,109448.493,32834.547900000005,2
CUST00788,Sneha Patel,2,109431.4345,32829.43035000001,5
CUST01639,Amit Kumar,1,109311.9975,32793.599250000014,3
CUST01106,Priya Reddy,2,109300.50700000001,32790.15210000001,4
CUST01518,Neha Verma,2,109280.62299999999,32784.1869,7
CUST00465,Kiran Kumar,1,109239.552,32771.865600000005,3
CUST02325,Sneha Patel,2,109229.1,32768.729999999996,2
CUST00835,Suresh Reddy,1,109196.25,32758.875,2
CUST00308,Kiran Kumar,1,109188.11,32756.433000000005,2
CUST01298,Swathi Rao,2,109140.098,32742.0294,5
CUST01614,Pooja Mehta,1,109064.384,32719.3152,2
CUST02496,Vikram Rao,1,109028.2335,32708.470050000004,3
CUST01788,Rohit Joshi,1,108977.904,32693.37120000001,3
CUST02397,Neha Verma,1,108957.837,32687.3511,2
CUST00314,Kiran Kumar,1,108914.44,32674.33200000001,2
CUST01154,Amit Kumar,1,108911.2,32673.36,4
CUST01780,Anjali Gupta,1,108904.968,32671.49040000001,4
CUST00414,Anjali Gupta,1,108875.104,32662.53120000001,4
CUST01918,Rohit Joshi,2,108849.9015,32654.970450000015,3
CUST02089,Rahul Sharma,1,108826.3875,32647.91625000001,5
CUST01641,Naveen Kumar,1,108791.775,32637.5325,5
CUST02291,Suresh Reddy,2,108761.37900000002,32628.413700000005,6
CUST01445,Kiran Kumar,1,108684.945,32605.4835,5
CUST00850,Swathi Rao,1,108665.296,32599.58880000001,2
CUST01127,Naveen Kumar,1,108600.3,32580.09,3
CUST02133,Rohit Joshi,1,108584.35,32575.305000000008,5
CUST01511,Naveen Kumar,1,108568.431,32570.52930000001,3
CUST00325,Sneha Patel,1,108501.457,32550.43710000001,2
CUST00644,Amit Kumar,1,108477.68,32543.304000000004,5
CUST01352,Divya Nair,1,108449.4375,32534.831250000003,5
CUST02278,Suresh Reddy,1,108366.56,32509.968000000008,4
CUST00291,Rohit Joshi,1,108346.134,32503.84020000001,3
CUST02178,Anjali Gupta,1,108319.653,32495.895900000003,3
CUST01266,Naveen Kumar,1,108298.976,32489.692800000004,4
CUST01922,Arjun Singh,1,108295.635,32488.6905,2
CUST00798,Sneha Patel,1,108279.9,32483.97,2
CUST00840,Kiran Kumar,1,108258.6,32477.58,3
CUST02195,Rahul Sharma,1,108239.448,32471.834400000007,3
CUST01251,Neha Verma,1,108154.88,32446.464000000007,4
CUST00590,Amit Kumar,1,107999.325,32399.79750000001,5
CUST01836,Swathi Rao,1,107967.184,32390.15520000001,2
CUST01083,Arjun Singh,1,107935.675,32380.7025,5
CUST02092,Anjali Gupta,1,107818.624,32345.58720000001,4
CUST02260,Sneha Patel,1,107806.905,32342.071500000005,2
CUST00199,Anjali Gupta,1,107797.4675,32339.240250000003,5
CUST01941,Rohit Joshi,1,107745.9975,32323.79925000001,3
CUST02346,Swathi Rao,1,107738.676,32321.602800000008,4
CUST01585,Sneha Patel,1,107668.413,32300.5239,3
CUST00624,Neha Verma,1,107612.28,32283.68400000001,3
CUST01077,Amit Kumar,1,107567.398,32270.2194,4
CUST01931,Arjun Singh,1,107497.9125,32249.37375,5
CUST01974,Sneha Patel,1,107346.66,32203.998000000007,2
CUST00152,Sneha Patel,1,107321.66400000002,32196.49920000001,3
CUST02365,Vikram Rao,1,107270.919,32181.2757,3
CUST02096,Suresh Reddy,1,107265.15,32179.545000000013,3
CUST01536,Suresh Reddy,1,107254.926,32176.477800000008,2
CUST01472,Divya Nair,1,107240.864,32172.2592,4
CUST01206,Rahul Sharma,1,107188.88,32156.664000000004,2
CUST02484,Arjun Singh,1,107176.636,32152.9908,4
CUST00160,Rahul Sharma,1,107083.04,32124.912,2
CUST00555,Rahul Sharma,1,106912.49,32073.747000000003,4
CUST01242,Amit Kumar,1,106883.911,32065.17330000001,2
CUST00622,Priya Reddy,1,106806.486,32041.9458,4
CUST01184,Divya Nair,1,106805.13,32041.539000000004,2
CUST01599,Swathi Rao,1,106751.364,32025.40920000001,3
CUST01370,Arjun Singh,1,106740.8,32022.240000000005,2
CUST00594,Suresh Reddy,1,106677.36000000002,32003.208000000013,5
CUST02223,Amit Kumar,1,106642.395,31992.718500000003,2
CUST00716,Amit Kumar,1,106620.277,31986.083100000003,2
CUST01302,Swathi Rao,1,106584.747,31975.424100000004,2
CUST00606,Amit Kumar,2,106550.423,31965.1269,6
CUST02412,Arjun Singh,1,106528.816,31958.64480000001,2
CUST01807,Neha Verma,1,106500.054,31950.016200000013,4
CUST02239,Kiran Kumar,1,106498.48500000002,31949.545500000007,2
CUST01118,Swathi Rao,1,106490.2125,31947.06375,5
CUST01566,Amit Kumar,1,106466.835,31940.05050000001,2
CUST02006,Anjali Gupta,1,106438.32,31931.496000000014,4
CUST01258,Anjali Gupta,1,106391.36,31917.40800000001,2
CUST02062,Arjun Singh,1,106390.752,31917.225600000005,2
CUST02399,Rohit Joshi,1,106379.115,31913.73450000001,3
CUST01781,Arjun Singh,2,106373.484,31912.045200000004,4
CUST00618,Vikram Rao,1,106341.33,31902.399000000005,2
CUST00306,Sneha Patel,1,106341.24000000002,31902.372000000018,5
CUST01898,Suresh Reddy,1,106292.655,31887.79650000001,5
CUST00008,Divya Nair,1,106266.745,31880.02350000001,5
CUST00059,Rohit Joshi,1,106252.0,31875.60000000001,2
CUST01244,Amit Kumar,1,106185.9375,31855.78125,5
CUST01930,Arjun Singh,1,106183.062,31854.918600000005,2
CUST01157,Swathi Rao,1,106181.7025,31854.51075,5
CUST01268,Swathi Rao,1,106159.65,31847.895000000004,4
CUST00793,Arjun Singh,1,106115.37,31834.611000000004,4
CUST00607,Naveen Kumar,1,106109.172,31832.751600000003,3
CUST02181,Arjun Singh,1,106046.68,31814.004,5
CUST01960,Priya Reddy,1,105977.04,31793.11200000001,3
CUST00588,Amit Kumar,1,105927.84,31778.352,4
CUST01975,Amit Kumar,1,105886.126,31765.83780000001,4
CUST00503,Suresh Reddy,1,105865.435,31759.6305,2
CUST01446,Kiran Kumar,2,105857.08600000001,31757.125800000005,3
CUST00305,Sneha Patel,1,105811.792,31743.5376,2
CUST01438,Anjali Gupta,1,105790.995,31737.298500000004,2
CUST00792,Rahul Sharma,1,105776.382,31732.914600000004,3
CUST02024,Rohit Joshi,1,105653.538,31696.06140000001,2
CUST01995,Suresh Reddy,1,105637.17,31691.151,3
CUST00284,Suresh Reddy,1,105502.3875,31650.71625000001,5
CUST00602,Vikram Rao,1,105469.475,31640.842500000013,2
CUST00512,Divya Nair,1,105350.84,31605.252000000008,4
CUST01732,Rohit Joshi,1,105340.0725,31602.02175,3
CUST00960,Anjali Gupta,1,105315.435,31594.6305,5
CUST00675,Sneha Patel,1,105306.57,31591.971000000005,2
CUST00538,Rahul Sharma,1,105039.634,31511.89020000001,4
CUST00606,Divya Nair,1,105017.424,31505.22720000001,2
CUST00914,Amit Kumar,1,105015.177,31504.553100000005,3
CUST01570,Amit Kumar,1,104946.704,31484.011200000008,2
CUST02113,Arjun Singh,1,104917.734,31475.3202,3
CUST02015,Suresh Reddy,1,104612.096,31383.62880000001,4
CUST01201,Rahul Sharma,1,104532.592,31359.7776,2
CUST00073,Priya Reddy,1,104527.908,31358.372400000007,4
CUST01980,Amit Kumar,2,104468.81,31340.643000000004,5
CUST02266,Neha Verma,1,104277.49,31283.247000000003,2
CUST02095,Divya Nair,1,104255.67,31276.701,3
CUST00500,Divya Nair,1,104251.9475,31275.58425,5
CUST00992,Naveen Kumar,1,104172.588,31251.7764,2
CUST01311,Divya Nair,1,104151.66,31245.498000000007,2
CUST00387,Priya Reddy,2,104105.2465,31231.57395000001,3
CUST01176,Rohit Joshi,1,104046.24,31213.872000000003,2
CUST00558,Suresh Reddy,2,104043.09,31212.92700000001,3
CUST01634,Naveen Kumar,1,104027.94,31208.382,3
CUST02105,Rohit Joshi,1,103988.432,31196.52960000001,2
CUST02307,Suresh Reddy,1,103957.83,31187.349,3
CUST02059,Arjun Singh,1,103923.2,31176.960000000006,4
CUST00919,Swathi Rao,1,103817.026,31145.1078,2
CUST00993,Divya Nair,1,103787.52,31136.25600000001,3
CUST00206,Naveen Kumar,1,103755.08250000002,31126.52475000001,3
CUST00916,Neha Verma,1,103646.5485,31093.964550000004,3
CUST02442,Sneha Patel,1,103616.766,31085.029800000004,2
CUST02467,Rahul Sharma,1,103578.8835,31073.66505000001,3
CUST00561,Rohit Joshi,1,103522.24,31056.67200000001,2
CUST01000,Arjun Singh,1,103500.816,31050.2448,3
CUST01243,Naveen Kumar,1,103490.688,31047.20640000001,2
CUST01871,Rohit Joshi,1,103456.866,31037.059800000003,4
CUST02436,Neha Verma,2,103445.29149999999,31033.587450000006,3
CUST01535,Arjun Singh,1,103322.92,30996.876000000004,2
CUST01351,Kiran Kumar,1,103303.56,30991.068,3
CUST00514,Divya Nair,1,103248.825,30974.647500000006,2
CUST01967,Rohit Joshi,1,103152.668,30945.800400000007,4
CUST00749,Anjali Gupta,1,103142.678,30942.803400000004,4
CUST01242,Naveen Kumar,1,103071.48,30921.444000000003,2
CUST01284,Naveen Kumar,1,102984.0195,30895.20585,3
CUST00337,Suresh Reddy,1,102963.78,30889.134000000005,3
CUST00665,Kiran Kumar,1,102956.274,30886.882200000007,2
CUST00540,Anjali Gupta,1,102939.264,30881.779200000004,4
CUST02057,Divya Nair,1,102894.3,30868.290000000008,4
CUST02185,Anjali Gupta,1,102869.992,30860.9976,4
CUST02230,Priya Reddy,1,102769.856,30830.9568,2
CUST00956,Rohit Joshi,1,102715.36,30814.608000000007,2
CUST00375,Amit Kumar,1,102669.9975,30800.999250000008,3
CUST00896,Vikram Rao,1,102658.88,30797.664000000004,5
CUST00492,Naveen Kumar,1,102645.54,30793.662,2
CUST00249,Anjali Gupta,1,102641.7585,30792.52755,3
CUST02370,Rohit Joshi,1,102489.192,30746.7576,4
CUST01075,Anjali Gupta,1,102488.4225,30746.526750000005,3
CUST01402,Naveen Kumar,1,102421.64,30726.492,2
CUST01772,Naveen Kumar,1,102418.608,30725.5824,4
CUST01493,Priya Reddy,1,102418.28,30725.48400000001,5
CUST00037,Neha Verma,1,102385.186,30715.5558,4
CUST00998,Pooja Mehta,1,102359.936,30707.980800000005,4
CUST01216,Kiran Kumar,1,102328.7205,30698.61615,3
CUST01393,Sneha Patel,1,102306.65,30691.99500000001,5
CUST00207,Divya Nair,1,102208.336,30662.50080000001,2
CUST01326,Amit Kumar,2,102173.66100000001,30652.098300000005,3
CUST00286,Rohit Joshi,1,102152.49,30645.747000000003,2
CUST01186,Rahul Sharma,1,102106.95,30632.085000000006,4
CUST01444,Sneha Patel,2,102023.201,30606.960300000006,4
CUST01720,Kiran Kumar,1,101979.296,30593.78880000001,4
CUST00951,Divya Nair,1,101973.375,30592.01250000001,3
CUST02228,Swathi Rao,1,101963.059,30588.917700000005,2
CUST00737,Neha Verma,1,101952.75,30585.82500000001,5
CUST01272,Sneha Patel,1,101937.216,30581.1648,2
CUST00027,Kiran Kumar,1,101832.27,30549.681,4
CUST01041,Suresh Reddy,1,101809.456,30542.836800000005,2
CUST00766,Suresh Reddy,1,101665.428,30499.6284,4
CUST02280,Amit Kumar,1,101608.41,30482.523,4
CUST02073,Naveen Kumar,1,101602.68,30480.804000000004,2
CUST02041,Priya Reddy,1,101511.576,30453.472800000003,4
CUST02262,Neha Verma,1,101500.71,30450.213000000003,2
CUST02266,Suresh Reddy,1,101463.96,30439.18800000001,5
CUST02051,Kiran Kumar,1,101442.336,30432.70080000001,4
CUST01462,Kiran Kumar,1,101427.1125,30428.133750000008,5
CUST01653,Amit Kumar,1,101353.572,30406.07160000001,4
CUST02134,Swathi Rao,1,101254.224,30376.2672,2
CUST01104,Vikram Rao,1,101230.506,30369.151800000007,2
CUST01205,Sneha Patel,1,101102.1875,30330.65625,5
CUST02450,Arjun Singh,1,101053.44,30316.032000000007,3
CUST00076,Divya Nair,1,100992.72,30297.81600000001,4
CUST00826,Sneha Patel,1,100927.696,30278.3088,2
CUST01076,Divya Nair,1,100902.122,30270.6366,2
CUST00572,Rahul Sharma,1,100897.35,30269.205,5
CUST00307,Kiran Kumar,1,100890.615,30267.184500000003,2
CUST00350,Vikram Rao,1,100798.722,30239.61660000001,2
CUST01541,Sneha Patel,1,100787.2125,30236.163750000007,5
CUST00207,Neha Verma,1,100744.0,30223.20000000001,4
CUST01858,Rahul Sharma,1,100715.1,30214.53,4
CUST00948,Divya Nair,1,100672.288,30201.68640000001,4
CUST01937,Priya Reddy,1,100610.748,30183.224400000006,2
CUST00471,Neha Verma,1,100602.21,30180.663,4
CUST02422,Rohit Joshi,1,100580.1,30174.030000000013,2
CUST00110,Swathi Rao,1,100445.9875,30133.79625,5
CUST02410,Sneha Patel,1,100441.44,30132.432,4
CUST02282,Anjali Gupta,2,100404.62000000001,30121.38600000001,8
CUST00339,Vikram Rao,1,100390.3125,30117.09375,3
CUST01581,Rohit Joshi,1,100371.744,30111.5232,2
CUST01580,Divya Nair,1,100310.944,30093.283200000005,4
CUST01584,Priya Reddy,1,100271.1,30081.33,2
CUST01933,Naveen Kumar,1,100257.129,30077.13870000001,3
CUST01644,Amit Kumar,1,100103.378,30031.01340000001,2
CUST01113,Amit Kumar,1,99999.075,29999.722500000003,2
CUST00346,Kiran Kumar,1,99981.7515,29994.52545,3
CUST01911,Arjun Singh,1,99966.543,29989.962900000013,2
CUST01246,Anjali Gupta,1,99941.312,29982.39360000001,4
CUST00217,Neha Verma,2,99921.358,29976.4074,4
CUST02188,Suresh Reddy,1,99882.23,29964.66900000001,1
CUST01349,Pooja Mehta,1,99847.215,29954.1645,3
CUST01352,Pooja Mehta,1,99839.2,29951.76000000001,5
CUST00790,Neha Verma,1,99781.2195,29934.36585,3
CUST00242,Priya Reddy,1,99764.245,29929.27350000001,5
CUST00685,Arjun Singh,2,99725.40099999998,29917.6203,3
CUST01212,Rahul Sharma,1,99655.9425,29896.782750000013,3
CUST01469,Swathi Rao,1,99481.755,29844.526500000007,2
CUST02232,Vikram Rao,1,99442.848,29832.85440000001,2
CUST01216,Amit Kumar,1,99429.984,29828.995200000005,4
CUST01369,Naveen Kumar,1,99394.24,29818.27200000001,1
CUST00618,Sneha Patel,1,99381.28800000002,29814.386400000003,3
CUST01133,Anjali Gupta,1,99350.56,29805.168000000005,2
CUST00428,Rohit Joshi,1,99280.64,29784.19200000001,2
CUST01104,Anjali Gupta,1,99246.8415,29774.052450000003,3
CUST02143,Rahul Sharma,1,99206.65,29761.99500000001,1
CUST01036,Swathi Rao,1,99191.97,29757.591,4
CUST01818,Swathi Rao,1,99177.35,29753.205,5
CUST02135,Divya Nair,1,99144.9435,29743.48305000001,3
CUST01641,Rohit Joshi,1,99098.1765,29729.452950000006,3
CUST02157,Rohit Joshi,1,99074.056,29722.21680000001,4
CUST00475,Priya Reddy,2,99055.242,29716.5726,3
CUST02211,Divya Nair,1,98988.28,29696.48400000001,1
CUST00385,Swathi Rao,1,98987.136,29696.14080000001,2
CUST01583,Priya Reddy,1,98973.864,29692.15920000001,3
CUST01287,Suresh Reddy,2,98929.66399999999,29678.899200000007,9
CUST01649,Rahul Sharma,1,98907.648,29672.2944,2
CUST00284,Neha Verma,1,98896.965,29669.0895,2
CUST02261,Rohit Joshi,1,98807.5335,29642.26005,3
CUST01047,Anjali Gupta,1,98735.44,29620.63200000001,2
CUST00780,Suresh Reddy,1,98734.54499999998,29620.363500000007,3
CUST01597,Vikram Rao,1,98733.69,29620.107000000004,5
CUST01216,Rahul Sharma,1,98710.368,29613.110400000005,2
CUST01909,Sneha Patel,1,98706.69,29612.00700000001,2
CUST01963,Vikram Rao,1,98644.56,29593.368,4
CUST01533,Sneha Patel,1,98641.704,29592.511200000008,3
CUST00285,Divya Nair,1,98626.09500000002,29587.828500000003,3
CUST01866,Naveen Kumar,1,98501.4675,29550.44025,3
CUST00724,Amit Kumar,1,98479.08,29543.724,4
CUST02382,Kiran Kumar,1,98404.227,29521.2681,3
CUST01211,Arjun Singh,1,98378.73,29513.61900000001,3
CUST01363,Sneha Patel,1,98368.453,29510.535900000003,2
CUST01809,Neha Verma,1,98334.7755,29500.43265,3
CUST00976,Arjun Singh,1,98315.1735,29494.552050000013,3
CUST00593,Priya Reddy,1,98290.77000000002,29487.23100000001,5
CUST01905,Neha Verma,1,98283.9,29485.17,3
CUST00317,Naveen Kumar,1,98281.458,29484.43740000001,2
CUST02164,Kiran Kumar,1,98267.1,29480.130000000005,2
CUST02078,Rohit Joshi,1,98260.08,29478.024000000005,4
CUST02093,Pooja Mehta,2,98185.905,29455.771500000003,4
CUST00144,Suresh Reddy,1,98067.008,29420.102400000003,2
CUST01262,Anjali Gupta,2,98066.32,29419.896000000008,5
CUST01320,Rahul Sharma,1,98055.4305,29416.629150000008,3
CUST00847,Suresh Reddy,1,98029.7265,29408.917950000003,3
CUST01166,Neha Verma,1,97990.94,29397.282000000007,1
CUST00099,Pooja Mehta,1,97945.779,29383.73370000001,2
CUST01983,Swathi Rao,1,97924.365,29377.309500000003,2
CUST00635,Neha Verma,1,97919.316,29375.794800000003,4
CUST00382,Suresh Reddy,1,97891.27000000002,29367.38100000001,5
CUST00731,Neha Verma,1,97849.059,29354.71770000001,2
CUST01222,Vikram Rao,1,97834.541,29350.362300000008,2
CUST02129,Kiran Kumar,2,97809.0185,29342.705550000002,4
CUST01174,Rahul Sharma,1,97666.976,29300.0928,4
CUST00869,Rohit Joshi,1,97661.95,29298.585000000006,1
CUST00250,Neha Verma,1,97619.88,29285.964000000007,2
CUST00606,Priya Reddy,1,97619.1,29285.73000000001,5
CUST01730,Vikram Rao,1,97573.232,29271.9696,2
CUST00461,Amit Kumar,2,97521.708,29256.5124,2
CUST00068,Vikram Rao,1,97493.04,29247.91200000001,2
CUST01959,Amit Kumar,1,97486.33,29245.899000000005,1
CUST00850,Naveen Kumar,2,97470.141,29241.042300000005,4
CUST01097,Priya Reddy,1,97345.008,29203.5024,2
CUST00237,Vikram Rao,1,97317.552,29195.2656,2
CUST02239,Rohit Joshi,1,97299.24,29189.77200000001,3
CUST00108,Arjun Singh,1,97258.2,29177.460000000006,2
CUST01290,Anjali Gupta,1,97208.128,29162.4384,2
CUST02386,Divya Nair,1,97192.65,29157.795,5
CUST00226,Rohit Joshi,3,97186.1985,29155.85955,3
CUST00638,Anjali Gupta,1,97178.544,29153.563200000004,3
CUST00675,Amit Kumar,1,97170.15,29151.045000000013,5
CUST00017,Pooja Mehta,1,97132.0185,29139.605550000007,3
CUST02374,Suresh Reddy,1,97112.88,29133.864,3
CUST00987,Arjun Singh,1,97112.05,29133.615000000005,1
CUST00892,Priya Reddy,1,97094.8575,29128.457250000007,3
CUST01055,Rohit Joshi,1,97065.8225,29119.74675000001,5
CUST00722,Pooja Mehta,1,97047.5,29114.25,1
CUST00703,Kiran Kumar,1,96988.995,29096.6985,3
CUST00169,Kiran Kumar,1,96940.29,29082.087,1
CUST01551,Priya Reddy,1,96915.82,29074.746,1
CUST00023,Swathi Rao,1,96906.0,29071.800000000003,3
CUST00121,Amit Kumar,1,96901.105,29070.3315,2
CUST00521,Divya Nair,1,96891.62,29067.486000000004,2
CUST00271,Rohit Joshi,1,96872.906,29061.871799999997,2
CUST00489,Vikram Rao,1,96844.048,29053.2144,2
CUST01273,Neha Verma,1,96841.605,29052.48150000001,5
CUST01389,Rohit Joshi,1,96839.28,29051.784,4
CUST00712,Naveen Kumar,1,96782.6925,29034.807750000007,3
CUST02405,Neha Verma,1,96781.248,29034.3744,4
CUST00629,Sneha Patel,1,96745.4625,29023.638750000013,5
CUST01976,Suresh Reddy,1,96744.02,29023.20600000001,2
CUST01727,Naveen Kumar,1,96741.39,29022.417,3
CUST01627,Divya Nair,1,96729.69,29018.907000000007,2
CUST00119,Amit Kumar,1,96721.95,29016.585000000006,4
CUST01952,Suresh Reddy,1,96674.665,29002.3995,2
CUST00152,Anjali Gupta,1,96672.21,29001.663,4
CUST02100,Neha Verma,1,96630.138,28989.0414,3
CUST01019,Swathi Rao,1,96603.39,28981.017000000007,3
CUST00227,Neha Verma,1,96521.715,28956.514500000005,2
CUST01104,Divya Nair,1,96465.633,28939.6899,2
CUST01949,Amit Kumar,1,96370.2,28911.06,2
CUST01955,Anjali Gupta,2,96367.2135,28910.164050000003,2
CUST01720,Arjun Singh,1,96356.3625,28906.90875,3
CUST02500,Priya Reddy,1,96327.64,28898.292,4
CUST00745,Vikram Rao,1,96245.146,28873.5438,4
CUST00708,Amit Kumar,1,96145.1325,28843.53975,3
CUST01353,Sneha Patel,1,96139.2495,28841.77485,3
CUST01996,Anjali Gupta,1,96071.296,28821.3888,4
CUST00817,Rohit Joshi,1,95988.4875,28796.54625,3
CUST02154,Kiran Kumar,1,95943.088,28782.92640000001,2
CUST01509,Swathi Rao,1,95931.051,28779.3153,2
CUST01960,Arjun Singh,1,95887.414,28766.2242,2
CUST01850,Arjun Singh,1,95828.672,28748.601599999995,4
CUST01998,Kiran Kumar,1,95828.31,28748.493,1
CUST00497,Anjali Gupta,1,95799.012,28739.703600000008,3
CUST02410,Swathi Rao,1,95668.35,28700.505000000005,5
CUST00856,Vikram Rao,1,95665.008,28699.5024,3
CUST01079,Amit Kumar,1,95583.42,28675.026,4
CUST00102,Swathi Rao,1,95537.073,28661.1219,3
CUST00678,Neha Verma,1,95528.385,28658.51550000001,5
CUST01696,Amit Kumar,2,95468.33800000002,28640.501400000005,9
CUST00525,Naveen Kumar,1,95415.12,28624.536000000007,1
CUST01618,Naveen Kumar,1,95366.86,28610.058000000005,1
CUST02055,Amit Kumar,3,95362.02900000001,28608.608700000004,7
CUST01814,Priya Reddy,1,95288.995,28586.6985,5
CUST00330,Divya Nair,1,95243.86,28573.15800000001,2
CUST01986,Naveen Kumar,1,95238.828,28571.648400000005,4
CUST02485,Rohit Joshi,2,95236.77100000001,28571.03130000001,4
CUST01663,Vikram Rao,1,95219.482,28565.84460000001,2
CUST00062,Amit Kumar,1,95171.247,28551.3741,3
CUST02008,Amit Kumar,1,95163.99,28549.197,1
CUST01375,Priya Reddy,1,95140.899,28542.269700000004,3
CUST01207,Pooja Mehta,1,95136.182,28540.85460000001,2
CUST02357,Vikram Rao,1,95130.624,28539.1872,2
CUST01473,Swathi Rao,1,95124.312,28537.293600000005,3
CUST01520,Divya Nair,1,95105.871,28531.7613,3
CUST00959,Kiran Kumar,1,95078.7475,28523.624250000008,5
CUST00614,Naveen Kumar,2,94991.704,28497.511199999994,4
CUST02377,Arjun Singh,1,94984.914,28495.4742,3
CUST00618,Arjun Singh,1,94976.042,28492.812600000005,4
CUST01468,Neha Verma,2,94964.27799999998,28489.2834,4
CUST01130,Kiran Kumar,1,94850.272,28455.081600000005,2
CUST01242,Divya Nair,1,94837.152,28451.145600000003,3
CUST02429,Vikram Rao,1,94814.136,28444.2408,3
CUST00731,Anjali Gupta,1,94809.144,28442.7432,3
CUST01302,Pooja Mehta,1,94791.405,28437.4215,2
CUST00295,Divya Nair,1,94762.8875,28428.866250000006,5
CUST00166,Divya Nair,1,94725.53,28417.659,5
CUST01923,Neha Verma,1,94699.23,28409.769,4
CUST00854,Rahul Sharma,1,94687.452,28406.2356,2
CUST02259,Kiran Kumar,1,94670.244,28401.0732,2
CUST00128,Rahul Sharma,1,94577.13,28373.13900000001,4
CUST01674,Amit Kumar,1,94574.745,28372.423500000004,5
CUST01746,Vikram Rao,1,94522.68,28356.804000000004,4
CUST01505,Arjun Singh,1,94519.41,28355.823000000004,4
CUST01001,Anjali Gupta,1,94502.71,28350.81300000001,1
CUST01641,Arjun Singh,1,94469.025,28340.707500000004,2
CUST00220,Pooja Mehta,1,94456.182,28336.85460000001,4
CUST00553,Amit Kumar,1,94433.1975,28329.95925,3
CUST01427,Priya Reddy,1,94354.095,28306.2285,5
CUST02165,Vikram Rao,1,94314.18,28294.254,2
CUST02429,Kiran Kumar,1,94312.295,28293.688500000004,1
CUST01651,Amit Kumar,1,94301.307,28290.3921,3
CUST01301,Arjun Singh,1,94250.184,28275.055200000003,3
CUST01479,Swathi Rao,1,94232.53,28269.759000000005,2
CUST01252,Pooja Mehta,1,94215.207,28264.5621,2
CUST00336,Suresh Reddy,1,94211.614,28263.484200000006,1
CUST00804,Vikram Rao,1,94206.18,28261.854000000007,4
CUST01305,Naveen Kumar,1,94167.975,28250.3925,5
CUST02051,Anjali Gupta,1,94041.975,28212.5925,5
CUST00178,Amit Kumar,2,94011.92,28203.576000000005,7
CUST02244,Anjali Gupta,1,93990.72,28197.216,2
CUST01596,Anjali Gupta,2,93983.194,28194.9582,5
CUST01732,Rahul Sharma,1,93959.028,28187.708400000003,4
CUST00163,Swathi Rao,1,93954.57,28186.371,3
CUST02066,Priya Reddy,1,93950.14,28185.042,1
CUST02100,Amit Kumar,1,93946.34,28183.902,1
CUST02124,Swathi Rao,1,93924.7875,28177.43625,3
CUST01682,Priya Reddy,1,93852.16,28155.648,2
CUST01108,Suresh Reddy,1,93823.296,28146.988800000006,4
CUST00531,Anjali Gupta,1,93754.74,28126.42200000001,2
CUST01131,Swathi Rao,1,93683.0245,28104.90735000001,1
CUST01987,Swathi Rao,1,93653.12,28095.936,1
CUST00388,Vikram Rao,1,93641.5575,28092.46725,3
CUST01631,Vikram Rao,1,93588.77,28076.631,1
CUST02331,Arjun Singh,1,93531.775,28059.5325,1
CUST01810,Suresh Reddy,1,93515.94,28054.782,4
CUST00830,Arjun Singh,1,93460.24,28038.072,5
CUST00784,Vikram Rao,1,93386.1425,28015.842750000003,5
CUST00564,Arjun Singh,1,93379.032,28013.7096,2
CUST01775,Swathi Rao,1,93366.855,28010.05650000001,3
CUST01070,Anjali Gupta,1,93363.24,28008.97200000001,3
CUST00373,Anjali Gupta,1,93356.0,28006.800000000003,5
CUST01998,Suresh Reddy,1,93342.58,28002.774000000005,2
CUST02210,Pooja Mehta,1,93328.24,27998.47200000001,5
CUST01644,Kiran Kumar,1,93258.7545,27977.62635000001,1
CUST01467,Pooja Mehta,1,93246.091,27973.8273,2
CUST01595,Priya Reddy,1,93233.34900000002,27970.00470000002,3
CUST02395,Anjali Gupta,1,93190.55,27957.165,5
CUST02402,Swathi Rao,2,93110.6575,27933.19725,5
CUST01316,Amit Kumar,1,93014.28,27904.284000000007,1
CUST01750,Vikram Rao,1,92877.795,27863.338500000005,5
CUST01256,Arjun Singh,1,92858.26499999998,27857.4795,5
CUST02057,Pooja Mehta,2,92855.12100000001,27856.536300000007,6
CUST00811,Pooja Mehta,1,92769.6,27830.880000000005,2
CUST02268,Rahul Sharma,1,92732.26499999998,27819.6795,3
CUST01247,Sneha Patel,1,92730.5355,27819.160650000005,1
CUST00931,Kiran Kumar,1,92675.364,27802.6092,2
CUST00949,Neha Verma,1,92673.288,27801.9864,4
CUST01559,Anjali Gupta,1,92663.586,27799.07580000001,2
CUST01406,Rahul Sharma,1,92638.3665,27791.50995,3
CUST01954,Naveen Kumar,1,92563.934,27769.18020000001,2
CUST01607,Divya Nair,1,92550.0735,27765.022050000007,1
CUST00816,Pooja Mehta,2,92472.249,27741.674699999996,5
CUST00341,Rohit Joshi,1,92450.94,27735.282,2
CUST01145,Naveen Kumar,1,92415.4425,27724.63275,3
CUST01054,Swathi Rao,2,92335.43599999999,27700.630800000006,6
CUST01477,Neha Verma,1,92329.363,27698.8089,2
CUST00271,Anjali Gupta,1,92320.32,27696.096000000005,3
CUST01387,Divya Nair,1,92282.76,27684.828,5
CUST01970,Suresh Reddy,2,92266.317,27679.895099999994,5
CUST02493,Pooja Mehta,1,92249.92,27674.975999999995,4
CUST00783,Neha Verma,1,92238.996,27671.69880000001,4
CUST00488,Rahul Sharma,1,92231.235,27669.3705,2
CUST00381,Amit Kumar,1,92216.481,27664.944300000003,1
CUST01787,Sneha Patel,1,92034.48,27610.344000000005,3
CUST02041,Rohit Joshi,1,91988.86,27596.658000000003,2
CUST00343,Suresh Reddy,2,91975.2965,27592.588949999998,5
CUST00784,Amit Kumar,1,91909.75,27572.925000000003,1
CUST02373,Rahul Sharma,1,91889.38,27566.81400000001,2
CUST02228,Neha Verma,1,91875.57,27562.671,3
CUST00713,Vikram Rao,1,91843.9575,27553.187250000003,3
CUST00343,Priya Reddy,1,91812.0755,27543.622650000005,1
CUST00085,Vikram Rao,1,91787.79,27536.336999999992,1
CUST01171,Swathi Rao,1,91772.035,27531.610500000003,2
CUST01510,Rahul Sharma,1,91746.63,27523.989,1
CUST02406,Priya Reddy,1,91718.06,27515.418000000005,5
CUST00528,Suresh Reddy,1,91713.06,27513.918000000005,2
CUST01745,Sneha Patel,1,91709.295,27512.78850000001,5
CUST01935,Pooja Mehta,1,91703.628,27511.0884,2
CUST00747,Kiran Kumar,2,91676.295,27502.8885,2
CUST00923,Priya Reddy,1,91661.1205,27498.336150000003,1
CUST01185,Naveen Kumar,2,91566.49600000001,27469.9488,6
CUST00421,Anjali Gupta,1,91471.842,27441.552600000003,3
CUST00795,Priya Reddy,1,91463.5785,27439.07355,3
CUST00674,Rahul Sharma,1,91457.085,27437.1255,2
CUST01700,Pooja Mehta,1,91452.776,27435.8328,4
CUST00596,Swathi Rao,1,91417.17,27425.151000000005,3
CUST00904,Pooja Mehta,1,91410.7,27423.210000000006,4
CUST01766,Naveen Kumar,1,91363.058,27408.91740000001,2
CUST00234,Rahul Sharma,1,91316.565,27394.9695,3
CUST01972,Pooja Mehta,2,91299.118,27389.735400000005,2
CUST01342,Amit Kumar,1,91277.5815,27383.27445,3
CUST00940,Arjun Singh,2,91266.051,27379.815300000002,3
CUST00690,Rohit Joshi,1,91252.77000000002,27375.831000000013,3
CUST01615,Kiran Kumar,1,91233.864,27370.1592,4
CUST01022,Priya Reddy,1,91177.888,27353.366400000006,2
CUST01605,Arjun Singh,1,91177.681,27353.304300000003,2
CUST02201,Anjali Gupta,1,91170.17,27351.051000000007,5
CUST00976,Anjali Gupta,1,91099.124,27329.73720000001,4
CUST00773,Vikram Rao,1,91034.4,27310.319999999992,4
CUST01022,Arjun Singh,1,91023.948,27307.18440000001,2
CUST01534,Divya Nair,1,91002.492,27300.747599999995,2
CUST01465,Arjun Singh,1,90984.816,27295.444800000005,2
CUST01119,Pooja Mehta,1,90968.475,27290.542500000003,5
CUST01744,Swathi Rao,1,90957.072,27287.1216,3
CUST02474,Vikram Rao,1,90880.344,27264.103200000005,2
CUST00628,Priya Reddy,1,90856.215,27256.864500000003,2
CUST01085,Vikram Rao,1,90851.94,27255.582,4
CUST01962,Neha Verma,1,90786.1895,27235.85685000001,1
CUST00391,Swathi Rao,1,90669.177,27200.753099999994,3
CUST01376,Priya Reddy,1,90640.59,27192.177000000003,3
CUST02471,Divya Nair,1,90610.11000000002,27183.03300000001,3
CUST01047,Neha Verma,1,90579.84,27173.952000000005,4
CUST00596,Vikram Rao,1,90512.775,27153.832500000004,3
CUST01498,Divya Nair,1,90508.04,27152.412000000004,1
CUST02045,Rahul Sharma,1,90487.5,27146.250000000007,3
CUST01026,Sneha Patel,1,90470.19,27141.057,4
CUST01370,Sneha Patel,1,90466.65,27139.99500000001,5
CUST02298,Anjali Gupta,1,90436.005,27130.8015,5
CUST02058,Kiran Kumar,1,90426.51,27127.95300000001,4
CUST00751,Divya Nair,1,90421.875,27126.562500000007,2
CUST01324,Kiran Kumar,1,90413.3905,27124.017150000007,1
CUST01890,Rohit Joshi,1,90249.677,27074.903100000003,1
CUST01273,Kiran Kumar,1,90204.435,27061.3305,2
CUST00555,Divya Nair,1,90125.5425,27037.662750000003,3
CUST00364,Vikram Rao,1,90085.27,27025.58100000001,4
CUST00995,Pooja Mehta,1,90045.46399999999,27013.639200000005,4
CUST00765,Amit Kumar,1,90038.08600000001,27011.425800000005,4
CUST01783,Neha Verma,1,89997.65999999999,26999.298000000003,1
CUST00623,Swathi Rao,1,89985.26,26995.578,2
CUST02490,Rohit Joshi,1,89973.6,26992.08000000001,4
CUST01470,Priya Reddy,1,89957.44750000001,26987.23425000001,1
CUST00732,Divya Nair,1,89954.208,26986.262400000007,3
CUST00844,Anjali Gupta,1,89920.65400000001,26976.196200000013,1
CUST02006,Amit Kumar,1,89910.54000000001,26973.16200000001,2
CUST01683,Suresh Reddy,1,89886.777,26966.0331,3
CUST01773,Sneha Patel,1,89875.31400000001,26962.594200000007,2
CUST00452,Swathi Rao,1,89853.9,26956.17000000001,3
CUST00170,Swathi Rao,1,89845.326,26953.597800000003,2
CUST02452,Kiran Kumar,1,89843.609,26953.082700000006,2
CUST02420,Divya Nair,1,89838.801,26951.640300000006,1
CUST01311,Rohit Joshi,1,89825.20199999999,26947.5606,1
CUST02032,Rahul Sharma,1,89816.128,26944.8384,4
CUST01496,Kiran Kumar,1,89801.9985,26940.59955,3
CUST00507,Sneha Patel,1,89786.08,26935.824,4
CUST00189,Suresh Reddy,1,89767.09999999999,26930.130000000005,5
CUST01370,Divya Nair,1,89740.2885,26922.086549999996,3
CUST01466,Pooja Mehta,1,89728.716,26918.614800000003,4
CUST01466,Neha Verma,1,89713.2,26913.960000000006,5
CUST01383,Sneha Patel,1,89581.36,26874.408000000003,2
CUST00079,Swathi Rao,2,89578.26799999998,26873.480400000004,4
CUST01395,Rohit Joshi,1,89550.611,26865.183300000004,2
CUST00664,Priya Reddy,1,89544.22,26863.266000000003,2
CUST01269,Swathi Rao,1,89463.2575,26838.977250000004,1
CUST00406,Kiran Kumar,1,89427.31,26828.193000000007,4
CUST00734,Rahul Sharma,1,89368.61,26810.583,1
CUST01518,Pooja Mehta,1,89313.30799999999,26793.992400000003,2
CUST00338,Priya Reddy,1,89293.662,26788.098600000005,2
CUST00160,Rohit Joshi,1,89272.47599999998,26781.7428,3
CUST02416,Anjali Gupta,1,89228.007,26768.402100000007,1
CUST02173,Neha Verma,1,89115.61600000001,26734.68480000001,2
CUST00826,Swathi Rao,2,89081.061,26724.3183,2
CUST01476,Divya Nair,1,89069.355,26720.80650000001,5
CUST00263,Rahul Sharma,1,89004.11249999999,26701.23375,5
CUST00524,Kiran Kumar,1,88957.233,26687.1699,1
CUST00864,Divya Nair,1,88912.99799999999,26673.8994,2
CUST00796,Priya Reddy,1,88901.67450000001,26670.50235000001,1
CUST01945,Anjali Gupta,1,88887.456,26666.23680000001,4
CUST01204,Rahul Sharma,1,88844.0,26653.2,2
CUST01687,Swathi Rao,1,88765.70999999999,26629.713000000003,3
CUST02066,Naveen Kumar,1,88742.618,26622.7854,4
CUST02445,Kiran Kumar,1,88736.31,26620.893,3
CUST02417,Divya Nair,1,88729.3065,26618.791950000006,3
CUST00771,Vikram Rao,1,88714.56,26614.367999999995,2
CUST00463,Pooja Mehta,1,88698.105,26609.43150000001,5
CUST00581,Rahul Sharma,1,88654.371,26596.3113,2
CUST00936,Amit Kumar,1,88646.8655,26594.059650000003,1
CUST01287,Rahul Sharma,1,88582.16,26574.648,5
CUST00572,Swathi Rao,1,88576.46,26572.93800000001,4
CUST01560,Pooja Mehta,1,88529.77,26558.931000000004,1
CUST01233,Sneha Patel,1,88512.32699999999,26553.6981,1
CUST00269,Naveen Kumar,1,88495.8375,26548.75125,5
CUST01530,Rohit Joshi,1,88457.04000000001,26537.11200000001,4
CUST01995,Anjali Gupta,1,88446.7875,26534.036250000005,5
CUST00572,Suresh Reddy,1,88396.128,26518.8384,3
CUST01638,Neha Verma,1,88391.691,26517.507300000005,1
CUST01797,Divya Nair,1,88388.236,26516.470800000003,4
CUST02024,Neha Verma,1,88383.717,26515.115100000003,3
CUST00458,Anjali Gupta,1,88362.98,26508.893999999997,2
CUST00095,Naveen Kumar,1,88353.54000000001,26506.062000000005,2
CUST02310,Priya Reddy,1,88321.69949999999,26496.509849999995,3
CUST00661,Arjun Singh,1,88319.89,26495.967,1
CUST01215,Divya Nair,1,88312.2565,26493.67695,1
CUST00385,Anjali Gupta,1,88260.056,26478.016800000005,2
CUST01692,Neha Verma,1,88201.728,26460.5184,4
CUST01932,Amit Kumar,1,88192.92,26457.876,2
CUST02244,Naveen Kumar,1,88130.61000000002,26439.18300000001,5
CUST02229,Anjali Gupta,1,88126.266,26437.8798,4
CUST01520,Amit Kumar,1,88095.82,26428.746000000006,1
CUST00253,Rohit Joshi,1,88084.68,26425.404,1
CUST00442,Rohit Joshi,1,88041.792,26412.537600000003,3
CUST01917,Naveen Kumar,1,88008.54999999999,26402.564999999995,5
CUST01028,Naveen Kumar,1,87989.472,26396.841599999992,2
CUST01145,Pooja Mehta,1,87987.70000000001,26396.310000000005,5
CUST00524,Amit Kumar,1,87966.228,26389.8684,3
CUST02326,Suresh Reddy,1,87890.85,26367.255000000005,2
CUST00178,Neha Verma,1,87862.824,26358.847200000004,4
CUST02421,Amit Kumar,1,87852.19499999999,26355.658500000005,5
CUST01160,Kiran Kumar,1,87850.79999999999,26355.24,4
CUST01195,Neha Verma,2,87844.715,26353.414500000003,10
CUST00422,Naveen Kumar,1,87831.96800000001,26349.59040000001,4
CUST00475,Arjun Singh,1,87815.76,26344.728000000003,4
CUST00491,Neha Verma,1,87756.345,26326.903500000008,5
CUST01042,Kiran Kumar,1,87703.524,26311.057200000003,4
CUST00484,Suresh Reddy,1,87680.97,26304.291000000005,5
CUST01912,Vikram Rao,1,87650.36,26295.108000000007,5
CUST01016,Vikram Rao,2,87590.75899999999,26277.22770000001,4
CUST01302,Anjali Gupta,2,87508.64800000002,26252.59440000001,5
CUST01829,Priya Reddy,1,87448.68000000001,26234.604000000007,4
CUST01588,Neha Verma,1,87433.952,26230.185600000004,2
CUST01491,Rohit Joshi,2,87376.43849999999,26212.93155,2
CUST01888,Pooja Mehta,1,87375.7275,26212.718250000005,5
CUST01557,Vikram Rao,1,87360.076,26208.0228,4
CUST00181,Amit Kumar,1,87345.32750000001,26203.598250000017,5
CUST00671,Divya Nair,1,87331.125,26199.3375,2
CUST01493,Kiran Kumar,1,87230.1375,26169.041249999995,5
CUST01607,Vikram Rao,1,87209.76,26162.927999999996,4
CUST02170,Priya Reddy,1,87121.944,26136.5832,1
CUST01434,Kiran Kumar,1,87115.824,26134.747200000005,2
CUST01899,Sneha Patel,1,87087.68,26126.304000000004,4
CUST02203,Anjali Gupta,1,87081.1425,26124.342750000003,3
CUST00506,Suresh Reddy,1,87077.3175,26123.195250000004,3
CUST00133,Rohit Joshi,1,87045.984,26113.795199999997,4
CUST02295,Suresh Reddy,2,87013.9265,26104.177949999998,2
CUST01258,Swathi Rao,1,87009.03450000001,26102.71035000001,3
CUST00607,Divya Nair,1,86989.86,26096.958,2
CUST01440,Neha Verma,1,86897.83200000001,26069.34960000001,3
CUST02108,Vikram Rao,1,86854.329,26056.298700000007,3
CUST02174,Neha Verma,1,86751.045,26025.3135,2
CUST01010,Rahul Sharma,1,86710.65,26013.194999999992,1
CUST01208,Suresh Reddy,1,86661.59,25998.477000000006,1
CUST00662,Pooja Mehta,1,86646.96,25994.088000000003,4
CUST01974,Suresh Reddy,1,86572.605,25971.781500000005,2
CUST02077,Priya Reddy,1,86516.215,25954.864500000003,5
CUST02363,Priya Reddy,1,86458.896,25937.668799999992,3
CUST00585,Rahul Sharma,1,86455.089,25936.52670000001,1
CUST01867,Divya Nair,1,86453.686,25936.105800000005,1
CUST00165,Naveen Kumar,1,86436.168,25930.850400000003,2
CUST00464,Kiran Kumar,1,86433.45,25930.035000000003,5
CUST00796,Amit Kumar,1,86432.78600000001,25929.835800000008,4
CUST00083,Pooja Mehta,2,86416.4935,25924.948050000003,3
CUST00024,Neha Verma,1,86405.996,25921.7988,2
CUST01773,Anjali Gupta,1,86367.735,25910.3205,2
CUST00017,Sneha Patel,1,86362.38,25908.714000000007,2
CUST00146,Swathi Rao,1,86356.67199999999,25907.001600000003,2
CUST02426,Pooja Mehta,1,86354.883,25906.4649,3
CUST00590,Anjali Gupta,1,86310.55,25893.165,1
CUST00760,Naveen Kumar,1,86274.55799999999,25882.367400000003,4
CUST01670,Naveen Kumar,1,86248.9305,25874.679150000004,3
CUST01263,Divya Nair,2,86220.385,25866.115499999993,5
CUST01159,Neha Verma,1,86196.68100000001,25859.004300000008,3
CUST00692,Priya Reddy,1,86166.99,25850.09700000001,1
CUST00683,Neha Verma,2,86161.493,25848.4479,4
CUST02331,Rohit Joshi,1,86060.16,25818.048000000003,2
CUST01806,Sneha Patel,1,86001.6,25800.480000000003,2
CUST00703,Naveen Kumar,1,85976.026,25792.807799999995,2
CUST01174,Anjali Gupta,1,85972.824,25791.847200000004,3
CUST02180,Vikram Rao,1,85970.4875,25791.146250000005,1
CUST01074,Divya Nair,1,85949.568,25784.870400000007,3
CUST01348,Rohit Joshi,1,85937.805,25781.3415,1
CUST01148,Rahul Sharma,1,85904.655,25771.396499999995,3
CUST00102,Divya Nair,1,85866.372,25759.9116,3
CUST01747,Kiran Kumar,1,85847.02,25754.106000000007,1
CUST01467,Arjun Singh,1,85791.19499999999,25737.3585,5
CUST00445,Anjali Gupta,2,85783.94649999999,25735.183950000006,2
CUST01054,Divya Nair,1,85724.387,25717.316100000004,2
CUST01635,Kiran Kumar,2,85678.1925,25703.45775,6
CUST00082,Anjali Gupta,1,85660.8,25698.240000000005,2
CUST02485,Divya Nair,1,85656.91399999999,25697.074200000003,4
CUST01591,Rohit Joshi,1,85655.05900000001,25696.51770000001,2
CUST00509,Suresh Reddy,1,85615.28,25684.583999999995,2
CUST01471,Divya Nair,1,85599.252,25679.7756,2
CUST00501,Priya Reddy,1,85322.762,25596.8286,2
CUST02324,Rahul Sharma,1,85292.90400000001,25587.87120000001,3
CUST02319,Pooja Mehta,1,85286.664,25585.99920000001,4
CUST00608,Neha Verma,1,85267.11,25580.133,1
CUST00407,Arjun Singh,1,85266.1575,25579.84725,1
CUST02251,Suresh Reddy,1,85259.52,25577.856000000007,4
CUST01254,Vikram Rao,2,85239.09,25571.727000000003,5
CUST00851,Naveen Kumar,1,85228.6275,25568.58825,3
CUST01679,Rohit Joshi,1,85185.54000000001,25555.66200000001,4
CUST02494,Amit Kumar,1,85180.04,25554.012,5
CUST00929,Kiran Kumar,1,85178.87400000001,25553.66220000001,2
CUST00382,Amit Kumar,1,85146.84000000001,25544.05200000001,5
CUST02367,Arjun Singh,1,85073.47499999999,25522.042500000003,5
CUST00731,Naveen Kumar,1,84971.94,25491.582,2
CUST00565,Kiran Kumar,1,84964.4,25489.319999999992,5
CUST01330,Naveen Kumar,1,84937.568,25481.2704,2
CUST00972,Neha Verma,1,84858.06599999999,25457.419800000003,1
CUST00375,Sneha Patel,1,84806.1575,25441.84725,1
CUST00878,Naveen Kumar,2,84774.738,25432.421400000003,6
CUST01205,Amit Kumar,1,84766.3945,25429.918349999996,1
CUST02311,Pooja Mehta,1,84733.032,25419.909600000006,3
CUST00242,Sneha Patel,1,84700.239,25410.0717,3
CUST01678,Pooja Mehta,1,84613.137,25383.941100000004,1
CUST00595,Kiran Kumar,1,84567.447,25370.2341,1
CUST00581,Anjali Gupta,2,84565.2005,25369.560150000005,2
CUST00193,Rahul Sharma,1,84549.29999999999,25364.79,3
CUST01407,Naveen Kumar,1,84531.65,25359.495000000003,1
CUST00977,Swathi Rao,1,84512.538,25353.761400000003,2
CUST00399,Naveen Kumar,1,84421.788,25326.5364,4
CUST02012,Vikram Rao,1,84379.74,25313.92200000001,2
CUST01312,Neha Verma,1,84378.39300000001,25313.517900000006,1
CUST00655,Rahul Sharma,1,84374.332,25312.29960000001,4
CUST00745,Rohit Joshi,1,84372.39,25311.717,2
CUST00393,Naveen Kumar,1,84307.07,25292.121000000006,1
CUST00029,Arjun Singh,1,84305.48,25291.643999999997,4
CUST01563,Amit Kumar,1,84256.47,25276.941,4
CUST01298,Anjali Gupta,1,84139.935,25241.980500000005,2
CUST01010,Swathi Rao,1,84131.44,25239.432,2
CUST00773,Priya Reddy,1,84098.54999999999,25229.564999999995,2
CUST02448,Sneha Patel,1,84043.53,25213.059,4
CUST00378,Priya Reddy,1,84008.652,25202.5956,3
CUST02094,Anjali Gupta,1,83977.19750000001,25193.159250000004,5
CUST00363,Priya Reddy,1,83946.69,25184.007000000005,2
CUST01262,Swathi Rao,1,83890.18,25167.054000000004,1
CUST02212,Priya Reddy,1,83886.1855,25165.855650000005,1
CUST01007,Divya Nair,1,83806.3025,25141.89075000001,5
CUST00208,Anjali Gupta,1,83796.29800000001,25138.889400000007,1
CUST02178,Priya Reddy,1,83704.356,25111.3068,2
CUST02029,Arjun Singh,1,83697.19200000001,25109.157600000013,1
CUST00086,Suresh Reddy,1,83651.84049999999,25095.552150000003,1
CUST02391,Rohit Joshi,1,83623.76,25087.128000000004,5
CUST01768,Sneha Patel,1,83620.348,25086.1044,2
CUST00921,Naveen Kumar,1,83610.76800000001,25083.230400000008,2
CUST00615,Suresh Reddy,2,83590.338,25077.101400000003,8
CUST00501,Arjun Singh,1,83555.51999999999,25066.656000000003,4
CUST00634,Priya Reddy,1,83524.68,25057.404,4
CUST00123,Rohit Joshi,1,83505.56400000001,25051.66920000001,4
CUST00727,Naveen Kumar,1,83490.196,25047.05880000001,1
CUST02192,Kiran Kumar,1,83398.374,25019.512200000005,1
CUST00641,Arjun Singh,1,83305.39500000002,24991.61850000001,3
CUST00897,Swathi Rao,1,83294.781,24988.4343,2
CUST01609,Neha Verma,1,83252.799,24975.8397,3
CUST00939,Rohit Joshi,1,83228.958,24968.687399999995,2
CUST01936,Sneha Patel,1,83225.438,24967.63140000001,4
CUST01320,Divya Nair,1,83203.95,24961.185000000005,1
CUST02430,Divya Nair,1,83138.7975,24941.639250000007,1
CUST01511,Neha Verma,2,83105.8905,24931.76715,4
CUST01324,Swathi Rao,1,83083.267,24924.980100000008,1
CUST00754,Kiran Kumar,1,83075.868,24922.7604,4
CUST00364,Anjali Gupta,1,83063.709,24919.112700000005,1
CUST01850,Anjali Gupta,1,83057.17000000001,24917.151000000005,4
CUST01621,Arjun Singh,2,83026.478,24907.943399999996,5
CUST01507,Priya Reddy,1,83013.73199999999,24904.1196,4
CUST02002,Naveen Kumar,1,83005.3475,24901.604250000004,1
CUST00923,Anjali Gupta,1,82975.56,24892.668000000005,4
CUST01765,Vikram Rao,1,82968.65849999999,24890.59755,1
CUST02213,Naveen Kumar,1,82961.1815,24888.354450000006,1
CUST00651,Neha Verma,1,82877.431,24863.229300000006,2
CUST01449,Pooja Mehta,1,82838.1,24851.430000000008,5
CUST01969,Arjun Singh,1,82834.365,24850.309500000003,2
CUST01537,Kiran Kumar,1,82816.074,24844.8222,1
CUST02047,Priya Reddy,2,82800.189,24840.056699999997,6
CUST00993,Priya Reddy,1,82782.85750000001,24834.85725000001,5
CUST00641,Rahul Sharma,1,82772.184,24831.6552,4
CUST02462,Pooja Mehta,1,82665.124,24799.53720000001,2
CUST01358,Amit Kumar,1,82642.27649999999,24792.68295,3
CUST00769,Priya Reddy,1,82630.44,24789.132000000005,3
CUST00238,Pooja Mehta,1,82550.67,24765.201,4
CUST01308,Kiran Kumar,1,82547.001,24764.10030000001,3
CUST00638,Sneha Patel,1,82527.714,24758.314200000008,2
CUST00869,Divya Nair,1,82524.42,24757.326,3
CUST01877,Amit Kumar,1,82501.755,24750.526500000007,2
CUST01026,Amit Kumar,2,82406.247,24721.874099999994,4
CUST02374,Arjun Singh,1,82359.9,24707.97,4
CUST00490,Naveen Kumar,1,82324.71,24697.413000000008,5
CUST01501,Vikram Rao,1,82318.7445,24695.62335,1
CUST00559,Amit Kumar,1,82133.352,24640.0056,3
CUST01253,Suresh Reddy,1,82049.88,24614.964000000007,4
CUST01420,Anjali Gupta,1,81973.87,24592.160999999996,1
CUST02416,Neha Verma,1,81953.181,24585.954300000005,3
CUST00541,Rahul Sharma,1,81912.9445,24573.88335,1
CUST00299,Naveen Kumar,1,81830.877,24549.263100000004,3
CUST01756,Arjun Singh,1,81796.938,24539.081400000003,2
CUST01398,Rohit Joshi,1,81789.1385,24536.74155,1
CUST01067,Naveen Kumar,1,81777.684,24533.305200000003,4
CUST01645,Sneha Patel,1,81773.055,24531.916499999992,2
CUST00805,Pooja Mehta,1,81766.5405,24529.96215,3
CUST01235,Anjali Gupta,1,81747.09150000001,24524.127450000007,1
CUST00848,Sneha Patel,1,81745.02,24523.506,2
CUST00936,Rohit Joshi,1,81659.115,24497.73450000001,1
CUST01230,Suresh Reddy,1,81624.99749999998,24487.49925,5
CUST02337,Priya Reddy,1,81569.80799999999,24470.9424,2
CUST01103,Priya Reddy,1,81555.19,24466.557,1
CUST00997,Rohit Joshi,1,81554.16,24466.248000000007,2
CUST01097,Rohit Joshi,1,81532.34999999999,24459.705,3
CUST01354,Amit Kumar,1,81531.7075,24459.512250000007,5
CUST02417,Naveen Kumar,1,81490.75200000001,24447.225600000005,3
CUST00030,Neha Verma,1,81458.58600000001,24437.575800000013,1
CUST01353,Vikram Rao,1,81402.78,24420.833999999995,4
CUST01822,Suresh Reddy,1,81394.38,24418.31400000001,5
CUST02376,Naveen Kumar,2,81391.86,24417.558000000005,3
CUST01666,Sneha Patel,1,81258.3255,24377.497650000005,3
CUST00359,Neha Verma,1,81208.18800000001,24362.456400000003,4
CUST02274,Rohit Joshi,1,81183.092,24354.927600000003,4
CUST01527,Divya Nair,1,81170.584,24351.175200000005,1
CUST01642,Swathi Rao,1,81105.45000000001,24331.63500000001,2
CUST00781,Arjun Singh,1,81088.58,24326.574,2
CUST00240,Rahul Sharma,1,81017.0445,24305.113350000007,1
CUST00757,Suresh Reddy,1,80987.655,24296.2965,2
CUST01495,Swathi Rao,1,80900.98199999999,24270.2946,1
CUST01397,Rohit Joshi,1,80839.095,24251.728500000005,2
CUST00026,Divya Nair,1,80835.228,24250.568400000004,4
CUST01415,Neha Verma,1,80805.03,24241.509000000005,4
CUST01914,Arjun Singh,1,80797.11,24239.133,1
CUST02330,Pooja Mehta,1,80784.2295,24235.26885,3
CUST02440,Sneha Patel,1,80750.352,24225.105599999995,3
CUST00605,Priya Reddy,1,80735.93,24220.779,1
CUST01962,Priya Reddy,1,80688.63,24206.589000000007,4
CUST00440,Amit Kumar,1,80680.59000000001,24204.177000000003,1
CUST01706,Sneha Patel,1,80538.1875,24161.456250000003,3
CUST02353,Suresh Reddy,1,80520.568,24156.170400000003,1
CUST01242,Pooja Mehta,1,80517.78,24155.333999999995,4
CUST00292,Priya Reddy,1,80492.38399999999,24147.7152,2
CUST01424,Sneha Patel,1,80471.688,24141.50639999999,2
CUST01856,Anjali Gupta,1,80461.371,24138.4113,2
CUST01307,Vikram Rao,1,80430.4935,24129.148050000003,3
CUST01144,Arjun Singh,1,80376.015,24112.8045,2
CUST01299,Sneha Patel,1,80373.739,24112.121700000003,1
CUST01207,Kiran Kumar,2,80362.8925,24108.867749999998,7
CUST01113,Priya Reddy,1,80351.12,24105.336000000003,2
CUST00617,Suresh Reddy,1,80350.67,24105.201,4
CUST00815,Neha Verma,1,80300.448,24090.134400000003,4
CUST00770,Rahul Sharma,1,80275.20000000001,24082.560000000005,5
CUST02187,Rohit Joshi,1,80272.89,24081.867,3
CUST01823,Naveen Kumar,1,80253.48250000001,24076.04475000001,1
CUST00982,Divya Nair,1,80227.08,24068.124000000003,3
CUST01408,Priya Reddy,1,80197.194,24059.158200000005,4
CUST01547,Rahul Sharma,1,80139.8,24041.94,1
CUST01084,Amit Kumar,1,80051.115,24015.334500000004,2
CUST01182,Arjun Singh,1,80040.76800000001,24012.230400000008,2
CUST02193,Rohit Joshi,1,80037.936,24011.3808,2
CUST01390,Rahul Sharma,1,79982.048,23994.6144,1
CUST00622,Rahul Sharma,1,79915.26599999999,23974.5798,3
CUST02020,Kiran Kumar,1,79897.2375,23969.17125,5
CUST00722,Naveen Kumar,1,79854.15,23956.245000000003,4
CUST00459,Rahul Sharma,1,79767.72,23930.316,3
CUST00027,Vikram Rao,1,79755.5925,23926.677749999995,3
CUST02100,Rohit Joshi,1,79729.19249999999,23918.75775,3
CUST00647,Rahul Sharma,1,79705.1045,23911.531350000005,1
CUST01684,Anjali Gupta,1,79703.54800000001,23911.064400000003,4
CUST01017,Neha Verma,1,79668.90000000001,23900.67000000001,3
CUST01359,Kiran Kumar,1,79664.625,23899.3875,3
CUST00597,Amit Kumar,1,79660.464,23898.139200000005,1
CUST02242,Sneha Patel,1,79616.984,23885.095200000003,4
CUST01503,Pooja Mehta,1,79604.488,23881.346399999995,1
CUST00233,Amit Kumar,1,79578.44,23873.532,2
CUST00320,Sneha Patel,1,79564.155,23869.2465,2
CUST01924,Pooja Mehta,1,79549.694,23864.908200000005,4
CUST00326,Rahul Sharma,1,79529.85,23858.95500000001,3
CUST00471,Priya Reddy,1,79527.68250000001,23858.304750000003,3
CUST00561,Pooja Mehta,1,79517.26800000001,23855.180400000005,4
CUST00213,Sneha Patel,1,79506.81,23852.043000000005,1
CUST01560,Rohit Joshi,1,79481.19,23844.357000000004,1
CUST02046,Pooja Mehta,1,79458.48,23837.543999999994,4
CUST01445,Amit Kumar,1,79438.59150000001,23831.577450000004,1
CUST01609,Swathi Rao,1,79351.48800000001,23805.44640000001,2
CUST00414,Amit Kumar,2,79339.646,23801.893799999994,3
CUST02207,Neha Verma,1,79328.19200000001,23798.45760000001,1
CUST00762,Kiran Kumar,1,79324.6275,23797.388250000004,3
CUST02119,Arjun Singh,1,79309.36,23792.808,2
CUST00088,Naveen Kumar,1,79289.92,23786.975999999995,1
CUST00565,Neha Verma,1,79270.15000000001,23781.04500000001,5
CUST00822,Sneha Patel,1,79268.94,23780.682,2
CUST01791,Kiran Kumar,1,79263.163,23778.948900000003,1
CUST01555,Naveen Kumar,1,79225.62,23767.685999999994,2
CUST01320,Anjali Gupta,1,79162.4125,23748.723750000005,1
CUST00497,Kiran Kumar,1,79129.87000000001,23738.961000000003,1
CUST01996,Priya Reddy,1,79103.118,23730.9354,2
CUST00363,Pooja Mehta,1,79087.3915,23726.21745,1
CUST01007,Kiran Kumar,1,79081.65,23724.495000000003,3
CUST02291,Rahul Sharma,1,79078.05,23723.415,3
CUST01858,Kiran Kumar,1,79050.31999999999,23715.09599999999,1
CUST01406,Anjali Gupta,1,78977.376,23693.2128,3
CUST00429,Sneha Patel,1,78944.46399999999,23683.3392,4
CUST01083,Priya Reddy,1,78930.424,23679.127200000003,1
CUST02379,Arjun Singh,1,78926.80949999999,23678.04285,3
CUST00803,Divya Nair,1,78914.40299999999,23674.3209,1
CUST02025,Divya Nair,2,78909.6905,23672.907150000006,6
CUST00923,Neha Verma,1,78860.934,23658.2802,2
CUST00325,Divya Nair,1,78850.2075,23655.062250000003,3
CUST00367,Pooja Mehta,1,78836.429,23650.928700000004,2
CUST00219,Suresh Reddy,1,78816.5315,23644.959449999995,1
CUST02155,Rahul Sharma,1,78749.92,23624.975999999995,4
CUST01208,Pooja Mehta,1,78725.22,23617.566,3
CUST00031,Swathi Rao,1,78724.76400000001,23617.429200000013,4
CUST00079,Rahul Sharma,1,78716.035,23614.810500000007,2
CUST01407,Anjali Gupta,1,78701.55,23610.465000000004,5
CUST00942,Suresh Reddy,1,78673.83,23602.149000000005,1
CUST02335,Pooja Mehta,1,78651.48,23595.444000000003,2
CUST01182,Swathi Rao,1,78592.41900000001,23577.725700000003,1
CUST00982,Rohit Joshi,1,78574.864,23572.459200000005,2
CUST00809,Swathi Rao,1,78569.4,23570.819999999992,3
CUST01650,Rahul Sharma,2,78506.43,23551.928999999996,7
CUST00620,Divya Nair,1,78502.928,23550.8784,1
CUST00049,Rohit Joshi,1,78491.168,23547.350400000003,1
CUST00239,Naveen Kumar,1,78461.8,23538.54,1
CUST01057,Divya Nair,1,78440.949,23532.284700000004,1
CUST01152,Priya Reddy,1,78432.72,23529.816,5
CUST01498,Pooja Mehta,1,78431.9525,23529.58575,1
CUST00783,Swathi Rao,1,78395.292,23518.5876,1
CUST01158,Priya Reddy,1,78366.348,23509.9044,4
CUST02401,Anjali Gupta,1,78265.15149999999,23479.54544999999,1
CUST01250,Priya Reddy,1,78235.74,23470.72200000001,4
CUST01082,Neha Verma,1,78198.984,23459.695199999995,3
CUST00097,Naveen Kumar,2,78185.5065,23455.65195,3
CUST00838,Kiran Kumar,1,78168.527,23450.5581,2
CUST00485,Pooja Mehta,2,78152.855,23445.856499999998,5
CUST00355,Priya Reddy,1,78101.53600000001,23430.460800000008,4
CUST00876,Sneha Patel,1,78090.53199999999,23427.1596,2
CUST01940,Neha Verma,1,78058.44,23417.532,2
CUST00967,Suresh Reddy,1,78037.693,23411.3079,1
CUST01731,Naveen Kumar,1,78029.88,23408.964000000007,2
CUST01305,Anjali Gupta,1,78028.86750000001,23408.660250000008,5
CUST02186,Naveen Kumar,1,78028.80799999999,23408.6424,1
CUST00455,Divya Nair,1,77987.704,23396.3112,4
CUST01267,Vikram Rao,1,77953.64,23386.092,2
CUST01525,Anjali Gupta,1,77948.838,23384.6514,2
CUST00168,Naveen Kumar,1,77945.625,23383.6875,2
CUST01842,Arjun Singh,1,77945.57,23383.671,1
CUST02415,Anjali Gupta,1,77942.465,23382.739500000003,2
CUST00969,Rohit Joshi,1,77891.168,23367.350400000003,1
CUST00543,Suresh Reddy,1,77864.048,23359.214400000004,1
CUST01247,Kiran Kumar,1,77832.495,23349.748499999994,3
CUST01125,Rahul Sharma,1,77826.87,23348.060999999994,3
CUST01539,Kiran Kumar,1,77809.76800000001,23342.930400000005,1
CUST01244,Swathi Rao,1,77791.2155,23337.364650000003,1
CUST00260,Arjun Singh,1,77784.45199999999,23335.3356,2
CUST00781,Amit Kumar,1,77772.78,23331.833999999995,2
CUST00994,Rahul Sharma,1,77748.372,23324.511600000005,4
CUST00848,Naveen Kumar,1,77702.24,23310.67200000001,4
CUST00504,Rohit Joshi,2,77701.66500000001,23310.499500000005,6
CUST02288,Anjali Gupta,1,77693.92,23308.176,1
CUST02022,Priya Reddy,1,77635.04,23290.512,2
CUST00336,Arjun Singh,1,77624.4,23287.319999999992,5
CUST02071,Kiran Kumar,1,77623.68,23287.103999999992,5
CUST01759,Sneha Patel,1,77614.54400000001,23284.363200000007,2
CUST01109,Suresh Reddy,1,77597.584,23279.275200000004,1
CUST01221,Neha Verma,1,77595.38399999999,23278.6152,3
CUST01966,Anjali Gupta,1,77591.63699999999,23277.4911,1
CUST00334,Pooja Mehta,1,77590.376,23277.112800000003,1
CUST02432,Rohit Joshi,1,77589.78749999999,23276.93625,3
CUST00885,Swathi Rao,1,77538.33450000001,23261.50035000001,1
CUST02345,Suresh Reddy,1,77526.63,23257.989,1
CUST01825,Arjun Singh,1,77489.298,23246.789399999994,2
CUST00236,Arjun Singh,1,77447.47799999999,23234.2434,4
CUST00091,Kiran Kumar,1,77430.95999999999,23229.288,3
CUST00998,Anjali Gupta,1,77430.6,23229.180000000008,3
CUST01626,Vikram Rao,1,77428.56,23228.568,4
CUST00889,Swathi Rao,1,77388.04,23216.412000000004,1
CUST00938,Pooja Mehta,1,77362.776,23208.8328,3
CUST00638,Rohit Joshi,1,77359.635,23207.8905,1
CUST01926,Neha Verma,1,77333.952,23200.185600000004,2
CUST00640,Pooja Mehta,1,77329.68000000001,23198.904,2
CUST01182,Pooja Mehta,1,77326.5,23197.95,5
CUST00839,Sneha Patel,1,77295.312,23188.593600000007,1
CUST00560,Priya Reddy,1,77266.827,23180.048100000007,1
CUST00461,Sneha Patel,1,77249.712,23174.9136,1
CUST01586,Vikram Rao,1,77223.708,23167.112400000005,1
CUST00834,Priya Reddy,1,77222.0495,23166.61484999999,1
CUST01777,Arjun Singh,1,77222.016,23166.6048,1
CUST01524,Sneha Patel,1,77082.912,23124.8736,4
CUST01007,Suresh Reddy,1,77077.152,23123.145600000003,3
CUST02075,Naveen Kumar,1,77055.764,23116.729199999994,4
CUST02159,Arjun Singh,1,77055.526,23116.6578,1
CUST00408,Rahul Sharma,1,77047.527,23114.2581,3
CUST01726,Kiran Kumar,1,77006.804,23102.041200000007,4
CUST01041,Vikram Rao,1,76957.98000000001,23087.394000000008,2
CUST00240,Kiran Kumar,1,76956.232,23086.869600000005,4
CUST01052,Divya Nair,1,76934.63699999999,23080.3911,1
CUST00480,Naveen Kumar,1,76899.63,23069.889000000003,3
CUST01118,Kiran Kumar,1,76838.432,23051.5296,4
CUST01244,Anjali Gupta,1,76835.62000000001,23050.68600000001,1
CUST01481,Divya Nair,1,76835.184,23050.555200000003,2
CUST01751,Amit Kumar,1,76826.995,23048.098499999996,1
CUST00956,Rahul Sharma,1,76826.115,23047.834500000004,2
CUST01582,Priya Reddy,1,76815.97200000001,23044.791600000004,2
CUST02382,Vikram Rao,1,76799.43000000001,23039.829000000005,3
CUST00476,Amit Kumar,1,76699.773,23009.931900000003,1
CUST01704,Sneha Patel,1,76694.7,23008.410000000003,5
CUST00096,Sneha Patel,1,76644.4725,22993.341750000007,3
CUST01991,Sneha Patel,1,76630.88699999999,22989.2661,1
CUST00092,Priya Reddy,1,76564.855,22969.456499999997,5
CUST00566,Vikram Rao,1,76543.6475,22963.09425000001,1
CUST00256,Pooja Mehta,1,76533.7575,22960.127250000005,1
CUST01261,Swathi Rao,1,76517.928,22955.3784,1
CUST01211,Priya Reddy,1,76512.114,22953.6342,1
CUST00722,Anjali Gupta,1,76497.348,22949.204399999995,3
CUST01835,Suresh Reddy,1,76452.7225,22935.816750000005,1
CUST00582,Priya Reddy,1,76372.05600000001,22911.616800000003,1
CUST01552,Suresh Reddy,1,76299.52500000001,22889.85750000001,5
CUST02295,Rahul Sharma,1,76273.9875,22882.19625,3
CUST00286,Anjali Gupta,1,76248.03199999999,22874.4096,2
CUST01977,Naveen Kumar,1,76239.11499999999,22871.7345,1
CUST00562,Pooja Mehta,1,76155.7075,22846.712250000004,1
CUST00106,Anjali Gupta,1,76143.376,22843.012800000004,1
CUST01595,Swathi Rao,1,76120.68000000001,22836.204000000005,1
CUST00921,Amit Kumar,1,76116.9,22835.069999999992,3
CUST01579,Rohit Joshi,1,76108.94,22832.682,2
CUST02135,Anjali Gupta,1,76090.098,22827.0294,1
CUST02172,Anjali Gupta,1,76044.896,22813.4688,1
CUST02019,Divya Nair,1,76029.6,22808.880000000005,4
CUST01213,Rahul Sharma,1,76014.024,22804.207200000004,1
CUST00940,Naveen Kumar,1,76011.375,22803.4125,2
CUST01867,Amit Kumar,1,75987.84,22796.352,5
CUST00157,Rahul Sharma,1,75970.458,22791.1374,1
CUST01650,Neha Verma,1,75957.8105,22787.343150000008,1
CUST00619,Kiran Kumar,1,75956.28749999999,22786.886250000003,5
CUST00938,Rahul Sharma,1,75955.96,22786.788000000008,2
CUST01544,Priya Reddy,1,75952.2175,22785.665250000005,5
CUST00552,Swathi Rao,1,75902.535,22770.760500000004,3
CUST02067,Amit Kumar,1,75857.65000000001,22757.29500000001,5
CUST02416,Pooja Mehta,1,75831.375,22749.4125,1
CUST01933,Rahul Sharma,1,75828.736,22748.620800000004,1
CUST00693,Suresh Reddy,1,75823.696,22747.108799999995,1
CUST02327,Pooja Mehta,1,75801.627,22740.4881,1
CUST00986,Suresh Reddy,1,75761.592,22728.47760000001,3
CUST02001,Divya Nair,1,75757.952,22727.3856,1
CUST00245,Rahul Sharma,1,75739.928,22721.9784,1
CUST01463,Pooja Mehta,1,75705.624,22711.687199999997,4
CUST00504,Anjali Gupta,1,75701.32,22710.396000000008,2
CUST00908,Arjun Singh,1,75689.42300000001,22706.826900000007,1
CUST00418,Rahul Sharma,1,75654.846,22696.453800000003,2
CUST00234,Divya Nair,1,75629.133,22688.7399,3
CUST00111,Rohit Joshi,1,75611.8205,22683.54615,1
CUST01066,Pooja Mehta,1,75588.552,22676.565599999994,3
CUST00581,Neha Verma,1,75468.76800000001,22640.63040000001,2
CUST01538,Anjali Gupta,1,75414.6,22624.380000000005,5
CUST02499,Naveen Kumar,1,75380.58,22614.174,4
CUST01604,Pooja Mehta,1,75364.706,22609.41180000001,1
CUST00331,Divya Nair,1,75317.482,22595.244600000005,2
CUST01401,Rahul Sharma,1,75283.2,22584.96,4
CUST00776,Divya Nair,1,75260.71,22578.213000000003,1
CUST01985,Pooja Mehta,1,75236.238,22570.8714,2
CUST02313,Suresh Reddy,1,75219.066,22565.719800000006,2
CUST01658,Anjali Gupta,1,75197.801,22559.340300000003,1
CUST01758,Priya Reddy,1,75078.12,22523.435999999994,3
CUST01025,Rahul Sharma,1,75051.368,22515.4104,2
CUST01884,Rohit Joshi,1,75010.383,22503.1149,1
CUST01360,Rohit Joshi,1,75002.368,22500.710400000004,4
CUST02493,Neha Verma,2,74993.931,22498.179299999996,4
CUST01634,Amit Kumar,1,74990.76,22497.228000000003,2
CUST01048,Swathi Rao,1,74975.729,22492.718700000005,1
CUST00795,Pooja Mehta,1,74939.0115,22481.70345,3
CUST00809,Anjali Gupta,1,74883.9875,22465.19625,5
CUST00643,Anjali Gupta,1,74770.78499999999,22431.235500000003,5
CUST02004,Kiran Kumar,1,74736.14850000001,22420.84455000001,3
CUST01398,Vikram Rao,1,74699.688,22409.906399999996,1
CUST00245,Anjali Gupta,1,74647.815,22394.3445,1
CUST00680,Rahul Sharma,1,74640.77799999999,22392.23339999999,4
CUST01866,Amit Kumar,2,74544.837,22363.451100000006,2
CUST01320,Priya Reddy,1,74514.474,22354.3422,2
CUST00435,Arjun Singh,1,74452.8,22335.840000000004,4
CUST01666,Naveen Kumar,1,74448.405,22334.521499999995,2
CUST01935,Vikram Rao,1,74428.12999999999,22328.439,1
CUST00152,Pooja Mehta,1,74410.7,22323.21,2
CUST02296,Divya Nair,1,74409.48,22322.844000000005,2
CUST02361,Rahul Sharma,1,74403.615,22321.084500000004,1
CUST01127,Amit Kumar,1,74403.0375,22320.911250000005,5
CUST01936,Amit Kumar,1,74388.28,22316.484,4
CUST00067,Neha Verma,1,74366.25749999999,22309.87724999999,1
CUST02292,Kiran Kumar,1,74343.38,22303.014000000003,1
CUST00862,Rohit Joshi,1,74332.976,22299.892799999998,1
CUST02345,Divya Nair,1,74298.835,22289.650500000003,2
CUST01264,Arjun Singh,1,74297.466,22289.239800000003,3
CUST02365,Swathi Rao,1,74260.1925,22278.057750000007,1
CUST01244,Suresh Reddy,1,74252.50349999999,22275.75105,3
CUST01873,Vikram Rao,1,74198.88,22259.664000000004,2
CUST00614,Sneha Patel,1,74170.7325,22251.21975,1
CUST00461,Pooja Mehta,1,74137.57500000001,22241.272500000006,2
CUST00649,Pooja Mehta,1,74127.9375,22238.38125,3
CUST01930,Pooja Mehta,1,74107.7775,22232.333250000003,3
CUST01779,Rahul Sharma,1,74096.872,22229.0616,1
CUST01037,Sneha Patel,1,74062.54,22218.762,5
CUST01642,Sneha Patel,1,74056.3425,22216.90275,3
CUST00229,Suresh Reddy,1,74001.54000000001,22200.462000000007,4
CUST01184,Anjali Gupta,1,73995.09,22198.526999999995,4
CUST00877,Amit Kumar,1,73977.85849999999,22193.35755,1
CUST02396,Divya Nair,1,73951.08,22185.324,2
CUST01464,Divya Nair,1,73929.135,22178.740499999996,2
CUST00479,Swathi Rao,1,73924.585,22177.37550000001,2
CUST01987,Divya Nair,1,73887.79,22166.336999999992,1
CUST00255,Suresh Reddy,1,73860.864,22158.2592,2
CUST00709,Amit Kumar,1,73838.6925,22151.607750000003,5
CUST00364,Kiran Kumar,1,73808.86600000001,22142.65980000001,1
CUST00106,Rohit Joshi,1,73788.09599999999,22136.4288,3
CUST00767,Divya Nair,1,73699.01100000001,22109.70330000001,3
CUST00908,Suresh Reddy,1,73684.476,22105.3428,4
CUST00109,Kiran Kumar,1,73617.36200000001,22085.208600000005,1
CUST02354,Arjun Singh,1,73612.9875,22083.896250000005,5
CUST01254,Anjali Gupta,1,73603.152,22080.9456,4
CUST02280,Vikram Rao,1,73602.936,22080.8808,1
CUST00732,Rahul Sharma,1,73593.867,22078.1601,2
CUST01760,Sneha Patel,1,73556.239,22066.871700000003,1
CUST00876,Rohit Joshi,1,73493.658,22048.0974,2
CUST01780,Divya Nair,1,73473.235,22041.970500000003,5
CUST01180,Suresh Reddy,1,73457.70000000001,22037.310000000005,4
CUST01944,Suresh Reddy,1,73453.11300000001,22035.933900000004,1
CUST01321,Suresh Reddy,1,73430.235,22029.0705,2
CUST01534,Neha Verma,2,73419.7825,22025.93475,3
CUST00687,Divya Nair,2,73398.51,22019.553,5
CUST02269,Swathi Rao,1,73390.56000000001,22017.168000000005,3
CUST01466,Suresh Reddy,1,73366.63799999999,22009.9914,1
CUST00339,Suresh Reddy,1,73358.244,22007.473200000008,2
CUST01889,Rohit Joshi,1,73344.67199999999,22003.40159999999,4
CUST01289,Kiran Kumar,1,73298.475,21989.542500000003,5
CUST01083,Pooja Mehta,1,73276.092,21982.827600000004,4
CUST01404,Priya Reddy,1,73265.99,21979.79700000001,1
CUST00112,Rohit Joshi,1,73261.332,21978.399600000004,4
CUST01965,Priya Reddy,1,73229.28,21968.784,3
CUST01346,Swathi Rao,2,73195.322,21958.596599999997,3
CUST02474,Divya Nair,2,73185.51000000001,21955.653000000006,3
CUST00896,Pooja Mehta,1,73160.416,21948.124800000005,4
CUST00733,Anjali Gupta,1,73153.23,21945.969000000005,2
CUST01201,Divya Nair,1,73149.963,21944.988900000004,2
CUST01610,Rohit Joshi,1,73140.823,21942.24690000001,1
CUST01761,Anjali Gupta,1,73095.68000000001,21928.704000000005,4
CUST01382,Rohit Joshi,1,73077.29,21923.18699999999,1
CUST00136,Swathi Rao,1,73042.51,21912.753000000004,1
CUST01790,Arjun Singh,1,73035.29999999999,21910.59,1
CUST00594,Kiran Kumar,1,72996.898,21899.0694,4
CUST00957,Sneha Patel,1,72970.4005,21891.12015,1
CUST00816,Vikram Rao,1,72939.648,21881.894400000005,4
CUST00598,Swathi Rao,1,72863.21,21858.963000000003,1
CUST00443,Swathi Rao,1,72842.39,21852.717,5
CUST00592,Kiran Kumar,1,72829.78,21848.934,2
CUST00883,Swathi Rao,1,72829.19,21848.757000000005,4
CUST00207,Priya Reddy,1,72818.176,21845.452800000006,4
CUST01626,Arjun Singh,1,72788.6025,21836.58075,3
CUST02348,Neha Verma,1,72707.13,21812.139000000003,5
CUST00214,Swathi Rao,1,72611.7585,21783.52755,1
CUST01044,Vikram Rao,1,72606.966,21782.0898,4
CUST01600,Swathi Rao,1,72604.7,21781.410000000003,1
CUST00518,Divya Nair,1,72604.3225,21781.29675,5
CUST00314,Naveen Kumar,1,72586.576,21775.972800000003,1
CUST00710,Sneha Patel,1,72573.408,21772.022399999994,4
CUST02363,Naveen Kumar,1,72556.402,21766.920600000005,4
CUST02322,Priya Reddy,1,72508.23000000001,21752.469000000005,4
CUST02018,Kiran Kumar,1,72420.75,21726.225,1
CUST02073,Suresh Reddy,1,72414.1275,21724.23825,1
CUST02076,Arjun Singh,1,72408.658,21722.5974,2
CUST00139,Kiran Kumar,1,72406.8,21722.04,1
CUST00783,Arjun Singh,1,72390.5325,21717.15975,3
CUST02014,Kiran Kumar,1,72380.865,21714.259500000007,2
CUST01104,Priya Reddy,1,72356.902,21707.0706,4
CUST01766,Priya Reddy,1,72354.48,21706.344000000005,1
CUST02324,Pooja Mehta,1,72277.72,21683.316,5
CUST00233,Naveen Kumar,1,72220.624,21666.187199999997,1
CUST01640,Naveen Kumar,1,72153.765,21646.129500000003,1
CUST01431,Pooja Mehta,1,72119.48250000001,21635.844750000004,5
CUST02453,Sneha Patel,1,72117.648,21635.2944,2
CUST00350,Pooja Mehta,2,72113.845,21634.1535,2
CUST00608,Kiran Kumar,1,72054.615,21616.384500000007,1
CUST00014,Sneha Patel,1,72026.96,21608.088000000003,4
CUST00876,Rahul Sharma,1,72011.37,21603.410999999996,1
CUST00582,Arjun Singh,1,71981.4,21594.41999999999,5
CUST01658,Rahul Sharma,1,71916.219,21574.865699999995,1
CUST00774,Rohit Joshi,1,71909.504,21572.8512,2
CUST02428,Pooja Mehta,1,71893.413,21568.0239,1
CUST00373,Suresh Reddy,1,71852.66100000001,21555.7983,2
CUST02096,Priya Reddy,1,71794.45,21538.335,1
CUST01331,Vikram Rao,1,71794.36600000001,21538.309800000003,2
CUST02233,Rohit Joshi,2,71755.0485,21526.514549999993,4
CUST01321,Kiran Kumar,1,71740.56,21522.168000000005,5
CUST01321,Pooja Mehta,1,71721.219,21516.365699999995,2
CUST02492,Rahul Sharma,1,71698.1885,21509.456550000003,1
CUST01643,Naveen Kumar,1,71697.3555,21509.206650000007,1
CUST01441,Amit Kumar,2,71673.559,21502.0677,7
CUST01997,Naveen Kumar,1,71642.046,21492.6138,2
CUST02031,Naveen Kumar,1,71635.74399999999,21490.7232,1
CUST00766,Arjun Singh,1,71624.34,21487.302000000003,3
CUST00811,Kiran Kumar,1,71615.625,21484.6875,5
CUST01798,Divya Nair,1,71613.3225,21483.99674999999,1
CUST01268,Pooja Mehta,1,71586.352,21475.90560000001,1
CUST00925,Suresh Reddy,1,71571.347,21471.404099999992,2
CUST00384,Swathi Rao,1,71504.42,21451.326,1
CUST00696,Anjali Gupta,1,71498.43,21449.529,1
CUST01088,Kiran Kumar,1,71483.49,21445.04700000001,4
CUST00807,Neha Verma,1,71466.696,21440.008800000003,1
CUST00918,Suresh Reddy,1,71430.9,21429.270000000004,2
CUST01660,Priya Reddy,1,71429.72,21428.916000000005,5
CUST02152,Suresh Reddy,1,71420.292,21426.0876,1
CUST02458,Naveen Kumar,1,71414.208,21424.2624,4
CUST01180,Anjali Gupta,1,71287.515,21386.254500000003,2
CUST00722,Amit Kumar,1,71263.008,21378.9024,3
CUST01638,Arjun Singh,1,71257.0,21377.1,1
CUST01916,Sneha Patel,1,71234.145,21370.243500000004,3
CUST00725,Rahul Sharma,1,71166.654,21349.9962,3
CUST00363,Swathi Rao,1,71137.9,21341.370000000003,5
CUST00772,Naveen Kumar,1,71070.135,21321.040500000003,1
CUST02164,Vikram Rao,1,71046.336,21313.900800000003,2
CUST02343,Divya Nair,1,71040.315,21312.0945,2
CUST02408,Anjali Gupta,1,71032.725,21309.817500000005,5
CUST00594,Arjun Singh,1,71003.008,21300.9024,4
CUST01411,Priya Reddy,1,70981.79999999999,21294.54,4
CUST02238,Naveen Kumar,2,70970.88949999999,21291.26685,2
CUST01123,Divya Nair,1,70958.935,21287.680499999995,5
CUST01770,Sneha Patel,1,70850.28,21255.083999999995,1
CUST02047,Sneha Patel,1,70841.88,21252.56400000001,5
CUST02470,Swathi Rao,1,70804.341,21241.302300000003,1
CUST01544,Naveen Kumar,1,70759.17,21227.751,1
CUST00329,Swathi Rao,1,70720.9545,21216.28635,3
CUST02232,Sneha Patel,1,70699.57500000001,21209.872500000005,1
CUST01508,Divya Nair,1,70689.29800000001,21206.78940000001,1
CUST01695,Anjali Gupta,1,70664.4,21199.319999999992,2
CUST01098,Rohit Joshi,1,70662.5865,21198.775950000003,3
CUST01082,Divya Nair,1,70654.5,21196.35,5
CUST00284,Divya Nair,1,70639.4115,21191.823450000004,1
CUST00696,Neha Verma,1,70633.355,21190.006500000003,5
CUST00258,Priya Reddy,1,70629.4125,21188.823750000003,1
CUST01353,Amit Kumar,1,70611.168,21183.350400000003,4
CUST01515,Rahul Sharma,1,70601.901,21180.5703,3
CUST02138,Arjun Singh,1,70590.312,21177.093600000007,3
CUST00803,Priya Reddy,1,70575.975,21172.792500000003,5
CUST02286,Naveen Kumar,1,70542.88,21162.864,5
CUST00028,Rahul Sharma,1,70525.9875,21157.79625,1
CUST00856,Rohit Joshi,2,70486.1325,21145.83975000001,4
CUST00821,Arjun Singh,1,70460.175,21138.052500000005,5
CUST01920,Pooja Mehta,1,70454.6385,21136.39155,1
CUST01228,Naveen Kumar,1,70450.98,21135.293999999994,2
CUST02257,Arjun Singh,1,70444.98,21133.494,2
CUST02435,Vikram Rao,1,70438.757,21131.627100000005,1
CUST01442,Divya Nair,1,70426.2975,21127.88925,1
CUST01178,Sneha Patel,1,70391.52,21117.45600000001,5
CUST02044,Pooja Mehta,1,70364.7045,21109.41135,1
CUST01880,Amit Kumar,1,70343.388,21103.016400000008,1
CUST02180,Arjun Singh,1,70317.6,21095.28000000001,4
CUST01838,Rahul Sharma,1,70309.04000000001,21092.712000000007,2
CUST00416,Amit Kumar,1,70286.891,21086.0673,2
CUST00775,Rohit Joshi,1,70267.472,21080.2416,4
CUST02378,Amit Kumar,1,70244.649,21073.394700000004,1
CUST00986,Rohit Joshi,1,70230.6,21069.180000000008,5
CUST00202,Divya Nair,1,70228.78,21068.634000000005,1
CUST01441,Arjun Singh,1,70220.1375,21066.041249999995,5
CUST01463,Divya Nair,1,70210.432,21063.1296,2
CUST00995,Rohit Joshi,1,70155.522,21046.656599999995,1
CUST02482,Rohit Joshi,1,70120.168,21036.050400000007,1
CUST00311,Suresh Reddy,1,70117.2075,21035.16225,1
CUST01707,Suresh Reddy,1,70117.065,21035.1195,2
CUST01554,Vikram Rao,1,70115.0625,21034.518750000003,1
CUST02493,Rahul Sharma,1,70097.069,21029.120700000007,1
CUST00590,Rohit Joshi,1,70048.95000000001,21014.685000000005,4
CUST01574,Amit Kumar,1,69992.8845,20997.86535,3
CUST01100,Anjali Gupta,1,69909.876,20972.9628,1
CUST00291,Amit Kumar,1,69889.56000000001,20966.86800000001,3
CUST00025,Arjun Singh,1,69872.595,20961.7785,5
CUST00333,Swathi Rao,1,69845.1375,20953.541249999995,5
CUST00743,Kiran Kumar,1,69833.314,20949.9942,4
CUST02490,Naveen Kumar,1,69810.06599999999,20943.0198,4
CUST00390,Divya Nair,1,69801.42,20940.426,3
CUST01857,Arjun Singh,1,69778.755,20933.62650000001,1
CUST00338,Divya Nair,1,69778.42,20933.526000000005,2
CUST00052,Rahul Sharma,1,69754.842,20926.452600000004,3
CUST01728,Amit Kumar,1,69744.7695,20923.430850000004,1
CUST02070,Sneha Patel,1,69727.492,20918.247599999995,4
CUST02095,Vikram Rao,1,69726.99,20918.09700000001,1
CUST02203,Arjun Singh,1,69701.22899999999,20910.3687,3
CUST00484,Swathi Rao,1,69675.9875,20902.79625,5
CUST02260,Neha Verma,1,69638.6045,20891.58135,1
CUST02126,Rahul Sharma,1,69636.4,20890.91999999999,1
CUST00413,Vikram Rao,1,69607.95000000001,20882.38500000001,4
CUST00229,Vikram Rao,1,69605.72649999999,20881.71795,1
CUST01904,Vikram Rao,1,69603.24799999999,20880.9744,1
CUST02004,Amit Kumar,1,69576.45000000001,20872.935000000005,4
CUST01795,Anjali Gupta,1,69568.73999999999,20870.622000000003,3
CUST01536,Sneha Patel,1,69561.78749999999,20868.53624999999,3
CUST01368,Pooja Mehta,1,69546.55500000001,20863.9665,1
CUST01608,Arjun Singh,1,69542.408,20862.7224,1
CUST01912,Arjun Singh,1,69527.4,20858.22,5
CUST00231,Neha Verma,1,69458.04000000001,20837.41200000001,2
CUST01839,Rahul Sharma,1,69448.98749999999,20834.69625,1
CUST01488,Naveen Kumar,1,69446.205,20833.8615,5
CUST01644,Neha Verma,1,69444.9,20833.47,1
CUST01803,Neha Verma,1,69416.4975,20824.949250000005,1
CUST01520,Neha Verma,1,69321.045,20796.3135,2
CUST02171,Rohit Joshi,1,69267.608,20780.282400000004,1
CUST01561,Naveen Kumar,1,69235.755,20770.726500000004,1
CUST00213,Rahul Sharma,1,69234.03,20770.208999999995,5
CUST00513,Divya Nair,1,69211.1005,20763.33015,1
CUST01418,Rahul Sharma,1,69204.7135,20761.41405,1
CUST01069,Priya Reddy,1,69189.12,20756.736000000004,1
CUST00321,Naveen Kumar,1,69171.436,20751.4308,4
CUST00365,Anjali Gupta,1,69167.196,20750.158800000005,3
CUST01999,Priya Reddy,1,69163.792,20749.1376,1
CUST00521,Amit Kumar,1,69154.053,20746.215900000003,2
CUST01623,Vikram Rao,2,69070.144,20721.0432,5
CUST00619,Pooja Mehta,1,69042.60849999999,20712.78255,1
CUST00633,Sneha Patel,1,69036.14,20710.842,2
CUST01751,Sneha Patel,1,69021.696,20706.508800000003,4
CUST00623,Priya Reddy,1,69012.84300000001,20703.852900000005,2
CUST00077,Swathi Rao,1,68997.0825,20699.124750000003,1
CUST02370,Sneha Patel,1,68996.013,20698.803900000006,2
CUST00126,Swathi Rao,1,68977.78,20693.333999999995,1
CUST01192,Sneha Patel,1,68967.45300000001,20690.235900000007,3
CUST00283,Amit Kumar,1,68932.62,20679.785999999996,4
CUST01691,Vikram Rao,1,68921.60399999999,20676.4812,1
CUST01097,Kiran Kumar,1,68897.87,20669.361000000004,1
CUST01111,Priya Reddy,1,68885.42,20665.626,2
CUST00985,Arjun Singh,1,68805.12000000001,20641.536000000007,3
CUST01017,Anjali Gupta,1,68768.42,20630.526000000005,2
CUST00255,Divya Nair,1,68754.87,20626.461000000003,1
CUST00727,Divya Nair,1,68752.17,20625.651000000005,1
CUST02069,Pooja Mehta,1,68739.65,20621.895000000004,5
CUST00920,Vikram Rao,1,68714.199,20614.2597,1
CUST02123,Neha Verma,1,68687.0425,20606.112749999997,1
CUST02145,Divya Nair,1,68681.314,20604.394199999995,4
CUST01546,Suresh Reddy,1,68638.688,20591.606400000004,2
CUST01597,Kiran Kumar,1,68628.28600000001,20588.4858,2
CUST01593,Kiran Kumar,1,68616.405,20584.9215,1
CUST01431,Suresh Reddy,1,68582.832,20574.8496,1
CUST00826,Kiran Kumar,1,68499.351,20549.805299999996,2
CUST01245,Priya Reddy,1,68498.325,20549.497500000005,5
CUST01959,Priya Reddy,1,68497.088,20549.1264,2
CUST01327,Rohit Joshi,1,68460.56,20538.168000000005,5
CUST01474,Amit Kumar,1,68415.42,20524.626,3
CUST00564,Swathi Rao,1,68414.571,20524.3713,1
CUST00404,Pooja Mehta,1,68400.39,20520.117,3
CUST01534,Rahul Sharma,1,68308.11,20492.433,3
CUST00532,Rahul Sharma,1,68296.02,20488.806000000004,3
CUST00474,Rahul Sharma,1,68281.155,20484.3465,2
CUST00170,Suresh Reddy,1,68276.6665,20482.999950000005,1
CUST01606,Amit Kumar,1,68204.44,20461.332,2
CUST01857,Rahul Sharma,1,68169.44,20450.832,2
CUST00195,Kiran Kumar,1,68132.72,20439.816,1
CUST01035,Rohit Joshi,1,68126.361,20437.908300000003,2
CUST02188,Swathi Rao,1,68126.305,20437.89149999999,2
CUST01410,Suresh Reddy,1,68114.06999999999,20434.22099999999,5
CUST01643,Kiran Kumar,1,68081.288,20424.386400000003,1
CUST01641,Amit Kumar,1,68080.6275,20424.18825,1
CUST00590,Pooja Mehta,1,68027.1915,20408.15745,1
CUST01963,Anjali Gupta,1,68022.015,20406.6045,2
CUST01743,Suresh Reddy,1,68014.95000000001,20404.48500000001,2
CUST00822,Suresh Reddy,1,68007.63,20402.289000000004,1
CUST02198,Divya Nair,1,68002.72,20400.816,1
CUST02270,Naveen Kumar,1,67978.31999999999,20393.496,2
CUST01359,Sneha Patel,1,67966.401,20389.920300000005,3
CUST01976,Vikram Rao,1,67966.02,20389.806000000004,1
CUST02387,Rohit Joshi,1,67952.76,20385.828,5
CUST00186,Sneha Patel,1,67946.464,20383.939200000008,2
CUST00137,Vikram Rao,1,67944.608,20383.3824,2
CUST00744,Suresh Reddy,1,67932.27,20379.681000000004,4
CUST02282,Divya Nair,2,67926.171,20377.851300000006,4
CUST02028,Anjali Gupta,1,67887.837,20366.3511,1
CUST01721,Pooja Mehta,1,67846.5,20353.95,1
CUST00514,Neha Verma,1,67840.489,20352.146700000005,2
CUST00278,Neha Verma,1,67835.583,20350.674900000005,3
CUST01620,Vikram Rao,1,67831.43449999999,20349.430349999995,1
CUST01354,Rohit Joshi,1,67789.59,20336.876999999997,3
CUST00428,Amit Kumar,1,67781.09099999999,20334.3273,3
CUST01798,Vikram Rao,2,67687.4715,20306.24145,2
CUST02136,Rahul Sharma,1,67686.68000000001,20306.004000000008,1
CUST01122,Swathi Rao,2,67635.76699999999,20290.730100000008,3
CUST00961,Rahul Sharma,1,67629.152,20288.7456,4
CUST01075,Pooja Mehta,1,67603.41,20281.023,4
CUST00221,Priya Reddy,1,67599.954,20279.9862,1
CUST02435,Kiran Kumar,1,67581.42,20274.426,1
CUST01128,Vikram Rao,1,67554.735,20266.4205,2
CUST00727,Rahul Sharma,1,67554.41249999999,20266.323750000003,5
CUST01639,Swathi Rao,1,67523.136,20256.9408,1
CUST01124,Divya Nair,1,67498.392,20249.517600000006,3
CUST00033,Kiran Kumar,1,67465.74399999999,20239.7232,1
CUST00923,Rahul Sharma,1,67449.08,20234.724,1
CUST01739,Naveen Kumar,1,67439.11499999999,20231.7345,3
CUST01406,Priya Reddy,1,67435.465,20230.639500000005,1
CUST01997,Swathi Rao,1,67424.274,20227.2822,3
CUST01446,Rahul Sharma,1,67418.49,20225.54700000001,4
CUST01747,Amit Kumar,1,67383.48000000001,20215.04400000001,1
CUST01147,Amit Kumar,1,67377.8925,20213.367750000005,3
CUST00555,Neha Verma,1,67374.418,20212.3254,2
CUST00530,Naveen Kumar,1,67371.264,20211.379200000003,3
CUST01548,Rohit Joshi,1,67369.81,20210.943,5
CUST01180,Divya Nair,1,67361.912,20208.573600000003,1
CUST00892,Anjali Gupta,1,67304.5425,20191.362749999997,1
CUST01315,Rahul Sharma,1,67304.061,20191.2183,3
CUST02085,Amit Kumar,1,67280.49,20184.147000000004,1
CUST00899,Sneha Patel,1,67266.4125,20179.92375000001,5
CUST00777,Naveen Kumar,2,67251.344,20175.403200000004,4
CUST00371,Naveen Kumar,1,67234.96,20170.488000000005,1
CUST02411,Swathi Rao,1,67230.632,20169.189600000005,1
CUST01008,Divya Nair,1,67229.06999999999,20168.72099999999,1
CUST00931,Swathi Rao,1,67205.862,20161.7586,2
CUST02057,Amit Kumar,1,67203.1875,20160.956250000003,1
CUST02368,Swathi Rao,1,67125.88,20137.764000000003,5
CUST00908,Neha Verma,1,67123.38,20137.014000000003,2
CUST01689,Kiran Kumar,1,67081.74,20124.522000000004,1
CUST02227,Neha Verma,1,67075.2915,20122.587450000006,1
CUST01231,Priya Reddy,1,67026.71250000001,20108.01375000001,5
CUST01666,Arjun Singh,1,67022.19,20106.657,3
CUST02437,Neha Verma,1,66993.6,20098.08000000001,2
CUST00611,Pooja Mehta,1,66962.484,20088.745200000005,2
CUST02187,Neha Verma,1,66957.64,20087.292,5
CUST00049,Kiran Kumar,1,66947.377,20084.2131,1
CUST02186,Neha Verma,1,66946.544,20083.96319999999,2
CUST00411,Sneha Patel,1,66922.081,20076.624300000003,1
CUST02447,Sneha Patel,1,66904.1,20071.230000000003,2
CUST01887,Neha Verma,1,66893.26199999999,20067.978599999995,3
CUST02439,Divya Nair,1,66827.52,20048.256,3
CUST02363,Anjali Gupta,1,66819.32,20045.796,1
CUST01944,Rahul Sharma,1,66765.924,20029.7772,4
CUST01313,Sneha Patel,1,66765.29,20029.586999999992,5
CUST01721,Suresh Reddy,1,66742.47,20022.741,3
CUST01514,Swathi Rao,1,66716.712,20015.0136,1
CUST01332,Priya Reddy,1,66702.4495,20010.73485,1
CUST01914,Kiran Kumar,1,66676.091,20002.8273,2
CUST00788,Priya Reddy,1,66622.79999999999,19986.84,4
CUST02110,Anjali Gupta,1,66614.755,19984.4265,2
CUST02207,Rahul Sharma,1,66611.22,19983.366,3
CUST01992,Rohit Joshi,1,66584.754,19975.4262,1
CUST01269,Priya Reddy,1,66567.45,19970.235,5
CUST01620,Kiran Kumar,1,66561.9685,19968.59055,1
CUST01540,Amit Kumar,1,66557.0,19967.1,4
CUST01021,Sneha Patel,1,66520.59,19956.177000000003,3
CUST02222,Suresh Reddy,1,66470.017,19941.0051,1
CUST00443,Suresh Reddy,1,66468.56999999999,19940.571000000004,2
CUST01522,Rohit Joshi,1,66454.894,19936.468200000003,2
CUST01357,Arjun Singh,1,66439.485,19931.845500000003,3
CUST00524,Anjali Gupta,1,66423.26,19926.978000000003,2
CUST01234,Suresh Reddy,1,66410.775,19923.23249999999,5
CUST00930,Rahul Sharma,1,66402.06,19920.617999999995,3
CUST00532,Rohit Joshi,1,66390.72,19917.216,4
CUST01291,Pooja Mehta,1,66382.704,19914.8112,3
CUST02234,Anjali Gupta,1,66381.67,19914.501,1
CUST02499,Priya Reddy,1,66369.32,19910.796,4
CUST02381,Divya Nair,1,66358.01250000001,19907.403750000005,1
CUST02132,Amit Kumar,1,66317.2125,19895.163749999992,1
CUST01066,Vikram Rao,1,66283.629,19885.0887,3
CUST01754,Suresh Reddy,1,66229.7305,19868.91915,1
CUST00408,Amit Kumar,1,66212.712,19863.8136,3
CUST01530,Swathi Rao,1,66207.296,19862.188800000004,4
CUST01948,Arjun Singh,1,66152.65149999999,19845.79544999999,1
CUST00865,Sneha Patel,1,66126.4385,19837.93155,1
CUST02015,Naveen Kumar,1,66115.295,19834.588500000005,1
CUST01438,Pooja Mehta,1,66101.25749999999,19830.37724999999,1
CUST00335,Vikram Rao,1,66083.805,19825.14149999999,5
CUST01852,Priya Reddy,1,66065.81999999999,19819.746,4
CUST01150,Suresh Reddy,1,66049.45300000001,19814.835900000005,1
CUST01522,Sneha Patel,1,66000.528,19800.158400000008,3
CUST00986,Divya Nair,2,65997.9735,19799.392050000002,2
CUST00253,Anjali Gupta,1,65962.79,19788.836999999992,1
CUST00351,Kiran Kumar,1,65937.48000000001,19781.244000000013,3
CUST00235,Neha Verma,1,65908.72,19772.616,2
CUST01083,Neha Verma,2,65768.21800000001,19730.4654,5
CUST02089,Divya Nair,1,65719.872,19715.9616,2
CUST01566,Divya Nair,1,65629.304,19688.791200000007,1
CUST01808,Swathi Rao,1,65532.52,19659.756,2
CUST01752,Suresh Reddy,1,65519.53199999999,19655.859600000003,4
CUST00251,Sneha Patel,1,65503.728,19651.118399999992,1
CUST00416,Neha Verma,1,65500.14,19650.042,2
CUST01623,Divya Nair,1,65484.731,19645.4193,2
CUST01680,Naveen Kumar,1,65483.265,19644.9795,2
CUST01109,Amit Kumar,1,65478.944,19643.6832,2
CUST01852,Amit Kumar,1,65450.26,19635.078,2
CUST00539,Neha Verma,1,65441.33899999999,19632.4017,1
CUST01598,Anjali Gupta,1,65418.516,19625.5548,3
CUST00380,Divya Nair,1,65403.472,19621.041600000004,4
CUST02268,Anjali Gupta,1,65378.2005,19613.46015,3
CUST00529,Sneha Patel,1,65365.728,19609.718400000005,3
CUST00188,Neha Verma,1,65265.6,19579.68,2
CUST01907,Sneha Patel,1,65233.21,19569.963,1
CUST01583,Vikram Rao,1,65195.325,19558.597500000003,3
CUST00833,Divya Nair,1,65178.702000000005,19553.610600000007,4
CUST02399,Priya Reddy,2,65154.90149999999,19546.470449999997,6
CUST02462,Kiran Kumar,1,65098.56,19529.568,3
CUST01062,Anjali Gupta,1,65079.36750000001,19523.81025,1
CUST00685,Anjali Gupta,1,65074.527,19522.358100000005,1
CUST02152,Priya Reddy,1,65070.66,19521.198000000004,1
CUST00952,Amit Kumar,1,65005.992000000006,19501.797600000005,1
CUST02223,Anjali Gupta,1,65005.53,19501.659,3
CUST00988,Neha Verma,1,64967.745,19490.32350000001,1
CUST01895,Pooja Mehta,1,64952.928,19485.8784,4
CUST01234,Pooja Mehta,1,64933.166000000005,19479.9498,4
CUST01486,Vikram Rao,1,64925.2705,19477.581150000005,1
CUST02173,Anjali Gupta,1,64922.04,19476.612,4
CUST01621,Swathi Rao,1,64917.048,19475.1144,3
CUST01056,Rahul Sharma,1,64901.448,19470.43440000001,1
CUST00851,Neha Verma,1,64873.56,19462.068,2
CUST00751,Naveen Kumar,1,64829.7635,19448.92905,1
CUST00662,Suresh Reddy,1,64815.096,19444.5288,3
CUST00446,Rahul Sharma,1,64767.0,19430.1,1
CUST01304,Pooja Mehta,1,64760.08,19428.024000000005,5
CUST00290,Swathi Rao,1,64745.280000000006,19423.584000000003,1
CUST00464,Rohit Joshi,1,64733.969000000005,19420.190700000006,1
CUST00010,Neha Verma,1,64732.056,19419.616800000003,4
CUST01837,Kiran Kumar,1,64651.30500000001,19395.391500000005,2
CUST01879,Anjali Gupta,1,64636.64,19390.992,4
CUST00179,Arjun Singh,1,64597.6125,19379.28375,1
CUST02348,Suresh Reddy,1,64575.4425,19372.632750000004,3
CUST01574,Swathi Rao,1,64508.6,19352.58,1
CUST00181,Arjun Singh,1,64504.126,19351.237800000003,1
CUST00367,Arjun Singh,2,64499.435,19349.830499999996,5
CUST01301,Neha Verma,1,64494.736,19348.420800000007,1
CUST00304,Anjali Gupta,1,64483.549,19345.064700000003,1
CUST00470,Pooja Mehta,1,64458.747,19337.6241,1
CUST00743,Arjun Singh,1,64395.33,19318.599,1
CUST00203,Pooja Mehta,1,64368.1455,19310.44365,3
CUST00304,Pooja Mehta,2,64357.520000000004,19307.256,2
CUST01549,Divya Nair,1,64340.109,19302.032700000003,1
CUST02353,Rahul Sharma,1,64335.7605,19300.728150000003,3
CUST00468,Neha Verma,2,64315.065,19294.519500000002,6
CUST01904,Pooja Mehta,1,64304.1525,19291.245749999995,1
CUST00504,Neha Verma,1,64265.292,19279.5876,3
CUST01964,Pooja Mehta,1,64236.68000000001,19271.004000000008,5
CUST00084,Kiran Kumar,1,64232.35,19269.705,4
CUST00958,Amit Kumar,1,64208.37,19262.51100000001,1
CUST00044,Sneha Patel,1,64174.728,19252.4184,3
CUST00044,Amit Kumar,1,64173.357,19252.007099999995,3
CUST01391,Pooja Mehta,1,64169.9595,19250.987850000005,3
CUST02214,Rahul Sharma,1,64167.163,19250.1489,2
CUST00340,Priya Reddy,1,64154.8,19246.44,2
CUST00244,Arjun Singh,2,64131.49,19239.446999999996,9
CUST00408,Priya Reddy,1,64131.021,19239.306300000004,3
CUST01339,Arjun Singh,1,64125.594000000005,19237.6782,2
CUST01212,Swathi Rao,1,64031.554,19209.466200000003,1
CUST01709,Anjali Gupta,1,64006.6205,19201.986150000004,1
CUST00016,Vikram Rao,1,63988.901,19196.670300000005,2
CUST01597,Pooja Mehta,1,63962.752,19188.825600000004,2
CUST02430,Amit Kumar,1,63873.8865,19162.16595,1
CUST01272,Pooja Mehta,1,63870.5995,19161.17985,1
CUST00758,Naveen Kumar,1,63847.512,19154.253600000004,3
CUST02306,Amit Kumar,1,63844.0575,19153.21725,1
CUST02332,Neha Verma,1,63803.728500000005,19141.118550000007,1
CUST02377,Vikram Rao,1,63795.56,19138.668000000005,1
CUST02268,Sneha Patel,1,63760.455,19128.136499999997,1
CUST00302,Kiran Kumar,1,63748.704000000005,19124.611200000007,3
CUST00459,Sneha Patel,1,63743.5275,19123.058249999995,1
CUST01538,Amit Kumar,1,63714.334,19114.300200000005,1
CUST00357,Pooja Mehta,1,63710.815,19113.244499999997,2
CUST00284,Anjali Gupta,1,63652.3575,19095.70725,1
CUST00534,Swathi Rao,1,63651.7955,19095.53865,1
CUST01252,Arjun Singh,1,63650.176,19095.0528,2
CUST00986,Neha Verma,1,63649.39200000001,19094.8176,2
CUST01461,Anjali Gupta,1,63638.739,19091.621700000003,1
CUST00950,Rahul Sharma,1,63637.171,19091.1513,2
CUST00088,Suresh Reddy,1,63627.6935,19088.30805,1
CUST00280,Swathi Rao,1,63610.5655,19083.169650000003,1
CUST00100,Sneha Patel,2,63608.701499999996,19082.61045,5
CUST00358,Kiran Kumar,1,63604.7025,19081.410750000003,1
CUST01796,Amit Kumar,1,63556.32,19066.896,1
CUST01505,Rohit Joshi,1,63550.248,19065.0744,1
CUST00794,Divya Nair,1,63537.525,19061.2575,5
CUST01817,Rohit Joshi,1,63516.48,19054.944000000003,4
CUST01864,Suresh Reddy,1,63493.592,19048.077600000004,1
CUST01168,Divya Nair,1,63492.3,19047.69,4
CUST01407,Priya Reddy,1,63468.3695,19040.51085,1
CUST01689,Rahul Sharma,1,63462.0,19038.6,1
CUST01318,Divya Nair,1,63381.9975,19014.59925,1
CUST02304,Rohit Joshi,1,63370.2535,19011.07605,1
CUST01080,Kiran Kumar,1,63366.59599999999,19009.9788,4
CUST02254,Amit Kumar,1,63350.46600000001,19005.139800000004,4
CUST00162,Naveen Kumar,1,63341.4495,19002.434850000005,1
CUST00057,Priya Reddy,1,63291.1125,18987.333750000005,5
CUST02193,Priya Reddy,1,63278.304,18983.491200000004,2
CUST01338,Kiran Kumar,1,63259.170000000006,18977.751000000004,4
CUST00207,Arjun Singh,1,63240.87,18972.26100000001,3
CUST00244,Naveen Kumar,1,63236.80500000001,18971.041500000007,1
CUST02315,Priya Reddy,1,63234.66,18970.398,2
CUST02365,Amit Kumar,1,63195.20999999999,18958.563,1
CUST00623,Rohit Joshi,1,63184.716,18955.4148,2
CUST01455,Vikram Rao,1,63113.8275,18934.14825,1
CUST00549,Naveen Kumar,1,63085.98,18925.793999999994,1
CUST01061,Swathi Rao,3,63062.117,18918.635100000003,5
CUST00379,Neha Verma,1,63028.32000000001,18908.496000000006,4
CUST01588,Naveen Kumar,2,63025.304000000004,18907.591200000003,4
CUST00528,Amit Kumar,1,62992.5,18897.75,2
CUST01525,Pooja Mehta,1,62991.5175,18897.45525,3
CUST01650,Naveen Kumar,1,62974.30500000001,18892.291500000007,5
CUST02058,Divya Nair,1,62943.765,18883.129500000003,2
CUST01412,Rahul Sharma,1,62937.048,18881.1144,3
CUST00282,Swathi Rao,1,62930.223,18879.066900000005,1
CUST00744,Neha Verma,1,62852.094,18855.6282,2
CUST01489,Arjun Singh,1,62849.2275,18854.76825,1
CUST01907,Arjun Singh,1,62791.047000000006,18837.314100000003,1
CUST00944,Amit Kumar,1,62773.962,18832.1886,1
CUST00767,Rahul Sharma,1,62750.99599999999,18825.29879999999,1
CUST02121,Neha Verma,1,62749.4,18824.82,5
CUST00786,Anjali Gupta,1,62746.524000000005,18823.957200000004,3
CUST01562,Arjun Singh,1,62741.9625,18822.588750000003,5
CUST01319,Arjun Singh,1,62729.98,18818.99400000001,1
CUST02386,Arjun Singh,1,62719.4625,18815.838750000003,5
CUST01177,Anjali Gupta,1,62713.912500000006,18814.17375000001,1
CUST01568,Vikram Rao,1,62705.377,18811.6131,2
CUST02014,Arjun Singh,1,62667.117000000006,18800.135100000007,1
CUST00910,Vikram Rao,1,62661.58,18798.474,1
CUST02341,Sneha Patel,1,62651.592,18795.47760000001,4
CUST01224,Rahul Sharma,1,62633.52,18790.056000000004,3
CUST00450,Suresh Reddy,1,62619.0975,18785.729250000004,1
CUST01941,Priya Reddy,1,62582.92,18774.876,4
CUST01727,Sneha Patel,1,62515.511000000006,18754.653300000005,1
CUST00921,Vikram Rao,1,62487.352,18746.2056,1
CUST01829,Kiran Kumar,1,62451.74,18735.522000000004,1
CUST02275,Divya Nair,1,62436.564000000006,18730.969200000007,4
CUST02239,Suresh Reddy,1,62436.105,18730.831499999997,1
CUST02027,Amit Kumar,1,62422.461500000005,18726.738450000004,1
CUST02127,Kiran Kumar,1,62406.63,18721.988999999998,2
CUST00474,Swathi Rao,1,62384.16,18715.248000000007,1
CUST00700,Divya Nair,1,62379.144,18713.7432,2
CUST01054,Amit Kumar,1,62325.39600000001,18697.61880000001,3
CUST02491,Naveen Kumar,1,62324.694,18697.408200000005,1
CUST01138,Priya Reddy,1,62323.848,18697.1544,1
CUST00643,Amit Kumar,1,62294.647,18688.394100000005,2
CUST00225,Amit Kumar,1,62286.16,18685.848000000005,1
CUST00898,Naveen Kumar,1,62285.2965,18685.588950000005,1
CUST00161,Sneha Patel,2,62265.405,18679.621499999997,3
CUST01062,Rohit Joshi,1,62248.350000000006,18674.505000000005,2
CUST00205,Rahul Sharma,1,62231.98500000001,18669.595500000003,1
CUST00921,Suresh Reddy,1,62210.038,18663.011400000003,2
CUST00087,Divya Nair,1,62203.416,18661.0248,4
CUST00531,Kiran Kumar,1,62175.5625,18652.66875,5
CUST02483,Priya Reddy,1,62164.162500000006,18649.24875000001,5
CUST01211,Rohit Joshi,2,62150.12250000001,18645.036750000007,6
CUST01802,Anjali Gupta,2,62103.418000000005,18631.025400000002,4
CUST01594,Kiran Kumar,1,62079.57,18623.871,1
CUST02262,Kiran Kumar,1,62057.446,18617.233799999995,2
CUST00717,Suresh Reddy,1,62057.0115,18617.10345,1
CUST00727,Vikram Rao,1,62037.675,18611.302500000005,5
CUST00356,Pooja Mehta,1,62003.012,18600.903600000005,4
CUST02039,Swathi Rao,1,61938.144,18581.4432,1
CUST00781,Neha Verma,1,61892.296,18567.688800000004,1
CUST00473,Naveen Kumar,1,61880.5125,18564.153750000005,3
CUST01623,Pooja Mehta,1,61879.740000000005,18563.92200000001,3
CUST02054,Kiran Kumar,1,61829.857,18548.9571,1
CUST01027,Divya Nair,1,61818.784,18545.6352,4
CUST02374,Amit Kumar,1,61811.388,18543.4164,1
CUST00841,Divya Nair,1,61781.31,18534.393,1
CUST00365,Sneha Patel,1,61764.60799999999,18529.3824,1
CUST00823,Anjali Gupta,1,61760.01,18528.003000000004,2
CUST01388,Priya Reddy,1,61724.4975,18517.34925,1
CUST01570,Vikram Rao,1,61702.368,18510.710400000004,3
CUST02155,Vikram Rao,1,61691.384,18507.4152,1
CUST00773,Anjali Gupta,1,61635.536,18490.6608,2
CUST01650,Priya Reddy,1,61618.878,18485.663400000005,1
CUST02001,Suresh Reddy,2,61618.766,18485.629800000002,3
CUST01292,Naveen Kumar,1,61615.38,18484.613999999998,1
CUST02404,Pooja Mehta,1,61589.709,18476.912699999997,1
CUST01293,Sneha Patel,1,61587.9675,18476.39025,1
CUST00790,Naveen Kumar,1,61572.375,18471.7125,3
CUST01491,Sneha Patel,1,61555.4,18466.620000000003,4
CUST01764,Neha Verma,1,61526.37,18457.910999999996,2
CUST01508,Pooja Mehta,1,61476.25,18442.875,4
CUST00978,Pooja Mehta,2,61428.8795,18428.66385,4
CUST01447,Sneha Patel,1,61411.1025,18423.33075,1
CUST01823,Kiran Kumar,1,61351.7625,18405.528750000005,3
CUST00903,Rahul Sharma,1,61341.63,18402.488999999998,3
CUST02167,Pooja Mehta,1,61259.88599999999,18377.9658,2
CUST00601,Amit Kumar,1,61226.3245,18367.89735,1
CUST02132,Pooja Mehta,1,61161.722,18348.516600000003,2
CUST01216,Pooja Mehta,1,61150.73,18345.219000000005,1
CUST02422,Swathi Rao,1,61124.976,18337.4928,4
CUST02036,Naveen Kumar,1,61062.9,18318.870000000003,1
CUST01572,Swathi Rao,1,61007.72,18302.31599999999,5
CUST01480,Priya Reddy,1,60978.201,18293.4603,3
CUST01591,Suresh Reddy,1,60944.473000000005,18283.341900000007,1
CUST01196,Anjali Gupta,1,60911.775,18273.5325,5
CUST00488,Priya Reddy,1,60844.08,18253.224,1
CUST01666,Swathi Rao,1,60834.456,18250.3368,4
CUST01454,Anjali Gupta,1,60829.72,18248.916000000005,2
CUST00336,Rohit Joshi,1,60797.22,18239.166000000005,4
CUST00270,Kiran Kumar,1,60747.93000000001,18224.379000000008,2
CUST00621,Kiran Kumar,1,60649.404,18194.82120000001,2
CUST02408,Sneha Patel,1,60626.79,18188.037000000004,3
CUST00011,Rahul Sharma,1,60615.480500000005,18184.644150000007,1
CUST00842,Neha Verma,1,60609.168000000005,18182.750400000004,1
CUST00851,Swathi Rao,1,60445.935,18133.7805,1
CUST02462,Arjun Singh,1,60444.93000000001,18133.479000000007,4
CUST02155,Sneha Patel,1,60432.102,18129.6306,3
CUST00783,Naveen Kumar,1,60375.096000000005,18112.528800000007,4
CUST02414,Suresh Reddy,1,60343.912500000006,18103.17375000001,1
CUST01246,Priya Reddy,1,60327.990000000005,18098.397000000004,2
CUST01153,Priya Reddy,1,60283.8275,18085.14825,1
CUST01985,Anjali Gupta,1,60232.4,18069.72,2
CUST01522,Pooja Mehta,1,60223.264,18066.9792,2
CUST00148,Neha Verma,1,60212.88,18063.863999999998,3
CUST01691,Neha Verma,1,60197.1775,18059.15325,1
CUST01288,Sneha Patel,1,60186.128,18055.838400000008,2
CUST01560,Kiran Kumar,1,60181.2,18054.360000000008,4
CUST00763,Suresh Reddy,1,60163.686,18049.1058,1
CUST00871,Neha Verma,1,60131.46,18039.438,2
CUST01526,Rohit Joshi,1,60125.005000000005,18037.50150000001,1
CUST01106,Suresh Reddy,1,60102.712,18030.8136,1
CUST00008,Kiran Kumar,1,60097.03199999999,18029.109600000003,1
CUST01126,Swathi Rao,1,60095.0025,18028.50075,1
CUST01550,Arjun Singh,1,60086.84,18026.052000000003,2
CUST00531,Swathi Rao,1,60065.86499999999,18019.7595,3
CUST00023,Anjali Gupta,1,60055.39200000001,18016.617600000005,4
CUST02000,Naveen Kumar,1,60051.0,18015.300000000003,1
CUST01734,Rohit Joshi,1,59990.16,17997.048000000003,3
CUST01257,Divya Nair,1,59982.52,17994.755999999994,4
CUST00671,Neha Verma,1,59974.0,17992.199999999997,2
CUST01376,Naveen Kumar,1,59949.576,17984.872799999997,1
CUST00814,Neha Verma,1,59924.214,17977.264199999998,3
CUST00793,Pooja Mehta,1,59913.88,17974.164000000004,1
CUST00394,Naveen Kumar,1,59899.68899999999,17969.9067,3
CUST01085,Anjali Gupta,1,59897.1485,17969.144550000005,1
CUST01434,Arjun Singh,1,59870.685000000005,17961.205500000004,3
CUST01931,Suresh Reddy,1,59856.816000000006,17957.044800000003,3
CUST01710,Suresh Reddy,1,59846.39200000001,17953.917600000008,2
CUST00884,Arjun Singh,1,59843.0005,17952.90015,1
CUST01842,Pooja Mehta,1,59831.959,17949.587700000004,1
CUST02044,Vikram Rao,1,59793.6,17938.08,5
CUST00693,Kiran Kumar,1,59789.376,17936.812800000007,3
CUST00263,Rohit Joshi,1,59760.0675,17928.020249999994,3
CUST01845,Naveen Kumar,1,59685.768,17905.7304,3
CUST00855,Neha Verma,1,59612.53999999999,17883.762000000002,2
CUST01672,Arjun Singh,1,59598.76,17879.628000000004,5
CUST02011,Vikram Rao,1,59535.2,17860.560000000005,4
CUST01602,Amit Kumar,1,59514.32250000001,17854.29675000001,3
CUST01488,Anjali Gupta,1,59499.075,17849.722500000003,2
CUST01165,Priya Reddy,1,59492.79,17847.837,1
CUST02079,Sneha Patel,1,59316.003,17794.800899999995,1
CUST01972,Priya Reddy,1,59296.23,17788.869000000006,1
CUST01136,Rahul Sharma,1,59259.44,17777.832000000002,4
CUST00595,Amit Kumar,1,59252.16,17775.648,2
CUST01706,Kiran Kumar,1,59230.47350000001,17769.142050000002,1
CUST01988,Amit Kumar,1,59225.7825,17767.734750000003,3
CUST01702,Anjali Gupta,1,59211.944,17763.583199999994,1
CUST01297,Anjali Gupta,1,59208.6075,17762.58225,5
CUST00555,Arjun Singh,1,59207.076,17762.122799999997,1
CUST01870,Naveen Kumar,1,59156.668000000005,17747.000400000004,4
CUST01908,Naveen Kumar,1,59149.3725,17744.81175,1
CUST02151,Neha Verma,1,59113.23299999999,17733.969900000004,3
CUST00001,Naveen Kumar,1,59094.06,17728.218,2
CUST00414,Naveen Kumar,1,59041.431,17712.429300000003,1
CUST01642,Vikram Rao,1,59036.096,17710.828799999996,2
CUST02059,Rahul Sharma,1,59004.423,17701.3269,3
CUST01418,Priya Reddy,1,58975.59,17692.677000000003,1
CUST00676,Anjali Gupta,1,58963.168000000005,17688.9504,2
CUST01129,Vikram Rao,1,58937.5535,17681.26605,1
CUST01669,Rohit Joshi,1,58870.944,17661.283200000005,2
CUST01475,Arjun Singh,1,58869.36000000001,17660.808000000005,3
CUST01680,Vikram Rao,1,58843.23,17652.969000000005,1
CUST00207,Sneha Patel,2,58830.695999999996,17649.2088,5
CUST00311,Swathi Rao,1,58810.149,17643.0447,3
CUST01123,Arjun Singh,1,58783.69499999999,17635.108500000002,1
CUST00657,Amit Kumar,1,58721.25,17616.375,5
CUST02098,Suresh Reddy,1,58665.236,17599.570799999994,2
CUST01161,Pooja Mehta,1,58659.42,17597.826,1
CUST00191,Kiran Kumar,1,58612.356,17583.7068,4
CUST01440,Kiran Kumar,1,58551.85,17565.555,1
CUST01303,Kiran Kumar,1,58547.524000000005,17564.257200000007,2
CUST00354,Rohit Joshi,1,58504.02,17551.206000000006,1
CUST01695,Amit Kumar,1,58465.61,17539.682999999997,1
CUST02277,Pooja Mehta,1,58444.232,17533.2696,2
CUST00349,Rohit Joshi,1,58439.2595,17531.77785,1
CUST00888,Amit Kumar,1,58392.39,17517.716999999997,3
CUST01398,Kiran Kumar,1,58377.0825,17513.124750000003,3
CUST01792,Pooja Mehta,1,58348.77,17504.631,2
CUST01740,Arjun Singh,1,58310.25,17493.074999999997,1
CUST01176,Divya Nair,1,58283.374,17485.012200000005,1
CUST00313,Priya Reddy,1,58280.288,17484.0864,4
CUST02302,Swathi Rao,1,58231.548,17469.464400000004,1
CUST00043,Pooja Mehta,1,58218.53999999999,17465.56199999999,1
CUST00343,Naveen Kumar,1,58216.52,17464.956,2
CUST00003,Rohit Joshi,1,58196.2615,17458.878450000004,1
CUST00419,Kiran Kumar,1,58192.36000000001,17457.708000000006,5
CUST00123,Arjun Singh,1,58147.6,17444.28,5
CUST00660,Anjali Gupta,1,58123.74800000001,17437.124400000008,2
CUST00388,Swathi Rao,1,58120.544,17436.163200000003,4
CUST01887,Naveen Kumar,1,58045.104,17413.531199999998,1
CUST02024,Kiran Kumar,1,58030.448,17409.134399999995,2
CUST01763,Divya Nair,1,58024.8165,17407.444949999997,1
CUST00895,Swathi Rao,1,58023.907,17407.172099999996,1
CUST00115,Priya Reddy,1,58018.47,17405.541000000005,1
CUST01227,Pooja Mehta,1,58012.681,17403.804300000003,2
CUST00761,Suresh Reddy,1,57986.03199999999,17395.8096,2
CUST01289,Neha Verma,1,57948.453,17384.535900000003,3
CUST00404,Anjali Gupta,1,57943.935,17383.180499999995,1
CUST01081,Anjali Gupta,1,57936.244,17380.8732,2
CUST02004,Swathi Rao,1,57932.384,17379.7152,1
CUST01683,Neha Verma,1,57903.849,17371.1547,2
CUST02146,Priya Reddy,1,57893.76,17368.128000000004,2
CUST02476,Neha Verma,1,57851.064,17355.319200000005,3
CUST00612,Anjali Gupta,1,57801.42,17340.426,4
CUST01278,Amit Kumar,1,57795.03,17338.509000000005,5
CUST02305,Rahul Sharma,1,57764.26,17329.278,1
CUST02177,Sneha Patel,1,57762.4895,17328.746850000003,1
CUST00103,Amit Kumar,1,57761.912,17328.573600000003,1
CUST01542,Anjali Gupta,1,57741.605,17322.4815,1
CUST01760,Suresh Reddy,1,57741.147,17322.344099999995,3
CUST00803,Neha Verma,1,57731.535,17319.4605,2
CUST00851,Sneha Patel,1,57677.7,17303.310000000005,4
CUST01191,Naveen Kumar,1,57676.66499999999,17302.99949999999,1
CUST01302,Rohit Joshi,1,57563.253,17268.975900000005,1
CUST01660,Swathi Rao,1,57562.9605,17268.88814999999,1
CUST02479,Arjun Singh,1,57548.7675,17264.630250000002,1
CUST00601,Rohit Joshi,1,57543.87999999999,17263.163999999997,5
CUST01864,Priya Reddy,1,57517.766,17255.329800000007,1
CUST00965,Amit Kumar,1,57508.37,17252.511000000006,1
CUST02304,Vikram Rao,1,57507.0225,17252.10675,1
CUST01720,Divya Nair,1,57500.17,17250.051,1
CUST02390,Rohit Joshi,1,57474.240000000005,17242.272000000004,1
CUST01492,Sneha Patel,1,57467.98799999999,17240.396399999998,3
CUST00271,Divya Nair,1,57416.385,17224.915500000003,5
CUST01973,Sneha Patel,1,57410.571,17223.171299999995,1
CUST02296,Vikram Rao,1,57406.725000000006,17222.01750000001,1
CUST01426,Suresh Reddy,1,57392.469000000005,17217.740700000002,1
CUST01598,Rohit Joshi,1,57278.745,17183.6235,1
CUST00702,Vikram Rao,1,57247.29000000001,17174.187000000005,5
CUST00751,Priya Reddy,1,57201.18,17160.354,1
CUST01571,Arjun Singh,1,57197.961,17159.3883,2
CUST00656,Divya Nair,2,57109.32399999999,17132.797200000008,7
CUST01504,Divya Nair,1,57109.2,17132.759999999995,3
CUST02183,Anjali Gupta,1,57099.152,17129.745600000002,2
CUST00541,Suresh Reddy,1,57072.865,17121.8595,2
CUST01585,Rahul Sharma,1,57060.45,17118.135000000002,3
CUST01331,Neha Verma,1,57051.624,17115.487200000003,1
CUST00048,Neha Verma,2,57045.159999999996,17113.548000000003,4
CUST00207,Pooja Mehta,1,56971.3575,17091.407249999997,1
CUST00542,Vikram Rao,2,56859.844,17057.953199999996,4
CUST01560,Swathi Rao,1,56859.48,17057.844000000005,3
CUST02415,Priya Reddy,1,56841.251,17052.3753,2
CUST01810,Rohit Joshi,1,56805.0,17041.5,1
CUST02206,Pooja Mehta,1,56707.299,17012.189700000003,1
CUST02384,Amit Kumar,1,56704.12,17011.236000000004,4
CUST01268,Suresh Reddy,1,56671.776,17001.5328,2
CUST01952,Vikram Rao,1,56616.39,16984.917,2
CUST00329,Pooja Mehta,1,56502.12,16950.636000000006,2
CUST02003,Swathi Rao,1,56477.88,16943.363999999994,2
CUST01064,Pooja Mehta,1,56466.3,16939.89,1
CUST00905,Arjun Singh,1,56465.44499999999,16939.633500000004,1
CUST00536,Suresh Reddy,1,56413.89,16924.167,3
CUST02500,Amit Kumar,1,56413.035,16923.910500000005,1
CUST00412,Anjali Gupta,1,56399.15,16919.745000000003,5
CUST01979,Rohit Joshi,1,56395.248,16918.574399999998,1
CUST01712,Swathi Rao,1,56357.55,16907.264999999992,5
CUST00751,Anjali Gupta,1,56269.05,16880.715000000004,1
CUST00205,Priya Reddy,1,56252.052,16875.615600000005,4
CUST00989,Anjali Gupta,1,56217.762,16865.3286,2
CUST00188,Pooja Mehta,1,56212.725000000006,16863.817500000005,5
CUST00885,Arjun Singh,1,56131.69499999999,16839.508500000004,5
CUST01141,Anjali Gupta,1,56125.112,16837.533600000002,1
CUST01516,Priya Reddy,1,56051.346,16815.4038,1
CUST01638,Naveen Kumar,1,56033.698,16810.109399999994,1
CUST01694,Amit Kumar,1,56002.537500000006,16800.761250000003,5
CUST01786,Suresh Reddy,1,55998.672,16799.6016,2
CUST02340,Vikram Rao,1,55998.0,16799.4,1
CUST00989,Arjun Singh,1,55996.7625,16799.028750000005,1
CUST01129,Sneha Patel,1,55954.38,16786.314,4
CUST01537,Rahul Sharma,1,55932.872,16779.861600000004,1
CUST01012,Pooja Mehta,1,55921.408,16776.422400000003,4
CUST01680,Suresh Reddy,1,55903.455,16771.036500000002,5
CUST01768,Priya Reddy,1,55884.933,16765.4799,3
CUST01175,Swathi Rao,1,55814.0865,16744.22595,3
CUST00798,Neha Verma,1,55719.49,16715.847,1
CUST02341,Swathi Rao,1,55669.3475,16700.80425,5
CUST01700,Divya Nair,1,55628.334,16688.500200000002,1
CUST02489,Priya Reddy,1,55620.96,16686.288,1
CUST02003,Divya Nair,1,55594.418000000005,16678.3254,1
CUST01455,Amit Kumar,1,55591.68000000001,16677.504000000008,3
CUST01288,Neha Verma,1,55565.1675,16669.550249999993,3
CUST01148,Kiran Kumar,1,55538.991,16661.697299999993,1
CUST01917,Vikram Rao,1,55535.94,16660.782,2
CUST00624,Rohit Joshi,1,55530.12,16659.036,2
CUST01822,Rahul Sharma,1,55467.612,16640.283600000002,3
CUST01076,Suresh Reddy,1,55451.376,16635.4128,2
CUST01397,Suresh Reddy,1,55382.1325,16614.639750000002,5
CUST01461,Amit Kumar,1,55359.756,16607.9268,2
CUST01051,Naveen Kumar,1,55353.099,16605.9297,1
CUST01143,Arjun Singh,2,55231.968,16569.5904,3
CUST01944,Anjali Gupta,1,55231.328,16569.3984,2
CUST00296,Neha Verma,1,55223.766,16567.129800000002,1
CUST01213,Naveen Kumar,1,55199.04,16559.712,4
CUST00753,Arjun Singh,1,55196.376,16558.912800000006,1
CUST00542,Sneha Patel,2,55137.769499999995,16541.330850000006,6
CUST02036,Pooja Mehta,1,55098.462,16529.5386,2
CUST01665,Pooja Mehta,1,55091.3305,16527.399150000005,1
CUST00955,Amit Kumar,1,55059.9525,16517.98575,1
CUST00527,Priya Reddy,1,55049.76,16514.928,2
CUST00377,Priya Reddy,1,55043.501,16513.050299999995,1
CUST01223,Kiran Kumar,1,55013.240000000005,16503.97200000001,1
CUST00561,Anjali Gupta,1,54978.5025,16493.550750000002,1
CUST02189,Arjun Singh,1,54957.984,16487.3952,3
CUST01335,Swathi Rao,1,54946.92,16484.076,2
CUST01849,Priya Reddy,2,54942.5655,16482.769650000002,3
CUST01596,Divya Nair,1,54941.467,16482.4401,1
CUST01517,Amit Kumar,1,54935.449,16480.634700000002,2
CUST01505,Amit Kumar,1,54925.011,16477.503299999997,1
CUST00377,Swathi Rao,1,54908.61,16472.583,4
CUST01320,Arjun Singh,1,54878.96,16463.688000000002,5
CUST02264,Vikram Rao,1,54796.416000000005,16438.924800000008,3
CUST01180,Naveen Kumar,1,54793.56800000001,16438.070400000004,1
CUST01715,Swathi Rao,1,54777.9015,16433.370450000002,3
CUST00343,Neha Verma,1,54761.88,16428.564,4
CUST00787,Neha Verma,1,54722.16,16416.648,3
CUST01164,Rahul Sharma,1,54664.54550000001,16399.363650000007,1
CUST01835,Amit Kumar,1,54659.1735,16397.752050000003,3
CUST00135,Suresh Reddy,1,54654.5545,16396.366349999997,1
CUST00947,Amit Kumar,1,54633.427,16390.028100000003,2
CUST01596,Priya Reddy,1,54623.0025,16386.90075,3
CUST01177,Kiran Kumar,1,54565.9575,16369.78725,3
CUST00713,Kiran Kumar,1,54547.272,16364.181599999996,1
CUST01330,Swathi Rao,1,54539.111,16361.733300000007,2
CUST00609,Naveen Kumar,1,54534.66,16360.398,2
CUST00401,Kiran Kumar,1,54505.552,16351.6656,2
CUST00114,Kiran Kumar,1,54491.905,16347.571500000004,2
CUST00336,Amit Kumar,1,54481.66,16344.498000000009,1
CUST02242,Amit Kumar,1,54435.258,16330.577400000002,3
CUST02308,Neha Verma,1,54398.832,16319.649600000004,1
CUST00295,Priya Reddy,1,54393.6675,16318.100250000003,5
CUST01795,Rohit Joshi,1,54390.369000000006,16317.110700000005,3
CUST01400,Kiran Kumar,1,54365.156,16309.546800000004,4
CUST01837,Arjun Singh,1,54346.067500000005,16303.820250000004,1
CUST00438,Vikram Rao,1,54328.875,16298.6625,1
CUST01889,Pooja Mehta,1,54308.100000000006,16292.430000000008,4
CUST00804,Rohit Joshi,1,54268.0,16280.4,2
CUST02247,Naveen Kumar,1,54235.48,16270.644,5
CUST02368,Sneha Patel,1,54195.372,16258.611600000004,1
CUST00975,Swathi Rao,1,54178.39200000001,16253.517600000006,1
CUST00601,Neha Verma,1,54167.644,16250.2932,1
CUST02173,Suresh Reddy,1,54163.98,16249.194000000003,2
CUST01435,Neha Verma,1,54154.8545,16246.45635,1
CUST00846,Swathi Rao,1,54154.48,16246.344000000005,1
CUST01397,Pooja Mehta,1,54135.78,16240.733999999997,3
CUST02207,Kiran Kumar,1,54100.1915,16230.05745,1
CUST01282,Rohit Joshi,1,54091.098,16227.329399999997,1
CUST01326,Sneha Patel,1,54070.496,16221.148800000004,1
CUST02435,Priya Reddy,1,54057.186,16217.1558,3
CUST01026,Anjali Gupta,1,54043.248,16212.9744,2
CUST01310,Naveen Kumar,1,54004.224,16201.267200000002,3
CUST01695,Kiran Kumar,1,53949.78,16184.934,2
CUST02163,Anjali Gupta,1,53946.593,16183.977899999998,2
CUST00128,Priya Reddy,1,53932.449,16179.7347,2
CUST02005,Neha Verma,1,53932.1685,16179.650549999998,1
CUST02455,Rohit Joshi,1,53921.925,16176.577499999992,1
CUST02335,Rohit Joshi,1,53874.6235,16162.387050000005,1
CUST01254,Sneha Patel,1,53851.94,16155.582000000002,2
CUST00211,Swathi Rao,1,53799.81,16139.943,2
CUST00631,Sneha Patel,1,53769.672,16130.901599999996,1
CUST00873,Rohit Joshi,1,53708.064,16112.419199999997,4
CUST01726,Naveen Kumar,1,53691.338,16107.401400000002,4
CUST01455,Naveen Kumar,1,53678.916000000005,16103.674800000008,3
CUST01140,Arjun Singh,1,53661.3075,16098.392250000004,1
CUST00517,Suresh Reddy,1,53617.11750000001,16085.135250000008,1
CUST01211,Naveen Kumar,1,53580.285,16074.0855,2
CUST00546,Pooja Mehta,1,53447.21,16034.163,1
CUST00327,Suresh Reddy,1,53436.873,16031.0619,3
CUST00392,Rohit Joshi,1,53369.34,16010.802000000003,1
CUST01932,Rahul Sharma,1,53349.808,16004.9424,1
CUST02186,Swathi Rao,1,53323.92,15997.176,5
CUST00632,Amit Kumar,1,53302.599,15990.7797,2
CUST00193,Sneha Patel,1,53292.75,15987.824999999995,5
CUST01458,Neha Verma,1,53284.280000000006,15985.284000000009,1
CUST02355,Pooja Mehta,1,53260.30500000001,15978.091500000002,1
CUST00631,Vikram Rao,1,53228.655,15968.5965,1
CUST01512,Rohit Joshi,1,53215.1,15964.53,2
CUST00813,Rahul Sharma,1,53209.3965,15962.81895,1
CUST02131,Priya Reddy,1,53163.026,15948.9078,2
CUST00730,Naveen Kumar,1,53155.6875,15946.706250000005,1
CUST02297,Pooja Mehta,1,53123.997,15937.199100000003,2
CUST00729,Vikram Rao,1,53088.46,15926.538,2
CUST00769,Arjun Singh,1,53080.509,15924.1527,3
CUST02463,Pooja Mehta,1,53062.614,15918.784200000002,2
CUST02467,Amit Kumar,1,53052.165,15915.6495,3
CUST02448,Divya Nair,1,53040.344,15912.103200000003,1
CUST01514,Neha Verma,1,53039.792,15911.937600000005,1
CUST00059,Kiran Kumar,1,53027.16000000001,15908.148000000008,5
CUST01685,Pooja Mehta,1,53025.489,15907.646700000005,3
CUST01635,Priya Reddy,1,52991.895,15897.5685,1
CUST01699,Pooja Mehta,1,52986.4875,15895.946249999994,5
CUST00048,Kiran Kumar,1,52953.12,15885.936000000002,1
CUST00548,Amit Kumar,1,52945.524,15883.657199999994,4
CUST02079,Rahul Sharma,1,52941.49,15882.447,1
CUST00935,Naveen Kumar,1,52932.252,15879.675600000002,2
CUST01360,Naveen Kumar,1,52862.19,15858.657,2
CUST02058,Swathi Rao,1,52848.76,15854.628000000004,1
CUST01585,Kiran Kumar,1,52845.194,15853.5582,4
CUST01804,Priya Reddy,1,52838.172,15851.4516,2
CUST00516,Swathi Rao,1,52823.454,15847.036199999997,4
CUST02447,Rohit Joshi,1,52813.224,15843.9672,3
CUST02369,Rohit Joshi,1,52785.42,15835.625999999997,4
CUST01189,Swathi Rao,1,52734.72,15820.415999999996,1
CUST02246,Kiran Kumar,1,52695.441,15808.632299999996,1
CUST02200,Rohit Joshi,1,52692.561,15807.768300000003,1
CUST01897,Neha Verma,1,52673.35,15802.004999999996,1
CUST02232,Priya Reddy,1,52649.1,15794.729999999996,1
CUST00329,Suresh Reddy,1,52646.758,15794.0274,1
CUST02083,Suresh Reddy,1,52595.52,15778.655999999995,1
CUST01757,Vikram Rao,1,52585.208,15775.562399999995,1
CUST01173,Vikram Rao,1,52572.0155,15771.60465,1
CUST00247,Pooja Mehta,1,52539.705,15761.911500000002,2
CUST00837,Vikram Rao,1,52502.677500000005,15750.803250000004,1
CUST00143,Amit Kumar,1,52462.544,15738.7632,2
CUST01578,Suresh Reddy,1,52440.624,15732.187199999991,4
CUST01160,Swathi Rao,1,52414.13,15724.238999999994,1
CUST00971,Priya Reddy,1,52399.04,15719.712,4
CUST00798,Anjali Gupta,1,52383.06,15714.918000000003,3
CUST02296,Arjun Singh,1,52300.328,15690.098400000004,1
CUST00639,Arjun Singh,1,52274.72,15682.416000000005,4
CUST00222,Sneha Patel,1,52249.6725,15674.901749999995,1
CUST02284,Rahul Sharma,1,52175.99250000001,15652.797750000003,1
CUST00721,Sneha Patel,1,52121.847,15636.5541,1
CUST01316,Anjali Gupta,1,52109.302500000005,15632.790750000007,1
CUST02206,Amit Kumar,1,52095.361,15628.608300000007,2
CUST00981,Neha Verma,1,52093.59,15628.077000000005,3
CUST00101,Kiran Kumar,3,52079.115000000005,15623.734500000002,7
CUST01465,Priya Reddy,1,52043.715,15613.114500000003,5
CUST00132,Priya Reddy,1,52015.976,15604.792800000005,1
CUST00632,Vikram Rao,1,52015.365,15604.6095,1
CUST02331,Vikram Rao,1,52007.568,15602.2704,1
CUST00841,Naveen Kumar,1,51912.165,15573.6495,1
CUST00670,Sneha Patel,1,51910.812,15573.243600000002,4
CUST00546,Rohit Joshi,2,51886.24800000001,15565.874400000002,5
CUST00965,Pooja Mehta,1,51858.896,15557.6688,1
CUST01750,Arjun Singh,1,51820.879,15546.263700000003,1
CUST01943,Priya Reddy,1,51804.96,15541.487999999998,2
CUST00527,Rahul Sharma,1,51802.56,15540.767999999996,4
CUST00724,Kiran Kumar,1,51788.736,15536.620800000004,2
CUST02254,Rohit Joshi,1,51787.9415,15536.382449999996,1
CUST01519,Rahul Sharma,1,51740.69,15522.207000000002,1
CUST00886,Amit Kumar,1,51727.89750000001,15518.369250000003,3
CUST01826,Priya Reddy,1,51721.686,15516.505799999992,2
CUST01188,Arjun Singh,1,51715.309,15514.5927,2
CUST02297,Vikram Rao,1,51700.935,15510.2805,1
CUST00210,Kiran Kumar,1,51673.2,15501.96,2
CUST02020,Naveen Kumar,1,51667.08,15500.124000000003,1
CUST00595,Rahul Sharma,1,51655.977,15496.793099999995,1
CUST02292,Priya Reddy,1,51642.384000000005,15492.715200000006,1
CUST01910,Suresh Reddy,1,51631.1675,15489.350250000003,1
CUST00598,Kiran Kumar,1,51626.79,15488.037000000004,2
CUST00364,Priya Reddy,1,51607.308000000005,15482.192400000007,4
CUST01780,Sneha Patel,1,51579.292,15473.787600000003,1
CUST01416,Kiran Kumar,1,51578.749,15473.624699999991,1
CUST00449,Arjun Singh,1,51509.821500000005,15452.946450000003,1
CUST01945,Suresh Reddy,1,51481.152,15444.3456,1
CUST01340,Anjali Gupta,1,51433.083,15429.924900000004,3
CUST01536,Pooja Mehta,1,51381.975000000006,15414.592500000006,5
CUST02082,Neha Verma,2,51375.153999999995,15412.546199999999,2
CUST01051,Divya Nair,1,51345.240000000005,15403.572000000007,1
CUST01773,Naveen Kumar,1,51342.54,15402.762000000002,1
CUST00045,Kiran Kumar,1,51307.62,15392.286,2
CUST00232,Neha Verma,1,51299.392,15389.817600000002,1
CUST02206,Sneha Patel,1,51274.035,15382.2105,5
CUST00313,Sneha Patel,1,51165.04,15349.512000000002,1
CUST01363,Vikram Rao,1,51148.056,15344.4168,3
CUST00466,Naveen Kumar,1,51086.496,15325.948800000006,1
CUST00109,Priya Reddy,1,51009.262,15302.778600000003,1
CUST02125,Pooja Mehta,1,50967.955,15290.3865,2
CUST00242,Arjun Singh,1,50958.333,15287.499899999995,1
CUST00063,Priya Reddy,1,50893.47,15268.041000000005,1
CUST00901,Neha Verma,1,50855.313,15256.5939,3
CUST00268,Divya Nair,1,50824.4,15247.32,1
CUST01288,Priya Reddy,1,50793.696500000005,15238.108950000002,1
CUST01686,Amit Kumar,1,50776.02,15232.806000000004,1
CUST01844,Divya Nair,1,50732.879,15219.863700000002,2
CUST01060,Naveen Kumar,1,50726.16,15217.848000000004,4
CUST01071,Pooja Mehta,2,50720.6,15216.180000000004,6
CUST00941,Sneha Patel,1,50688.864,15206.659200000002,4
CUST01441,Anjali Gupta,1,50654.97,15196.491000000002,1
CUST00551,Sneha Patel,1,50638.078,15191.4234,4
CUST02113,Kiran Kumar,1,50621.6905,15186.507150000003,1
CUST01821,Vikram Rao,1,50615.07,15184.521,1
CUST01021,Anjali Gupta,1,50582.976,15174.8928,3
CUST02366,Divya Nair,2,50571.100999999995,15171.330299999998,5
CUST00985,Amit Kumar,1,50544.09,15163.227,1
CUST00158,Kiran Kumar,1,50533.281,15159.984300000004,3
CUST00107,Priya Reddy,1,50530.78,15159.234000000004,2
CUST00991,Anjali Gupta,1,50527.30500000001,15158.191500000008,2
CUST01394,Pooja Mehta,1,50523.84,15157.152000000002,4
CUST00472,Arjun Singh,1,50508.8875,15152.666250000002,5
CUST01380,Naveen Kumar,1,50484.411,15145.323300000004,3
CUST00511,Arjun Singh,1,50483.9905,15145.19715,1
CUST00067,Naveen Kumar,1,50450.535,15135.160500000004,2
CUST02019,Naveen Kumar,1,50343.856,15103.156800000004,2
CUST01270,Swathi Rao,1,50342.655,15102.796500000004,2
CUST02154,Arjun Singh,1,50335.6455,15100.69365,1
CUST02293,Anjali Gupta,1,50327.65,15098.294999999998,4
CUST00479,Priya Reddy,1,50274.882,15082.4646,4
CUST01673,Kiran Kumar,1,50253.664,15076.099200000004,1
CUST00189,Rahul Sharma,1,50242.93,15072.879,1
CUST01642,Rahul Sharma,1,50221.17,15066.350999999995,3
CUST00098,Sneha Patel,1,50204.4375,15061.331250000005,5
CUST00878,Anjali Gupta,1,50130.608,15039.182400000003,2
CUST01612,Rahul Sharma,1,50115.05,15034.515,1
CUST00381,Priya Reddy,1,50110.911,15033.2733,1
CUST01836,Rohit Joshi,1,50098.64,15029.592000000004,2
CUST01300,Rahul Sharma,1,50063.1,15018.93,2
CUST00582,Pooja Mehta,1,50054.96250000001,15016.488750000004,3
CUST00202,Anjali Gupta,1,50044.816,15013.444800000005,2
CUST01933,Anjali Gupta,1,50041.592,15012.477600000006,1
CUST00492,Kiran Kumar,1,50039.9475,15011.98425,1
CUST02235,Suresh Reddy,1,49883.448500000006,14965.034550000004,1
CUST01845,Sneha Patel,1,49847.5875,14954.276250000004,1
CUST01366,Rahul Sharma,1,49792.252,14937.675600000002,4
CUST01319,Priya Reddy,1,49790.58,14937.174000000006,2
CUST00768,Suresh Reddy,2,49771.921500000004,14931.576450000004,4
CUST00110,Priya Reddy,1,49715.1,14914.53,2
CUST00847,Arjun Singh,1,49665.51,14899.652999999998,1
CUST00328,Suresh Reddy,1,49660.737,14898.221100000002,1
CUST01781,Neha Verma,1,49659.2,14897.760000000002,2
CUST01213,Suresh Reddy,1,49657.98,14897.394,2
CUST02061,Kiran Kumar,2,49597.838500000005,14879.351550000005,2
CUST00579,Priya Reddy,1,49564.62,14869.386000000006,2
CUST00047,Swathi Rao,1,49498.448,14849.534400000004,2
CUST00942,Arjun Singh,1,49477.633,14843.289900000003,1
CUST00557,Anjali Gupta,1,49462.3485,14838.704550000002,3
CUST00430,Naveen Kumar,1,49433.5,14830.050000000005,1
CUST01409,Divya Nair,1,49422.859,14826.857699999991,2
CUST01044,Divya Nair,1,49407.888,14822.3664,2
CUST01497,Sneha Patel,1,49316.265,14794.879500000005,1
CUST00375,Priya Reddy,1,49291.83,14787.549,2
CUST01851,Naveen Kumar,1,49280.399000000005,14784.119700000005,2
CUST01259,Naveen Kumar,1,49254.966,14776.489800000005,3
CUST01434,Swathi Rao,1,49247.4825,14774.244750000003,3
CUST00642,Anjali Gupta,1,49225.31999999999,14767.595999999998,3
CUST01800,Anjali Gupta,1,49197.252,14759.175600000002,2
CUST00059,Neha Verma,1,49194.7905,14758.437149999998,1
CUST01039,Kiran Kumar,2,49178.208,14753.462400000004,5
CUST01149,Neha Verma,1,49147.3,14744.190000000002,2
CUST00150,Divya Nair,1,49142.3125,14742.69375,5
CUST01906,Naveen Kumar,1,49122.0355,14736.610649999997,1
CUST00805,Neha Verma,1,49019.4225,14705.82675,3
CUST00301,Neha Verma,1,48985.209,14695.562700000002,1
CUST02279,Divya Nair,1,48937.152,14681.145600000003,2
CUST01842,Neha Verma,1,48912.308,14673.6924,1
CUST00779,Rahul Sharma,1,48891.18,14667.354,1
CUST01536,Arjun Singh,1,48856.028,14656.808400000002,4
CUST00391,Pooja Mehta,1,48835.815,14650.7445,2
CUST00216,Divya Nair,1,48796.845,14639.053500000002,1
CUST02107,Vikram Rao,1,48735.45,14620.635000000002,1
CUST00106,Neha Verma,1,48735.336500000005,14620.60095,1
CUST00541,Priya Reddy,1,48583.92,14575.176,5
CUST00621,Pooja Mehta,1,48566.28,14569.883999999998,3
CUST00668,Naveen Kumar,1,48552.5925,14565.77775,1
CUST01829,Swathi Rao,1,48496.428,14548.928399999995,4
CUST01806,Amit Kumar,1,48482.1,14544.630000000005,4
CUST00733,Swathi Rao,2,48474.528,14542.358399999996,3
CUST02318,Swathi Rao,1,48414.276,14524.2828,2
CUST01560,Sneha Patel,1,48404.865000000005,14521.459500000004,2
CUST01211,Anjali Gupta,1,48401.235,14520.370499999995,5
CUST00519,Sneha Patel,1,48367.38,14510.214,3
CUST01041,Sneha Patel,1,48330.91499999999,14499.2745,5
CUST00087,Rohit Joshi,1,48311.6325,14493.48975,1
CUST00946,Divya Nair,1,48292.776,14487.832800000004,3
CUST00452,Divya Nair,1,48276.92,14483.076,5
CUST01892,Vikram Rao,1,48272.742,14481.8226,2
CUST01483,Priya Reddy,1,48265.65,14479.695,1
CUST01647,Swathi Rao,1,48221.442,14466.4326,1
CUST02047,Anjali Gupta,1,48103.608,14431.0824,1
CUST02253,Suresh Reddy,1,48090.36,14427.108,5
CUST00851,Suresh Reddy,1,48057.6145,14417.284350000002,1
CUST01886,Kiran Kumar,1,48016.194,14404.858200000002,3
CUST01899,Kiran Kumar,1,48009.768,14402.930399999996,1
CUST01418,Divya Nair,1,47999.389500000005,14399.816850000005,3
CUST02033,Neha Verma,1,47985.089,14395.526700000002,2
CUST00862,Rahul Sharma,1,47976.567,14392.970100000006,3
CUST00967,Pooja Mehta,1,47973.123,14391.9369,1
CUST01367,Neha Verma,1,47942.24,14382.672,5
CUST01874,Naveen Kumar,1,47879.847,14363.954100000004,1
CUST02303,Naveen Kumar,1,47863.515,14359.054499999998,2
CUST01137,Kiran Kumar,1,47839.2,14351.760000000002,3
CUST01939,Suresh Reddy,1,47837.15,14351.145000000004,1
CUST01881,Neha Verma,1,47825.812,14347.743600000002,4
CUST00279,Amit Kumar,1,47806.038,14341.8114,1
CUST00782,Sneha Patel,1,47802.4105,14340.723149999998,1
CUST01708,Sneha Patel,1,47776.82,14333.046000000002,2
CUST00019,Priya Reddy,1,47678.5825,14303.57475,1
CUST01790,Suresh Reddy,1,47669.575,14300.872499999998,5
CUST01514,Anjali Gupta,1,47668.272,14300.4816,2
CUST02401,Priya Reddy,2,47642.060000000005,14292.618000000002,7
CUST00956,Suresh Reddy,1,47627.287500000006,14288.186250000006,5
CUST02157,Priya Reddy,1,47618.1,14285.43,2
CUST01881,Pooja Mehta,1,47595.68,14278.704000000003,5
CUST00704,Sneha Patel,1,47555.46,14266.638,2
CUST01896,Divya Nair,2,47481.376000000004,14244.4128,6
CUST01126,Anjali Gupta,1,47448.38,14234.514000000005,1
CUST01101,Rohit Joshi,1,47431.885,14229.565500000004,1
CUST02062,Rohit Joshi,1,47397.717,14219.3151,3
CUST01124,Neha Verma,1,47366.064,14209.819199999998,1
CUST02391,Arjun Singh,1,47346.876,14204.0628,2
CUST01686,Naveen Kumar,1,47334.75,14200.425000000005,1
CUST02206,Divya Nair,1,47301.584,14190.4752,2
CUST01852,Arjun Singh,1,47291.976,14187.592800000006,3
CUST01058,Swathi Rao,1,47233.5155,14170.054649999993,1
CUST01502,Rahul Sharma,1,47214.24,14164.272000000004,1
CUST00535,Neha Verma,1,47212.1025,14163.630750000004,1
CUST00838,Amit Kumar,1,47174.16,14152.248,3
CUST01831,Sneha Patel,1,47169.24,14150.772000000004,2
CUST02299,Rahul Sharma,1,47169.072,14150.721599999995,4
CUST01272,Rahul Sharma,2,47164.24,14149.271999999995,2
CUST00438,Suresh Reddy,1,47143.536,14143.0608,1
CUST00286,Priya Reddy,1,47142.41,14142.723000000004,1
CUST02406,Arjun Singh,1,47119.2,14135.760000000002,4
CUST02475,Sneha Patel,1,47106.054,14131.8162,2
CUST00265,Suresh Reddy,1,47103.4415,14131.03245,1
CUST00356,Rohit Joshi,1,47067.64,14120.292,1
CUST01628,Sneha Patel,1,47044.29,14113.287000000004,3
CUST00295,Swathi Rao,2,47041.936,14112.5808,6
CUST02206,Anjali Gupta,1,47021.385,14106.415500000005,2
CUST00406,Amit Kumar,1,47010.06,14103.018000000004,1
CUST00465,Vikram Rao,1,46994.562000000005,14098.368600000002,3
CUST00408,Rohit Joshi,1,46945.432,14083.6296,1
CUST01032,Rahul Sharma,1,46916.559,14074.9677,1
CUST00432,Amit Kumar,1,46883.088,14064.926400000004,1
CUST01362,Divya Nair,1,46868.175,14060.452499999992,3
CUST01956,Suresh Reddy,1,46863.6,14059.080000000002,1
CUST01869,Swathi Rao,1,46825.26,14047.578,3
CUST02060,Naveen Kumar,1,46801.02,14040.305999999997,1
CUST00265,Anjali Gupta,1,46779.9,14033.97,2
CUST02086,Rahul Sharma,1,46771.274,14031.382199999996,2
CUST00636,Arjun Singh,1,46757.898,14027.3694,2
CUST00419,Amit Kumar,1,46722.528,14016.7584,2
CUST01359,Suresh Reddy,1,46720.90499999999,14016.271499999995,5
CUST00643,Pooja Mehta,1,46710.584,14013.1752,1
CUST01193,Vikram Rao,1,46707.453,14012.2359,1
CUST00392,Arjun Singh,1,46688.5385,14006.561550000002,1
CUST02148,Rohit Joshi,1,46655.021,13996.5063,2
CUST00930,Priya Reddy,1,46640.1525,13992.045750000005,1
CUST02449,Pooja Mehta,1,46593.648,13978.094400000002,1
CUST01913,Neha Verma,1,46590.5625,13977.16875,5
CUST01648,Rohit Joshi,1,46571.16,13971.348000000002,3
CUST02425,Neha Verma,1,46539.645,13961.893500000006,1
CUST00937,Sneha Patel,1,46519.095,13955.7285,1
CUST00639,Rohit Joshi,1,46486.05,13945.815000000002,1
CUST01896,Neha Verma,1,46444.928,13933.4784,4
CUST01526,Kiran Kumar,1,46441.376,13932.412800000006,4
CUST01308,Suresh Reddy,1,46434.984,13930.495199999998,3
CUST00061,Kiran Kumar,1,46420.21799999999,13926.065399999996,1
CUST01826,Vikram Rao,1,46366.6275,13909.988250000002,3
CUST02490,Vikram Rao,1,46321.965,13896.589500000006,5
CUST00661,Suresh Reddy,1,46268.18,13880.454000000002,1
CUST01749,Rahul Sharma,1,46265.380000000005,13879.614000000003,2
CUST01093,Priya Reddy,1,46247.91,13874.372999999996,3
CUST00784,Sneha Patel,1,46226.867,13868.0601,2
CUST01425,Kiran Kumar,1,46195.9825,13858.794749999995,1
CUST00799,Amit Kumar,1,46172.85,13851.855000000003,2
CUST02283,Swathi Rao,1,46115.565,13834.6695,1
CUST01655,Anjali Gupta,2,46080.9225,13824.276749999995,6
CUST02169,Priya Reddy,1,46029.376,13808.812800000003,2
CUST01989,Rohit Joshi,1,45962.445,13788.733499999998,2
CUST00925,Rahul Sharma,1,45958.511,13787.553300000003,1
CUST01828,Neha Verma,1,45908.52,13772.555999999997,5
CUST00981,Sneha Patel,1,45883.62,13765.086000000005,4
CUST02133,Priya Reddy,1,45883.350000000006,13765.005000000005,4
CUST01567,Divya Nair,1,45873.297,13761.9891,1
CUST00556,Vikram Rao,1,45864.6825,13759.404750000002,5
CUST02251,Sneha Patel,1,45809.09,13742.727,1
CUST01186,Pooja Mehta,1,45797.84,13739.352,5
CUST02442,Rahul Sharma,1,45746.352,13723.905599999998,2
CUST01855,Rahul Sharma,1,45744.16,13723.248000000003,5
CUST01104,Rahul Sharma,1,45701.86,13710.558,1
CUST00783,Priya Reddy,1,45698.5,13709.55,2
CUST01753,Rohit Joshi,1,45678.15,13703.445,2
CUST00978,Naveen Kumar,1,45660.62,13698.186000000002,2
CUST00146,Suresh Reddy,1,45617.043000000005,13685.112900000004,3
CUST00329,Naveen Kumar,1,45602.892,13680.8676,1
CUST00661,Pooja Mehta,1,45589.1,13676.730000000003,1
CUST00144,Neha Verma,1,45586.1015,13675.830450000003,1
CUST01166,Priya Reddy,1,45561.375,13668.4125,5
CUST01526,Divya Nair,1,45554.985,13666.4955,5
CUST00725,Kiran Kumar,1,45551.97,13665.591,2
CUST01125,Naveen Kumar,1,45543.884,13663.165200000003,4
CUST01725,Divya Nair,1,45498.825,13649.647500000005,1
CUST01436,Swathi Rao,1,45473.81,13642.142999999996,5
CUST02315,Swathi Rao,1,45467.016,13640.104800000005,3
CUST01848,Swathi Rao,1,45439.947,13631.9841,1
CUST02198,Suresh Reddy,1,45413.34,13624.002000000004,1
CUST02136,Neha Verma,1,45390.525,13617.1575,1
CUST02322,Swathi Rao,1,45333.423,13600.0269,1
CUST00014,Suresh Reddy,1,45324.567,13597.370100000004,3
CUST02183,Rohit Joshi,1,45301.776,13590.532799999995,2
CUST00075,Amit Kumar,1,45203.97,13561.191000000004,3
CUST01073,Suresh Reddy,1,45201.456,13560.436800000003,3
CUST00732,Naveen Kumar,1,45198.1125,13559.433750000004,1
CUST01554,Swathi Rao,1,45179.152,13553.745600000002,1
CUST00188,Rohit Joshi,1,45126.648,13537.9944,3
CUST02459,Arjun Singh,1,45101.187000000005,13530.356100000005,3
CUST01828,Arjun Singh,1,45081.072,13524.3216,2
CUST02279,Suresh Reddy,1,45077.22,13523.166,2
CUST02028,Neha Verma,1,45056.752,13517.0256,1
CUST00618,Amit Kumar,1,45049.518,13514.855399999997,1
CUST01511,Divya Nair,1,45046.188,13513.8564,3
CUST01346,Sneha Patel,1,45026.05500000001,13507.816500000004,5
CUST02044,Sneha Patel,1,44982.5,13494.75,2
CUST01249,Anjali Gupta,1,44946.73799999999,13484.021399999998,3
CUST01016,Sneha Patel,1,44940.852000000006,13482.255600000008,4
CUST01828,Vikram Rao,1,44909.424,13472.8272,2
CUST00412,Pooja Mehta,1,44900.109,13470.032700000003,1
CUST00579,Pooja Mehta,1,44877.699,13463.309700000002,1
CUST01949,Priya Reddy,1,44854.6965,13456.408949999995,1
CUST01117,Naveen Kumar,1,44841.18,13452.354,4
CUST00533,Suresh Reddy,1,44835.877,13450.7631,2
CUST00811,Rohit Joshi,1,44812.854,13443.856199999998,1
CUST00929,Rohit Joshi,1,44788.162500000006,13436.448750000003,1
CUST00018,Rahul Sharma,1,44784.1875,13435.25625,5
CUST02218,Neha Verma,1,44773.215,13431.964500000006,5
CUST00020,Neha Verma,1,44767.5055,13430.251649999998,1
CUST01919,Rahul Sharma,1,44763.839,13429.1517,1
CUST02232,Kiran Kumar,1,44662.16,13398.648,1
CUST00229,Swathi Rao,1,44660.0035,13398.00105,1
CUST00690,Sneha Patel,1,44609.216,13382.7648,1
CUST01812,Rahul Sharma,1,44588.672,13376.601599999998,2
CUST01970,Naveen Kumar,1,44480.823,13344.246900000002,2
CUST00914,Divya Nair,1,44440.68000000001,13332.204000000009,3
CUST00560,Neha Verma,1,44394.887,13318.4661,2
CUST00664,Naveen Kumar,1,44362.98,13308.894000000004,2
CUST02063,Kiran Kumar,1,44351.946,13305.583800000004,1
CUST00807,Amit Kumar,1,44350.076,13305.022800000002,4
CUST01527,Swathi Rao,2,44304.465,13291.3395,3
CUST01984,Anjali Gupta,1,44292.71,13287.812999999998,1
CUST02057,Rohit Joshi,1,44239.8375,13271.951250000002,5
CUST01479,Suresh Reddy,1,44233.758,13270.1274,2
CUST00562,Anjali Gupta,1,44217.357,13265.207099999996,3
CUST00186,Pooja Mehta,1,44189.874,13256.962200000002,1
CUST01794,Suresh Reddy,1,44147.1555,13244.146650000002,1
CUST01038,Priya Reddy,1,44106.6,13231.980000000003,2
CUST01906,Divya Nair,1,44105.4675,13231.64025,3
CUST02475,Arjun Singh,1,44102.54,13230.762000000002,2
CUST01582,Suresh Reddy,1,44089.296,13226.788800000002,4
CUST00369,Naveen Kumar,1,44068.964,13220.6892,2
CUST00638,Rahul Sharma,1,44050.9695,13215.290849999998,1
CUST00193,Kiran Kumar,1,44042.11,13212.633000000002,1
CUST00145,Amit Kumar,1,44041.266,13212.3798,2
CUST01724,Rahul Sharma,1,44014.051,13204.2153,2
CUST00306,Vikram Rao,1,44011.584,13203.4752,4
CUST00394,Swathi Rao,1,43997.3855,13199.215650000002,1
CUST01808,Rahul Sharma,1,43929.896,13178.968800000002,1
CUST00458,Naveen Kumar,1,43920.264,13176.079200000004,1
CUST01990,Suresh Reddy,1,43904.43,13171.329000000002,1
CUST01158,Neha Verma,1,43903.3755,13171.01265,1
CUST02350,Naveen Kumar,1,43861.980500000005,13158.594150000004,1
CUST01118,Sneha Patel,1,43831.425,13149.427499999998,5
CUST02100,Arjun Singh,1,43829.87,13148.961000000005,1
CUST00021,Naveen Kumar,1,43829.2285,13148.768549999995,1
CUST00044,Suresh Reddy,1,43805.735,13141.7205,1
CUST02411,Vikram Rao,1,43792.434,13137.730200000002,2
CUST00870,Rohit Joshi,1,43751.795000000006,13125.538500000002,5
CUST01137,Divya Nair,1,43719.912,13115.9736,2
CUST00433,Neha Verma,1,43700.7185,13110.215550000004,1
CUST01784,Vikram Rao,1,43624.346000000005,13087.303800000003,4
CUST01682,Arjun Singh,1,43600.7535,13080.226049999996,1
CUST02013,Vikram Rao,1,43590.435,13077.130500000005,2
CUST00016,Kiran Kumar,1,43563.45,13069.034999999996,5
CUST01876,Rohit Joshi,1,43545.19,13063.557,1
CUST01916,Neha Verma,1,43545.04,13063.512000000002,1
CUST01576,Priya Reddy,1,43495.57,13048.670999999998,1
CUST00603,Swathi Rao,1,43487.615000000005,13046.284500000003,2
CUST00928,Amit Kumar,1,43409.888,13022.966399999998,4
CUST00934,Pooja Mehta,1,43407.84,13022.352,2
CUST00247,Arjun Singh,1,43407.666,13022.299799999995,3
CUST01349,Amit Kumar,1,43391.736,13017.520800000002,3
CUST01666,Rohit Joshi,1,43385.994000000006,13015.798200000005,1
CUST00481,Arjun Singh,1,43361.874,13008.562200000004,2
CUST02490,Divya Nair,1,43334.448,13000.334399999996,1
CUST01303,Pooja Mehta,1,43332.96000000001,12999.888000000004,3
CUST01277,Kiran Kumar,1,43318.55,12995.565000000002,1
CUST02343,Vikram Rao,1,43294.24,12988.271999999995,5
CUST02213,Amit Kumar,1,43289.6325,12986.889749999998,1
CUST00942,Neha Verma,1,43280.9025,12984.270750000003,1
CUST02455,Pooja Mehta,1,43267.75,12980.325,2
CUST00922,Neha Verma,1,43227.8595,12968.35785,3
CUST01210,Arjun Singh,1,43127.43,12938.229,1
CUST01451,Amit Kumar,1,43099.856,12929.9568,1
CUST01730,Anjali Gupta,1,43080.642,12924.192599999998,2
CUST01773,Neha Verma,1,43058.178,12917.4534,4
CUST01665,Anjali Gupta,1,43043.337,12913.0011,3
CUST00270,Rohit Joshi,1,43041.9825,12912.594749999997,3
CUST00247,Rohit Joshi,1,43039.02,12911.706000000006,3
CUST00386,Swathi Rao,1,43036.768,12911.030399999996,2
CUST02449,Suresh Reddy,1,42978.75,12893.625,1
CUST01518,Naveen Kumar,1,42978.735,12893.6205,3
CUST01585,Suresh Reddy,1,42939.858,12881.9574,2
CUST00518,Naveen Kumar,1,42933.96,12880.187999999998,1
CUST00700,Naveen Kumar,1,42923.9545,12877.18635,1
CUST01905,Priya Reddy,1,42919.016,12875.704800000003,1
CUST00846,Divya Nair,1,42886.087,12865.826099999998,2
CUST01197,Suresh Reddy,1,42881.88,12864.564000000002,2
CUST02483,Neha Verma,1,42848.45,12854.535000000003,5
CUST00644,Priya Reddy,1,42817.696,12845.308800000004,1
CUST01738,Sneha Patel,1,42796.949,12839.0847,1
CUST00707,Divya Nair,1,42783.744,12835.123199999998,2
CUST01723,Neha Verma,1,42775.7655,12832.72965,1
CUST00759,Naveen Kumar,1,42772.176,12831.6528,2
CUST00671,Amit Kumar,1,42765.94,12829.782000000005,1
CUST01662,Naveen Kumar,1,42757.87,12827.361000000004,1
CUST01970,Neha Verma,1,42717.77,12815.331000000002,1
CUST01388,Swathi Rao,1,42713.56,12814.068000000005,1
CUST01514,Divya Nair,1,42579.664,12773.899200000003,1
CUST00108,Naveen Kumar,1,42575.22,12772.566000000004,2
CUST00834,Kiran Kumar,1,42555.728,12766.718400000002,2
CUST02373,Suresh Reddy,1,42553.16,12765.948000000004,4
CUST01279,Suresh Reddy,1,42540.555,12762.1665,1
CUST00990,Divya Nair,1,42480.78,12744.234,1
CUST00938,Arjun Singh,1,42471.52,12741.456000000002,2
CUST00817,Divya Nair,1,42470.016,12741.0048,4
CUST01087,Kiran Kumar,1,42444.78,12733.433999999996,2
CUST01647,Sneha Patel,1,42421.756,12726.5268,4
CUST02286,Sneha Patel,1,42382.62,12714.786000000004,5
CUST01476,Sneha Patel,1,42373.845,12712.1535,3
CUST02263,Arjun Singh,1,42346.4,12703.920000000002,5
CUST00094,Divya Nair,1,42300.65,12690.195,2
CUST00212,Amit Kumar,1,42299.488,12689.846400000002,2
CUST00015,Neha Verma,1,42245.874,12673.762200000005,2
CUST00335,Divya Nair,1,42211.05,12663.315000000002,4
CUST00045,Divya Nair,1,42179.346,12653.803799999998,3
CUST00966,Priya Reddy,1,42133.275,12639.982500000002,1
CUST02438,Vikram Rao,1,42096.12,12628.836000000005,2
CUST01037,Anjali Gupta,1,42088.1625,12626.448750000003,3
CUST00848,Amit Kumar,1,42087.413,12626.2239,1
CUST01158,Sneha Patel,1,42086.594,12625.978199999998,4
CUST00845,Naveen Kumar,1,42084.027,12625.208100000003,1
CUST00087,Kiran Kumar,1,42071.491,12621.447300000003,1
CUST00138,Anjali Gupta,1,42045.7345,12613.720350000003,1
CUST00583,Amit Kumar,1,42027.4425,12608.232750000005,5
CUST02304,Rahul Sharma,1,41982.968,12594.8904,1
CUST01885,Swathi Rao,1,41968.305,12590.4915,2
CUST01693,Rohit Joshi,1,41879.024000000005,12563.707200000004,4
CUST02041,Kiran Kumar,1,41852.997,12555.8991,3
CUST01109,Divya Nair,1,41846.4,12553.920000000002,4
CUST01624,Vikram Rao,1,41812.6,12543.78,4
CUST01248,Anjali Gupta,1,41798.2125,12539.46375,1
CUST02012,Priya Reddy,1,41776.016,12532.804800000002,2
CUST00291,Naveen Kumar,1,41773.1565,12531.946949999998,1
CUST02067,Suresh Reddy,1,41772.4425,12531.732750000005,5
CUST01840,Anjali Gupta,1,41734.146,12520.2438,3
CUST00025,Priya Reddy,1,41695.033,12508.509900000005,1
CUST00769,Pooja Mehta,1,41685.96,12505.788,4
CUST01326,Rohit Joshi,1,41677.11,12503.133000000002,1
CUST02069,Anjali Gupta,1,41673.355500000005,12502.006650000008,1
CUST01907,Vikram Rao,1,41653.674,12496.102199999998,1
CUST02031,Rohit Joshi,1,41602.096000000005,12480.628800000002,1
CUST00331,Vikram Rao,1,41591.3325,12477.399749999997,5
CUST00049,Naveen Kumar,1,41561.923,12468.5769,2
CUST01069,Sneha Patel,1,41557.36,12467.208000000002,1
CUST02313,Sneha Patel,1,41452.41,12435.723000000002,1
CUST00188,Amit Kumar,1,41448.4225,12434.52675,5
CUST01161,Priya Reddy,1,41436.6535,12430.996050000002,1
CUST02235,Kiran Kumar,1,41427.6375,12428.291250000006,5
CUST01859,Naveen Kumar,1,41372.73,12411.818999999996,2
CUST01194,Swathi Rao,1,41353.17,12405.950999999995,1
CUST00270,Amit Kumar,1,41338.5,12401.55,2
CUST02149,Arjun Singh,1,41319.528,12395.858399999996,1
CUST00772,Amit Kumar,1,41305.62,12391.686000000002,1
CUST00573,Suresh Reddy,1,41297.4,12389.22,5
CUST00427,Arjun Singh,1,41251.7495,12375.524849999998,1
CUST00742,Priya Reddy,1,41248.0275,12374.408250000004,1
CUST00541,Sneha Patel,1,41245.092,12373.527599999998,2
CUST00417,Neha Verma,1,41211.904,12363.571199999998,4
CUST00269,Priya Reddy,1,41201.7,12360.510000000002,3
CUST01592,Neha Verma,1,41178.048,12353.414399999998,1
CUST00055,Kiran Kumar,1,41158.635,12347.590500000002,2
CUST00969,Amit Kumar,1,41117.1945,12335.158349999998,3
CUST01459,Divya Nair,1,41106.06,12331.818000000005,4
CUST01089,Suresh Reddy,1,41078.222,12323.466600000003,4
CUST00278,Suresh Reddy,1,41054.098,12316.229399999997,1
CUST00545,Anjali Gupta,1,41007.1875,12302.15625,5
CUST01316,Rahul Sharma,1,40975.005,12292.501500000002,1
CUST01758,Sneha Patel,1,40974.465,12292.339500000006,2
CUST00672,Amit Kumar,1,40947.47,12284.241000000002,4
CUST01881,Naveen Kumar,1,40938.57,12281.571,3
CUST00851,Rohit Joshi,1,40904.38,12271.314000000002,5
CUST01738,Swathi Rao,1,40885.184,12265.555200000004,1
CUST02269,Vikram Rao,1,40806.144,12241.8432,4
CUST02288,Divya Nair,1,40786.288,12235.8864,1
CUST01180,Vikram Rao,1,40750.402,12225.120600000002,2
CUST00931,Rohit Joshi,1,40716.512,12214.9536,2
CUST00943,Vikram Rao,1,40684.453,12205.335900000002,1
CUST00183,Suresh Reddy,1,40553.2125,12165.96375,1
CUST01999,Neha Verma,1,40498.44,12149.532000000005,1
CUST02137,Anjali Gupta,1,40484.565,12145.3695,2
CUST00953,Neha Verma,1,40446.744000000006,12134.023200000003,3
CUST02423,Kiran Kumar,1,40389.66,12116.898,3
CUST01411,Sneha Patel,1,40389.36,12116.808,4
CUST00785,Anjali Gupta,1,40366.184,12109.855200000002,4
CUST01962,Rahul Sharma,1,40364.2815,12109.284449999996,3
CUST00760,Arjun Singh,1,40279.352,12083.8056,1
CUST02193,Suresh Reddy,1,40266.306,12079.891799999998,2
CUST00829,Sneha Patel,1,40245.24,12073.571999999996,3
CUST01766,Divya Nair,1,40237.6125,12071.283750000002,5
CUST00011,Rohit Joshi,1,40237.060000000005,12071.118000000002,4
CUST01374,Anjali Gupta,1,40228.5575,12068.56725,5
CUST02317,Sneha Patel,1,40212.345,12063.7035,2
CUST00519,Naveen Kumar,1,40210.897,12063.2691,2
CUST00385,Pooja Mehta,1,40201.029,12060.308699999998,1
CUST01818,Amit Kumar,1,40187.107500000006,12056.132250000002,5
CUST02305,Arjun Singh,1,40182.012,12054.603600000002,4
CUST01091,Rohit Joshi,1,40171.1625,12051.348749999996,3
CUST01637,Sneha Patel,1,40169.895,12050.968499999995,5
CUST00001,Rohit Joshi,1,40142.864,12042.859200000004,1
CUST01915,Naveen Kumar,1,40114.186,12034.255800000004,4
CUST00673,Kiran Kumar,1,40094.4,12028.32,5
CUST02238,Suresh Reddy,1,40093.29,12027.987,2
CUST00064,Priya Reddy,1,40024.008,12007.202400000002,2
CUST00838,Swathi Rao,1,39990.3525,11997.105750000002,1
CUST01272,Swathi Rao,1,39972.5675,11991.770249999998,5
CUST00507,Vikram Rao,2,39970.91,11991.273000000003,2
CUST01233,Kiran Kumar,1,39967.221000000005,11990.166300000004,1
CUST02396,Anjali Gupta,1,39957.88,11987.363999999998,4
CUST01641,Rahul Sharma,1,39948.795,11984.638499999995,1
CUST01681,Kiran Kumar,1,39907.058000000005,11972.117400000005,2
CUST02150,Divya Nair,1,39858.81,11957.642999999996,1
CUST02373,Amit Kumar,1,39846.963,11954.088899999995,2
CUST01240,Divya Nair,1,39843.0225,11952.906749999998,3
CUST01604,Anjali Gupta,1,39838.0275,11951.408250000004,3
CUST00596,Divya Nair,1,39816.864,11945.0592,1
CUST01266,Swathi Rao,1,39804.876500000006,11941.462950000005,1
CUST01593,Rahul Sharma,1,39764.6175,11929.38525,1
CUST01636,Rohit Joshi,1,39726.2325,11917.869749999998,1
CUST01108,Sneha Patel,1,39711.258,11913.3774,2
CUST00472,Anjali Gupta,1,39709.7985,11912.939549999996,3
CUST02420,Arjun Singh,1,39689.288,11906.7864,4
CUST00018,Divya Nair,1,39674.304,11902.291199999996,1
CUST00585,Divya Nair,1,39674.073,11902.221899999997,3
CUST01083,Swathi Rao,2,39645.925,11893.7775,6
CUST01754,Vikram Rao,1,39631.9895,11889.596850000002,1
CUST00758,Divya Nair,1,39627.3405,11888.202149999996,1
CUST00926,Neha Verma,1,39589.736,11876.920800000004,2
CUST00310,Amit Kumar,1,39571.1125,11871.333750000002,1
CUST01774,Vikram Rao,1,39564.365,11869.3095,2
CUST02401,Amit Kumar,1,39503.54400000001,11851.063200000004,3
CUST00297,Naveen Kumar,1,39495.9675,11848.790249999998,1
CUST02294,Naveen Kumar,1,39488.7,11846.609999999995,5
CUST01403,Pooja Mehta,1,39449.475,11834.8425,1
CUST00595,Suresh Reddy,1,39387.288,11816.1864,3
CUST00850,Arjun Singh,1,39319.85249999999,11795.955749999996,5
CUST01702,Rahul Sharma,1,39305.58,11791.674000000005,2
CUST00913,Sneha Patel,1,39286.984,11786.095200000003,2
CUST01773,Rahul Sharma,1,39262.2375,11778.671250000005,1
CUST02489,Naveen Kumar,1,39251.412,11775.423600000002,4
CUST01551,Suresh Reddy,1,39249.57,11774.871,4
CUST00410,Anjali Gupta,1,39203.52,11761.056000000004,4
CUST01373,Sneha Patel,1,39198.36,11759.508000000002,5
CUST00821,Amit Kumar,1,39189.008,11756.702400000002,2
CUST01293,Naveen Kumar,1,39184.44,11755.332000000002,3
CUST01866,Pooja Mehta,1,39169.23,11750.768999999997,4
CUST00622,Sneha Patel,1,39149.48,11744.844000000005,1
CUST02001,Vikram Rao,1,39124.344,11737.303200000002,3
CUST00103,Anjali Gupta,1,39120.164,11736.0492,2
CUST01733,Neha Verma,1,39051.69,11715.507,4
CUST00919,Neha Verma,1,39033.84,11710.152000000006,4
CUST02432,Kiran Kumar,1,39012.855,11703.856500000002,1
CUST01541,Naveen Kumar,1,38974.757,11692.427099999995,1
CUST02391,Kiran Kumar,1,38959.05,11687.715000000004,3
CUST02348,Vikram Rao,1,38844.0,11653.2,1
CUST00596,Arjun Singh,1,38824.144,11647.2432,2
CUST02447,Pooja Mehta,1,38817.63,11645.288999999995,2
CUST00182,Priya Reddy,1,38803.86,11641.158,2
CUST02108,Priya Reddy,1,38750.6925,11625.207749999998,1
CUST00661,Rahul Sharma,1,38710.26,11613.078,2
CUST01895,Rahul Sharma,1,38710.1475,11613.04425,1
CUST02126,Vikram Rao,1,38706.416,11611.924799999995,2
CUST01897,Naveen Kumar,1,38682.0635,11604.61905,1
CUST01068,Vikram Rao,1,38662.71,11598.812999999998,4
CUST01846,Naveen Kumar,1,38625.9975,11587.799249999996,1
CUST01832,Suresh Reddy,1,38622.0,11586.6,2
CUST01172,Rahul Sharma,1,38601.54,11580.462,1
CUST01028,Rahul Sharma,1,38596.6125,11578.983750000005,1
CUST00814,Amit Kumar,1,38516.1975,11554.85925,1
CUST00486,Swathi Rao,1,38497.75,11549.325,5
CUST01624,Divya Nair,1,38495.850000000006,11548.755000000005,3
CUST01692,Rahul Sharma,1,38484.519,11545.3557,2
CUST00593,Vikram Rao,1,38440.8,11532.240000000002,2
CUST01602,Naveen Kumar,1,38434.96,11530.487999999998,2
CUST02310,Naveen Kumar,1,38427.599,11528.279700000005,1
CUST01008,Kiran Kumar,1,38346.675,11504.002500000002,5
CUST01855,Sneha Patel,1,38337.03,11501.109,4
CUST00953,Divya Nair,1,38275.57,11482.670999999998,1
CUST00235,Rohit Joshi,1,38262.614,11478.784199999996,4
CUST01884,Arjun Singh,1,38239.44,11471.832000000002,2
CUST01596,Sneha Patel,1,38231.92049999999,11469.57615,3
CUST01902,Sneha Patel,1,38216.04,11464.812000000002,1
CUST01742,Anjali Gupta,1,38213.51,11464.053000000004,1
CUST01146,Priya Reddy,1,38210.292,11463.087600000004,2
CUST00231,Swathi Rao,1,38209.4275,11462.82825,1
CUST02132,Suresh Reddy,1,38195.32,11458.596,1
CUST01856,Priya Reddy,1,38161.323,11448.396900000003,1
CUST02046,Swathi Rao,1,38154.186,11446.255800000004,3
CUST01041,Naveen Kumar,1,38145.9345,11443.780350000005,1
CUST00545,Arjun Singh,1,38137.68,11441.304,2
CUST01784,Arjun Singh,1,38133.57,11440.071,2
CUST02055,Arjun Singh,1,38129.941,11438.9823,2
CUST02246,Vikram Rao,1,38121.48,11436.444000000003,3
CUST00861,Amit Kumar,1,38101.85999999999,11430.558,3
CUST00007,Vikram Rao,1,38074.8975,11422.469249999998,1
CUST02477,Kiran Kumar,1,38055.3,11416.590000000004,5
CUST02035,Swathi Rao,1,38049.944,11414.983200000002,2
CUST01389,Priya Reddy,1,38039.64,11411.892,3
CUST01785,Amit Kumar,1,37957.755,11387.326499999996,1
CUST00778,Rahul Sharma,1,37946.592,11383.977600000002,2
CUST00204,Arjun Singh,1,37932.44,11379.732000000004,5
CUST00706,Swathi Rao,1,37915.452,11374.635599999998,1
CUST00059,Priya Reddy,1,37913.162,11373.948600000003,1
CUST01451,Pooja Mehta,1,37902.048,11370.614399999997,3
CUST00040,Naveen Kumar,1,37846.233,11353.869900000002,2
CUST00274,Suresh Reddy,1,37840.453,11352.1359,1
CUST02279,Amit Kumar,1,37838.36,11351.508000000002,1
CUST02256,Naveen Kumar,1,37802.118,11340.635400000005,2
CUST01194,Neha Verma,1,37778.675,11333.602500000005,5
CUST01276,Anjali Gupta,1,37765.008,11329.5024,2
CUST02496,Suresh Reddy,1,37760.41,11328.123000000003,5
CUST02420,Amit Kumar,1,37704.672,11311.401599999996,1
CUST00874,Vikram Rao,1,37665.088,11299.526400000002,4
CUST02130,Anjali Gupta,1,37651.226,11295.3678,4
CUST01102,Rohit Joshi,1,37638.1785,11291.453550000002,1
CUST01659,Rahul Sharma,1,37591.32,11277.396,1
CUST01764,Divya Nair,1,37589.36,11276.808,2
CUST00939,Amit Kumar,1,37565.6925,11269.707749999998,1
CUST01161,Arjun Singh,1,37565.4,11269.620000000004,3
CUST00621,Suresh Reddy,1,37561.9505,11268.58515,1
CUST02241,Neha Verma,2,37553.691999999995,11266.107600000001,5
CUST00472,Pooja Mehta,1,37510.921,11253.2763,1
CUST01307,Sneha Patel,1,37507.02,11252.105999999996,2
CUST00115,Naveen Kumar,1,37502.068,11250.6204,1
CUST01850,Vikram Rao,1,37501.32,11250.396,5
CUST01433,Neha Verma,1,37443.05,11232.915,5
CUST01645,Amit Kumar,1,37399.04,11219.712,2
CUST00120,Kiran Kumar,1,37390.939,11217.2817,1
CUST00551,Vikram Rao,1,37388.032,11216.4096,1
CUST00282,Rohit Joshi,1,37366.23,11209.868999999995,3
CUST01491,Amit Kumar,1,37338.1,11201.43,1
CUST00934,Kiran Kumar,1,37310.4015,11193.12045,1
CUST00711,Naveen Kumar,1,37260.45,11178.135000000002,1
CUST00056,Anjali Gupta,1,37248.36,11174.508000000002,4
CUST00083,Neha Verma,1,37246.17,11173.851,1
CUST01348,Sneha Patel,1,37232.495,11169.748499999998,5
CUST01213,Sneha Patel,1,37153.26,11145.978000000005,1
CUST00098,Vikram Rao,2,37047.172,11114.151600000005,4
CUST01980,Rahul Sharma,1,37042.308000000005,11112.692400000004,2
CUST00068,Sneha Patel,1,37005.28,11101.584,5
CUST00743,Neha Verma,1,36976.384000000005,11092.915200000009,1
CUST00116,Neha Verma,1,36954.456,11086.336799999995,3
CUST01751,Naveen Kumar,1,36948.744000000006,11084.623200000002,4
CUST02069,Swathi Rao,1,36940.815,11082.2445,5
CUST01785,Vikram Rao,1,36917.4075,11075.222250000004,1
CUST02016,Rahul Sharma,1,36911.988,11073.596400000002,4
CUST02090,Pooja Mehta,1,36859.7485,11057.92455,1
CUST02021,Rahul Sharma,1,36841.716,11052.5148,3
CUST00262,Priya Reddy,1,36802.62,11040.786,3
CUST01362,Amit Kumar,1,36791.136,11037.340799999998,1
CUST00326,Sneha Patel,1,36776.628,11032.988400000002,1
CUST01744,Anjali Gupta,1,36764.48,11029.344000000005,4
CUST00090,Arjun Singh,1,36736.7625,11021.028749999998,5
CUST01534,Amit Kumar,1,36715.095,11014.5285,3
CUST01139,Kiran Kumar,1,36652.0935,10995.628050000005,1
CUST02076,Vikram Rao,1,36642.528000000006,10992.758400000002,4
CUST02472,Sneha Patel,1,36592.653,10977.795899999996,3
CUST01009,Neha Verma,1,36564.1015,10969.230449999995,1
CUST00970,Kiran Kumar,1,36554.490000000005,10966.347000000002,3
CUST00634,Naveen Kumar,1,36538.26,10961.478000000005,2
CUST01559,Divya Nair,1,36523.434,10957.0302,1
CUST00575,Sneha Patel,1,36505.62,10951.686000000002,3
CUST00880,Pooja Mehta,1,36502.2675,10950.68025,1
CUST01329,Arjun Singh,1,36454.05,10936.215000000004,5
CUST00119,Naveen Kumar,1,36439.1775,10931.753249999998,3
CUST00407,Anjali Gupta,1,36413.784,10924.1352,1
CUST01746,Anjali Gupta,1,36381.92,10914.575999999995,4
CUST02298,Sneha Patel,1,36356.472,10906.941600000002,2
CUST01782,Vikram Rao,1,36338.208,10901.4624,2
CUST01700,Rahul Sharma,1,36331.71,10899.513,4
CUST01842,Rohit Joshi,1,36318.36,10895.508000000002,3
CUST02294,Amit Kumar,1,36317.168000000005,10895.150400000002,2
CUST02357,Divya Nair,1,36311.261,10893.3783,2
CUST00545,Rohit Joshi,1,36310.695,10893.2085,2
CUST01482,Vikram Rao,1,36277.85,10883.355,1
CUST00603,Suresh Reddy,1,36261.152,10878.3456,4
CUST01023,Vikram Rao,1,36221.8275,10866.54825,3
CUST00318,Suresh Reddy,1,36186.8625,10856.058750000004,5
CUST01694,Naveen Kumar,1,36164.412,10849.323599999996,1
CUST01226,Suresh Reddy,1,36068.04,10820.412,2
CUST01573,Sneha Patel,1,36046.766,10814.029800000004,2
CUST02326,Priya Reddy,1,35995.26,10798.578,1
CUST00039,Swathi Rao,1,35986.608,10795.9824,4
CUST02419,Priya Reddy,1,35976.119999999995,10792.835999999996,3
CUST01628,Amit Kumar,1,35957.8815,10787.364450000005,1
CUST00208,Naveen Kumar,1,35954.8875,10786.466249999998,3
CUST02243,Neha Verma,1,35898.2,10769.459999999995,2
CUST02285,Rohit Joshi,1,35886.45,10765.934999999998,5
CUST00945,Naveen Kumar,1,35883.005000000005,10764.901500000004,1
CUST00363,Divya Nair,1,35846.73,10754.018999999997,3
CUST00830,Kiran Kumar,1,35821.091,10746.3273,1
CUST01142,Arjun Singh,1,35778.832500000004,10733.649750000004,1
CUST00600,Pooja Mehta,1,35773.488,10732.0464,3
CUST00897,Suresh Reddy,1,35770.21,10731.062999999998,2
CUST00570,Naveen Kumar,1,35760.792,10728.2376,3
CUST00723,Kiran Kumar,1,35754.026,10726.207799999996,4
CUST00825,Neha Verma,1,35748.288,10724.486400000002,4
CUST01652,Priya Reddy,1,35715.45,10714.635000000002,1
CUST02431,Arjun Singh,1,35699.544,10709.863200000003,1
CUST02460,Kiran Kumar,1,35694.296,10708.288800000002,1
CUST02458,Priya Reddy,1,35675.295,10702.588499999998,2
CUST01106,Sneha Patel,1,35661.9965,10698.59895,1
CUST02241,Divya Nair,1,35536.46000000001,10660.938000000002,5
CUST00707,Neha Verma,1,35521.8525,10656.55575,3
CUST02255,Neha Verma,1,35508.155,10652.446499999998,1
CUST01784,Divya Nair,1,35498.16,10649.448000000004,2
CUST00505,Priya Reddy,1,35466.264,10639.879199999996,1
CUST01992,Neha Verma,1,35439.723,10631.916899999997,1
CUST01776,Divya Nair,1,35402.6325,10620.78975,1
CUST00912,Kiran Kumar,1,35402.37,10620.711000000005,1
CUST02027,Divya Nair,1,35376.5085,10612.952550000002,1
CUST01379,Anjali Gupta,1,35360.82,10608.246,2
CUST02383,Divya Nair,1,35335.775,10600.732500000002,5
CUST01713,Vikram Rao,1,35313.784,10594.1352,1
CUST00396,Neha Verma,1,35289.317500000005,10586.795250000005,5
CUST02229,Pooja Mehta,1,35278.16,10583.448000000004,4
CUST01525,Rohit Joshi,1,35271.135,10581.340500000002,5
CUST00839,Rohit Joshi,1,35267.061,10580.118300000002,1
CUST01829,Pooja Mehta,1,35236.462499999994,10570.938749999998,5
CUST01379,Rohit Joshi,1,35231.922,10569.5766,1
CUST00148,Arjun Singh,1,35220.352,10566.1056,4
CUST01002,Divya Nair,1,35207.264,10562.179200000002,2
CUST02170,Rahul Sharma,1,35201.466,10560.4398,2
CUST00233,Arjun Singh,1,35169.6,10550.879999999996,5
CUST01074,Neha Verma,1,35164.56,10549.368000000002,1
CUST02076,Sneha Patel,1,35159.364,10547.8092,1
CUST01255,Divya Nair,1,35120.708000000006,10536.212400000008,1
CUST01038,Naveen Kumar,1,35064.99,10519.497,2
CUST02482,Sneha Patel,1,35061.631,10518.4893,1
CUST00097,Suresh Reddy,1,35033.07,10509.920999999998,2
CUST01824,Swathi Rao,1,35030.853,10509.2559,3
CUST00714,Sneha Patel,1,34986.5625,10495.96875,5
CUST00798,Vikram Rao,1,34964.88,10489.463999999996,4
CUST00959,Amit Kumar,1,34957.15,10487.145,5
CUST01021,Suresh Reddy,1,34935.435,10480.6305,1
CUST01516,Naveen Kumar,1,34932.191999999995,10479.657599999997,1
CUST02273,Anjali Gupta,1,34815.412500000006,10444.623750000002,5
CUST00441,Neha Verma,2,34814.8005,10444.440150000002,8
CUST02065,Rahul Sharma,1,34776.48,10432.944000000003,4
CUST00988,Rahul Sharma,1,34764.336,10429.300800000005,4
CUST01187,Neha Verma,1,34747.4475,10424.23425,5
CUST02415,Pooja Mehta,1,34720.712,10416.2136,1
CUST01595,Naveen Kumar,1,34578.765,10373.6295,3
CUST01324,Naveen Kumar,1,34569.0,10370.7,3
CUST01888,Amit Kumar,1,34568.768,10370.630400000002,1
CUST00547,Rahul Sharma,1,34566.99,10370.096999999998,1
CUST00823,Rohit Joshi,1,34549.245,10364.773500000005,2
CUST00955,Vikram Rao,1,34522.68,10356.804,2
CUST00758,Vikram Rao,1,34507.926,10352.377799999998,4
CUST01756,Kiran Kumar,1,34500.719999999994,10350.215999999997,3
CUST00123,Swathi Rao,1,34482.784,10344.8352,1
CUST01830,Kiran Kumar,1,34478.505000000005,10343.5515,3
CUST01808,Rohit Joshi,1,34462.39,10338.717,1
CUST01815,Kiran Kumar,1,34448.8425,10334.652749999996,1
CUST01707,Amit Kumar,1,34437.825,10331.347499999996,5
CUST00135,Arjun Singh,1,34436.0,10330.8,2
CUST00993,Vikram Rao,1,34394.94,10318.482000000004,2
CUST00653,Priya Reddy,1,34391.3825,10317.41475,5
CUST00354,Divya Nair,1,34372.012500000004,10311.603750000006,3
CUST01487,Neha Verma,1,34346.736000000004,10304.020800000006,1
CUST00785,Kiran Kumar,1,34307.19,10292.157000000005,3
CUST01728,Arjun Singh,1,34225.956,10267.786799999998,1
CUST01086,Pooja Mehta,1,34181.56,10254.467999999995,1
CUST00704,Suresh Reddy,1,34180.5,10254.15,3
CUST00604,Divya Nair,1,34160.8,10248.240000000002,1
CUST01203,Swathi Rao,1,34133.68,10240.104,2
CUST00909,Sneha Patel,1,34117.316999999995,10235.1951,1
CUST00164,Naveen Kumar,1,34102.14,10230.642,1
CUST00684,Amit Kumar,1,34092.93,10227.879,4
CUST00136,Amit Kumar,2,34088.7185,10226.615550000006,6
CUST00356,Suresh Reddy,1,34083.181,10224.954299999998,2
CUST02290,Rohit Joshi,1,34045.849,10213.7547,1
CUST00169,Rohit Joshi,1,34017.3975,10205.219249999998,1
CUST01460,Swathi Rao,1,34007.264,10202.179200000002,2
CUST02186,Priya Reddy,1,33971.886,10191.5658,1
CUST00616,Swathi Rao,1,33938.409,10181.5227,2
CUST00865,Swathi Rao,1,33905.216,10171.5648,1
CUST00315,Anjali Gupta,1,33886.376000000004,10165.912800000006,1
CUST00904,Suresh Reddy,1,33880.490000000005,10164.147000000004,2
CUST00357,Naveen Kumar,1,33801.524999999994,10140.457499999997,3
CUST01705,Neha Verma,1,33758.441999999995,10127.532599999997,2
CUST00330,Rohit Joshi,1,33683.272,10104.981599999996,1
CUST01187,Priya Reddy,1,33640.155,10092.0465,2
CUST00343,Pooja Mehta,1,33622.343,10086.7029,2
CUST00620,Suresh Reddy,1,33594.453,10078.335900000002,3
CUST01566,Vikram Rao,1,33540.5955,10062.178649999998,3
CUST01071,Kiran Kumar,1,33540.277500000004,10062.083250000003,1
CUST00924,Sneha Patel,1,33537.675,10061.302500000002,2
CUST00410,Naveen Kumar,1,33486.417,10045.9251,1
CUST00362,Amit Kumar,1,33469.03,10040.709,1
CUST00824,Neha Verma,1,33468.63,10040.588999999996,1
CUST00687,Swathi Rao,1,33430.81,10029.243000000002,1
CUST01315,Kiran Kumar,1,33416.361000000004,10024.908300000005,1
CUST01657,Sneha Patel,1,33408.744999999995,10022.623499999998,2
CUST02093,Anjali Gupta,1,33293.187,9987.9561,3
CUST02121,Rohit Joshi,1,33258.368,9977.510400000005,1
CUST00822,Kiran Kumar,1,33173.93,9952.179,1
CUST01634,Vikram Rao,1,33163.896,9949.1688,3
CUST01603,Divya Nair,1,33141.288,9942.3864,1
CUST00202,Swathi Rao,1,33049.7115,9914.913449999996,1
CUST02375,Anjali Gupta,1,32996.752,9899.0256,1
CUST01021,Rohit Joshi,1,32974.992,9892.4976,3
CUST02410,Amit Kumar,1,32966.28,9889.883999999998,2
CUST01467,Neha Verma,2,32954.883,9886.464899999999,5
CUST00604,Suresh Reddy,1,32920.191999999995,9876.0576,4
CUST02175,Swathi Rao,1,32890.376,9867.112799999995,4
CUST00650,Anjali Gupta,1,32886.872,9866.061600000005,1
CUST02028,Kiran Kumar,1,32882.2425,9864.672750000002,1
CUST01143,Divya Nair,1,32875.518000000004,9862.655400000003,4
CUST02139,Priya Reddy,1,32847.136,9854.140799999996,2
CUST00110,Arjun Singh,1,32835.28,9850.584,4
CUST01999,Suresh Reddy,1,32823.270000000004,9846.981000000003,2
CUST01767,Divya Nair,1,32822.850000000006,9846.855000000003,4
CUST01882,Naveen Kumar,1,32821.542,9846.462600000004,2
CUST01967,Vikram Rao,1,32796.248,9838.8744,1
CUST02321,Vikram Rao,1,32774.031,9832.209300000002,1
CUST01655,Swathi Rao,1,32770.350000000006,9831.105000000003,4
CUST01899,Priya Reddy,1,32708.538,9812.5614,4
CUST01068,Sneha Patel,1,32687.828,9806.3484,4
CUST00586,Rohit Joshi,1,32662.91,9798.873,1
CUST00457,Pooja Mehta,1,32641.785,9792.535500000002,3
CUST00179,Rohit Joshi,1,32611.11,9783.333000000002,4
CUST02408,Rahul Sharma,1,32603.325,9780.997499999998,1
CUST02154,Sneha Patel,1,32590.428,9777.1284,1
CUST02010,Naveen Kumar,1,32574.384,9772.3152,1
CUST00828,Vikram Rao,1,32567.648,9770.2944,1
CUST00543,Pooja Mehta,1,32558.58,9767.574,2
CUST01934,Amit Kumar,1,32554.410000000003,9766.323000000004,4
CUST00285,Sneha Patel,1,32497.064,9749.1192,1
CUST00709,Pooja Mehta,1,32478.8775,9743.663249999998,1
CUST01689,Swathi Rao,1,32477.2,9743.159999999996,5
CUST00871,Arjun Singh,1,32380.579,9714.1737,2
CUST00996,Swathi Rao,1,32316.813,9695.043899999995,1
CUST02177,Neha Verma,1,32304.029,9691.2087,2
CUST01146,Naveen Kumar,1,32285.4,9685.620000000004,5
CUST02327,Neha Verma,1,32282.46,9684.737999999998,3
CUST01370,Suresh Reddy,1,32251.1,9675.329999999998,2
CUST00226,Neha Verma,1,32212.332,9663.699600000004,1
CUST01729,Rahul Sharma,1,32171.145,9651.3435,1
CUST01013,Arjun Singh,1,32161.296,9648.3888,2
CUST00918,Swathi Rao,1,32117.184,9635.1552,4
CUST01099,Divya Nair,1,32099.89,9629.967,1
CUST02412,Anjali Gupta,1,32064.5925,9619.37775,3
CUST01387,Arjun Singh,1,32002.4,9600.72,1
CUST01070,Neha Verma,1,31952.84,9585.852,1
CUST00406,Rahul Sharma,1,31912.53,9573.758999999998,1
CUST00947,Rahul Sharma,1,31904.739,9571.4217,1
CUST01226,Swathi Rao,1,31860.125,9558.0375,5
CUST00434,Arjun Singh,1,31855.32,9556.596,3
CUST02105,Pooja Mehta,1,31832.19,9549.657,2
CUST02073,Arjun Singh,1,31830.345,9549.1035,1
CUST00671,Pooja Mehta,1,31811.7685,9543.530550000003,1
CUST02397,Vikram Rao,1,31730.0,9519.0,1
CUST01591,Neha Verma,1,31724.448,9517.334399999996,1
CUST01626,Divya Nair,1,31717.696000000004,9515.308800000004,1
CUST02089,Pooja Mehta,1,31659.852000000003,9497.9556,4
CUST00809,Naveen Kumar,1,31654.513,9496.353899999998,2
CUST01916,Amit Kumar,1,31592.87,9477.861,1
CUST00256,Anjali Gupta,1,31586.385,9475.915500000005,1
CUST01761,Suresh Reddy,1,31558.304,9467.491199999997,1
CUST00771,Pooja Mehta,1,31556.76,9467.027999999998,1
CUST01921,Arjun Singh,1,31541.768,9462.5304,1
CUST01444,Rahul Sharma,1,31541.31,9462.393,1
CUST00099,Neha Verma,1,31483.17,9444.951,2
CUST02206,Vikram Rao,1,31450.5,9435.15,1
CUST00708,Naveen Kumar,1,31437.1225,9431.136749999998,5
CUST01377,Sneha Patel,1,31363.623000000003,9409.086900000002,3
CUST02235,Sneha Patel,1,31323.843,9397.1529,2
CUST01112,Neha Verma,1,31316.07,9394.821,3
CUST01576,Sneha Patel,1,31300.695,9390.2085,1
CUST01688,Rahul Sharma,1,31285.61,9385.683,5
CUST01030,Vikram Rao,1,31285.36,9385.608,4
CUST02398,Anjali Gupta,1,31275.558,9382.667400000002,3
CUST02448,Vikram Rao,1,31251.096,9375.328800000005,1
CUST01520,Vikram Rao,1,31186.809,9356.042700000002,2
CUST01513,Priya Reddy,1,31179.905999999995,9353.971799999996,2
CUST01558,Rohit Joshi,1,31166.336,9349.9008,1
CUST01913,Priya Reddy,1,31153.9535,9346.18605,1
CUST01234,Swathi Rao,1,31123.8,9337.14,2
CUST01450,Swathi Rao,1,31101.984,9330.5952,2
CUST01655,Vikram Rao,1,31080.936,9324.280799999997,1
CUST00780,Anjali Gupta,1,31064.04,9319.211999999996,1
CUST02144,Sneha Patel,1,31060.638,9318.1914,1
CUST00284,Kiran Kumar,1,31056.119999999995,9316.835999999996,3
CUST01191,Amit Kumar,1,31033.359,9310.007700000002,1
CUST00290,Priya Reddy,1,30970.24,9291.072,1
CUST00327,Naveen Kumar,1,30956.5155,9286.95465,1
CUST01210,Amit Kumar,1,30904.65,9271.395,5
CUST00085,Amit Kumar,1,30902.9775,9270.89325,1
CUST01553,Rohit Joshi,1,30894.992,9268.4976,1
CUST02320,Rohit Joshi,1,30875.0665,9262.519950000002,1
CUST02332,Rahul Sharma,1,30822.73,9246.819,1
CUST01440,Arjun Singh,1,30761.676,9228.502799999998,4
CUST00621,Rohit Joshi,1,30755.295,9226.588499999998,5
CUST00744,Kiran Kumar,1,30693.064,9207.919200000004,1
CUST01688,Amit Kumar,1,30685.797,9205.739100000004,3
CUST00702,Kiran Kumar,1,30681.36,9204.408,2
CUST00966,Rohit Joshi,1,30568.1775,9170.45325,1
CUST01675,Rohit Joshi,1,30550.861500000003,9165.25845,1
CUST00488,Suresh Reddy,1,30547.485,9164.2455,5
CUST01550,Divya Nair,1,30491.57,9147.471,1
CUST02171,Arjun Singh,1,30450.35,9135.105,5
CUST00703,Sneha Patel,1,30417.68,9125.304,5
CUST01159,Vikram Rao,1,30398.4,9119.519999999997,3
CUST01737,Arjun Singh,1,30374.55450000001,9112.366350000004,3
CUST01230,Vikram Rao,1,30327.21,9098.163,1
CUST02459,Sneha Patel,1,30314.97,9094.491000000002,3
CUST01870,Rahul Sharma,1,30306.976,9092.092800000002,1
CUST01573,Naveen Kumar,1,30303.800000000003,9091.140000000005,5
CUST01697,Suresh Reddy,1,30279.5,9083.85,5
CUST01688,Swathi Rao,1,30263.978,9079.1934,2
CUST01632,Vikram Rao,1,30208.898,9062.6694,4
CUST01530,Priya Reddy,1,30190.635,9057.1905,5
CUST00199,Rohit Joshi,1,30130.88,9039.263999999996,4
CUST02130,Rohit Joshi,1,30108.825,9032.647499999995,2
CUST01863,Sneha Patel,1,30080.925,9024.2775,1
CUST02291,Arjun Singh,1,29992.5545,8997.766350000002,1
CUST02356,Priya Reddy,1,29983.06,8994.918000000001,1
CUST02087,Swathi Rao,1,29977.88,8993.363999999998,1
CUST00449,Divya Nair,1,29936.192,8980.8576,2
CUST01500,Vikram Rao,1,29900.13,8970.038999999997,4
CUST01327,Rahul Sharma,1,29898.856,8969.6568,2
CUST00988,Sneha Patel,1,29867.364,8960.209199999998,2
CUST02370,Anjali Gupta,1,29844.25,8953.275000000001,1
CUST00135,Kiran Kumar,1,29795.56,8938.667999999998,1
CUST01828,Amit Kumar,1,29795.12,8938.536,4
CUST01883,Naveen Kumar,1,29776.872,8933.0616,1
CUST01492,Naveen Kumar,1,29732.2775,8919.683250000002,1
CUST00191,Neha Verma,1,29664.5385,8899.361550000001,1
CUST00560,Swathi Rao,1,29621.799,8886.539699999998,1
CUST01543,Vikram Rao,1,29609.2675,8882.78025,5
CUST01015,Suresh Reddy,1,29588.385,8876.515500000001,1
CUST01560,Rahul Sharma,1,29587.104,8876.1312,3
CUST02376,Vikram Rao,1,29574.146,8872.2438,2
CUST01013,Divya Nair,1,29569.725,8870.917500000003,3
CUST01671,Priya Reddy,1,29548.176,8864.4528,2
CUST02468,Arjun Singh,1,29542.41,8862.722999999998,1
CUST00142,Swathi Rao,1,29537.352000000003,8861.205600000001,1
CUST00168,Rahul Sharma,1,29504.61,8851.383000000002,2
CUST02215,Naveen Kumar,1,29457.464,8837.239199999996,2
CUST01939,Naveen Kumar,1,29455.18,8836.554,1
CUST02136,Arjun Singh,1,29396.485,8818.945500000002,5
CUST01958,Naveen Kumar,1,29393.4505,8818.03515,1
CUST00609,Rahul Sharma,1,29357.368,8807.2104,1
CUST01233,Suresh Reddy,1,29347.491,8804.247299999999,1
CUST01389,Pooja Mehta,1,29344.992,8803.497599999999,2
CUST00394,Kiran Kumar,1,29311.944,8793.583200000001,3
CUST02260,Amit Kumar,1,29311.92,8793.575999999997,2
CUST00488,Naveen Kumar,1,29300.584000000003,8790.175200000001,1
CUST02495,Anjali Gupta,1,29279.0625,8783.71875,5
CUST00587,Suresh Reddy,1,29270.7525,8781.225749999998,1
CUST01414,Kiran Kumar,1,29255.3925,8776.617750000001,1
CUST00661,Swathi Rao,1,29208.924000000003,8762.677200000002,3
CUST01501,Naveen Kumar,1,29181.344,8754.4032,2
CUST02085,Anjali Gupta,1,29165.208,8749.562400000003,3
CUST01564,Neha Verma,1,29163.2,8748.96,2
CUST00229,Sneha Patel,1,29119.136,8735.7408,2
CUST00147,Vikram Rao,1,29107.5,8732.25,5
CUST00088,Amit Kumar,1,29094.792,8728.437599999997,3
CUST01948,Swathi Rao,1,29050.29,8715.087,3
CUST01186,Vikram Rao,1,29041.24,8712.372000000003,1
CUST00060,Vikram Rao,2,29035.914,8710.774200000002,5
CUST02318,Pooja Mehta,1,29025.198,8707.559400000002,2
CUST00537,Amit Kumar,1,29016.975,8705.092500000002,2
CUST01354,Neha Verma,2,29004.082000000002,8701.2246,7
CUST00262,Suresh Reddy,1,28976.2025,8692.86075,1
CUST02281,Kiran Kumar,1,28934.7735,8680.432049999996,3
CUST00888,Vikram Rao,1,28932.95,8679.885000000002,1
CUST00436,Neha Verma,1,28920.74,8676.222000000002,1
CUST00360,Kiran Kumar,1,28893.25,8667.974999999999,5
CUST00216,Priya Reddy,1,28843.408000000003,8653.022400000002,1
CUST01122,Pooja Mehta,1,28842.795,8652.838499999998,1
CUST01592,Pooja Mehta,1,28799.184,8639.7552,1
CUST00964,Swathi Rao,1,28752.304,8625.691200000001,4
CUST00714,Divya Nair,1,28732.640000000003,8619.792000000001,1
CUST01018,Priya Reddy,2,28650.3525,8595.105750000002,2
CUST00390,Arjun Singh,1,28639.798,8591.9394,1
CUST01997,Rohit Joshi,1,28635.4,8590.620000000003,2
CUST00072,Naveen Kumar,1,28632.33,8589.699,2
CUST00494,Kiran Kumar,1,28625.44,8587.632000000001,2
CUST00105,Kiran Kumar,1,28619.14,8585.741999999998,2
CUST01003,Arjun Singh,1,28589.4225,8576.826749999997,3
CUST02085,Rahul Sharma,1,28585.545,8575.663499999999,1
CUST00085,Divya Nair,1,28564.372,8569.3116,4
CUST01309,Pooja Mehta,1,28428.585,8528.575499999999,2
CUST01692,Anjali Gupta,1,28415.152,8524.545600000001,2
CUST00506,Swathi Rao,1,28411.612,8523.4836,2
CUST01456,Anjali Gupta,1,28406.502,8521.9506,1
CUST00206,Vikram Rao,1,28402.029,8520.6087,1
CUST01885,Anjali Gupta,1,28392.482,8517.744599999998,4
CUST00011,Divya Nair,1,28375.28,8512.583999999999,2
CUST01572,Neha Verma,1,28344.51,8503.353000000003,3
CUST02455,Priya Reddy,1,28339.8075,8501.94225,1
CUST00809,Kiran Kumar,1,28337.512,8501.2536,1
CUST02352,Rohit Joshi,1,28328.184,8498.455199999997,2
CUST01184,Swathi Rao,1,28304.35,8491.305,5
CUST01967,Rahul Sharma,1,28261.32,8478.396,1
CUST01033,Rahul Sharma,1,28100.871,8430.261299999998,1
CUST00447,Swathi Rao,1,28046.7,8414.010000000002,2
CUST01152,Sneha Patel,1,28034.1,8410.230000000003,5
CUST01116,Pooja Mehta,1,28014.825,8404.447500000002,5
CUST00970,Swathi Rao,1,27990.705,8397.211499999998,5
CUST00743,Suresh Reddy,1,27986.304,8395.891200000002,2
CUST01980,Kiran Kumar,1,27983.241,8394.972300000001,1
CUST01535,Amit Kumar,1,27978.06,8393.418000000001,3
CUST02049,Vikram Rao,1,27964.1715,8389.25145,3
CUST01068,Swathi Rao,1,27916.8,8375.04,2
CUST00176,Neha Verma,2,27808.24,8342.472000000003,6
CUST00934,Arjun Singh,1,27789.696,8336.908800000001,4
CUST01748,Sneha Patel,1,27787.104,8336.1312,1
CUST00871,Suresh Reddy,1,27767.6625,8330.298750000002,5
CUST01449,Swathi Rao,1,27763.578,8329.073399999997,1
CUST01328,Swathi Rao,1,27737.120000000003,8321.136000000002,2
CUST01962,Arjun Singh,1,27731.4675,8319.44025,1
CUST01245,Divya Nair,1,27711.7575,8313.52725,1
CUST01063,Rohit Joshi,1,27690.504,8307.151199999997,3
CUST01760,Amit Kumar,1,27689.184,8306.7552,4
CUST00532,Neha Verma,1,27686.96,8306.088,4
CUST00842,Swathi Rao,1,27610.44,8283.132000000001,3
CUST02218,Amit Kumar,1,27595.815,8278.744499999997,1
CUST01598,Swathi Rao,1,27520.185,8256.055500000002,2
CUST01936,Naveen Kumar,1,27481.928000000004,8244.578400000002,1
CUST00092,Neha Verma,1,27434.09,8230.226999999999,2
CUST00845,Sneha Patel,1,27424.71,8227.413,5
CUST00825,Pooja Mehta,2,27423.865,8227.159500000002,6
CUST01332,Vikram Rao,1,27423.5625,8227.068749999999,1
CUST02064,Rohit Joshi,1,27387.816000000003,8216.344800000003,3
CUST00571,Divya Nair,1,27372.090000000004,8211.627000000004,1
CUST01447,Kiran Kumar,1,27365.25,8209.575,1
CUST00755,Divya Nair,1,27320.6745,8196.20235,1
CUST02196,Divya Nair,1,27316.184,8194.855200000002,1
CUST02229,Neha Verma,1,27308.466,8192.539799999999,2
CUST01329,Rahul Sharma,1,27249.534,8174.860199999999,1
CUST02146,Divya Nair,1,27230.9235,8169.277049999997,3
CUST00397,Divya Nair,1,27222.63,8166.788999999997,4
CUST01799,Anjali Gupta,1,27219.952,8165.9856,2
CUST00114,Naveen Kumar,1,27179.805,8153.941500000001,1
CUST01004,Vikram Rao,1,27170.046,8151.013799999997,3
CUST02227,Suresh Reddy,1,27114.66,8134.398000000001,3
CUST01617,Rohit Joshi,1,27030.840000000004,8109.252000000004,3
CUST02375,Rohit Joshi,1,27027.977,8108.393099999997,2
CUST01485,Rohit Joshi,1,27011.657,8103.4971,1
CUST01280,Neha Verma,1,27001.4625,8100.438749999997,1
CUST01738,Priya Reddy,1,26972.685,8091.805500000002,1
CUST02442,Arjun Singh,1,26967.27,8090.181,1
CUST02142,Vikram Rao,1,26921.744999999995,8076.523499999996,3
CUST02298,Naveen Kumar,1,26918.091,8075.427299999999,1
CUST01185,Swathi Rao,1,26888.52,8066.555999999997,3
CUST01006,Sneha Patel,1,26861.479,8058.4437,1
CUST00347,Divya Nair,1,26830.575000000004,8049.172500000004,3
CUST01292,Pooja Mehta,1,26753.1805,8025.954150000001,1
CUST01548,Neha Verma,1,26740.816,8022.2448,1
CUST00390,Anjali Gupta,1,26725.547,8017.664099999998,1
CUST00637,Anjali Gupta,1,26723.94,8017.181999999997,1
CUST00269,Swathi Rao,1,26683.2675,8004.980249999997,5
CUST01513,Amit Kumar,1,26668.342,8000.5026,2
CUST01127,Priya Reddy,1,26628.579,7988.573699999997,3
CUST00803,Arjun Singh,1,26626.913,7988.073899999999,1
CUST00339,Pooja Mehta,1,26617.968,7985.3904,1
CUST01503,Vikram Rao,1,26543.589000000004,7963.076700000005,3
CUST00328,Vikram Rao,1,26506.178,7951.8534,2
CUST02057,Swathi Rao,1,26499.362,7949.8086,4
CUST02321,Sneha Patel,1,26481.336,7944.400799999999,1
CUST00147,Anjali Gupta,1,26385.498,7915.649399999998,2
CUST01486,Priya Reddy,1,26385.471,7915.641300000003,2
CUST02179,Priya Reddy,1,26380.875,7914.262500000001,2
CUST02401,Vikram Rao,1,26346.906000000003,7904.0718000000015,2
CUST00331,Naveen Kumar,1,26327.340000000004,7898.202000000001,1
CUST01440,Vikram Rao,1,26295.85,7888.754999999997,5
CUST01941,Divya Nair,1,26264.43,7879.3290000000015,5
CUST01036,Divya Nair,1,26250.248,7875.074400000001,2
CUST02059,Naveen Kumar,1,26231.976,7869.5927999999985,1
CUST00964,Divya Nair,1,26180.2045,7854.06135,1
CUST02456,Divya Nair,1,26175.93,7852.778999999999,1
CUST01341,Vikram Rao,1,26156.2595,7846.877850000001,1
CUST00314,Arjun Singh,1,26149.536,7844.860799999999,4
CUST00155,Priya Reddy,1,26127.0045,7838.101350000001,3
CUST01179,Divya Nair,1,26105.58,7831.674000000003,2
CUST01675,Suresh Reddy,1,26101.536,7830.460800000001,3
CUST01656,Kiran Kumar,1,26097.1,7829.129999999997,2
CUST00046,Neha Verma,1,26074.991,7822.497299999999,1
CUST01577,Kiran Kumar,1,26045.4825,7813.644749999999,3
CUST00449,Rahul Sharma,1,26037.81,7811.343000000001,1
CUST00038,Pooja Mehta,1,25990.84,7797.252,2
CUST01185,Kiran Kumar,1,25990.182,7797.054599999999,1
CUST01993,Rahul Sharma,1,25977.024,7793.107200000002,3
CUST02184,Rahul Sharma,1,25961.1505,7788.345150000001,1
CUST02347,Priya Reddy,1,25891.2975,7767.38925,3
CUST00447,Suresh Reddy,1,25881.553,7764.465899999999,1
CUST02103,Arjun Singh,1,25869.648,7760.894400000001,1
CUST01141,Neha Verma,1,25830.12,7749.036,5
CUST01238,Rohit Joshi,1,25808.5455,7742.56365,1
CUST00822,Priya Reddy,1,25774.839,7732.451700000001,1
CUST01828,Naveen Kumar,1,25712.111,7713.633300000001,1
CUST01202,Priya Reddy,1,25702.8485,7710.85455,1
CUST01637,Anjali Gupta,1,25692.4745,7707.74235,1
CUST01883,Swathi Rao,1,25679.64,7703.892,5
CUST00646,Rohit Joshi,1,25670.685,7701.2055,2
CUST00092,Rohit Joshi,1,25656.2,7696.860000000001,1
CUST01094,Naveen Kumar,1,25640.264000000003,7692.079200000004,1
CUST01392,Vikram Rao,1,25569.702,7670.910599999999,3
CUST02093,Vikram Rao,1,25565.238,7669.571400000001,1
CUST02308,Swathi Rao,1,25562.237,7668.671100000003,2
CUST02280,Kiran Kumar,1,25559.298000000003,7667.7894000000015,1
CUST01040,Amit Kumar,1,25555.56,7666.6680000000015,2
CUST01314,Divya Nair,1,25534.96,7660.488000000001,2
CUST02107,Sneha Patel,1,25481.8275,7644.54825,1
CUST00904,Amit Kumar,1,25432.017,7629.605100000001,2
CUST01645,Rahul Sharma,1,25428.402,7628.5206,2
CUST00324,Swathi Rao,1,25419.288,7625.786400000001,3
CUST02149,Amit Kumar,1,25405.837,7621.751100000001,1
CUST01845,Suresh Reddy,1,25395.896,7618.768800000002,1
CUST01968,Sneha Patel,1,25392.816000000003,7617.844800000003,2
CUST00527,Pooja Mehta,1,25350.090000000004,7605.027000000002,2
CUST01364,Neha Verma,1,25295.5,7588.6500000000015,2
CUST02323,Neha Verma,2,25293.847999999998,7588.1544,4
CUST01389,Swathi Rao,1,25249.76,7574.928,5
CUST00420,Swathi Rao,1,25213.08,7563.923999999999,1
CUST02294,Vikram Rao,1,25196.796,7559.038800000002,2
CUST00233,Swathi Rao,1,25150.335,7545.1005,1
CUST02425,Priya Reddy,1,25132.43,7539.729000000003,1
CUST00880,Anjali Gupta,1,25097.391000000003,7529.217300000004,1
CUST01910,Priya Reddy,1,25073.4615,7522.03845,1
CUST02092,Vikram Rao,1,25072.245,7521.673500000001,1
CUST00366,Divya Nair,1,25059.84,7517.952000000001,1
CUST00030,Divya Nair,1,25048.88,7514.664000000001,1
CUST01824,Neha Verma,1,24993.2745,7497.982350000002,1
CUST01400,Rahul Sharma,1,24958.448,7487.5344,4
CUST00486,Anjali Gupta,1,24957.0375,7487.111250000002,5
CUST02203,Naveen Kumar,1,24944.5965,7483.378950000002,3
CUST01271,Vikram Rao,1,24944.205,7483.2615,2
CUST02451,Sneha Patel,1,24939.7225,7481.91675,1
CUST01443,Divya Nair,1,24923.2325,7476.96975,5
CUST02161,Vikram Rao,1,24903.2525,7470.975750000001,1
CUST00717,Neha Verma,1,24884.1665,7465.249950000001,1
CUST00251,Anjali Gupta,1,24868.1,7460.43,2
CUST01136,Pooja Mehta,1,24854.688,7456.4064000000035,3
CUST02177,Swathi Rao,1,24848.64,7454.592000000001,1
CUST02264,Amit Kumar,1,24843.345,7453.003500000002,1
CUST00443,Priya Reddy,1,24796.53,7438.959000000003,3
CUST01285,Amit Kumar,1,24792.56,7437.768,1
CUST00604,Pooja Mehta,1,24786.0,7435.800000000003,5
CUST02273,Suresh Reddy,1,24784.182,7435.2546,1
CUST00395,Naveen Kumar,1,24702.432,7410.729600000002,2
CUST00973,Priya Reddy,1,24678.594,7403.5782,3
CUST02339,Naveen Kumar,1,24675.39,7402.617000000002,1
CUST01682,Divya Nair,1,24667.98,7400.394,3
CUST01754,Pooja Mehta,1,24656.091,7396.827300000001,1
CUST00179,Suresh Reddy,1,24652.7625,7395.828750000001,1
CUST00500,Rohit Joshi,1,24639.975,7391.9925,1
CUST02084,Vikram Rao,1,24638.152500000004,7391.445750000003,3
CUST01561,Suresh Reddy,2,24588.523,7376.5569000000005,4
CUST00728,Pooja Mehta,1,24555.8925,7366.767749999999,3
CUST01290,Rohit Joshi,1,24519.68,7355.904000000002,4
CUST01541,Priya Reddy,1,24516.38,7354.914000000001,1
CUST00586,Neha Verma,1,24500.776,7350.232800000002,1
CUST01077,Pooja Mehta,1,24487.086,7346.125800000002,4
CUST01628,Kiran Kumar,1,24452.92,7335.876,5
CUST00875,Divya Nair,1,24421.2,7326.360000000001,2
CUST02116,Pooja Mehta,1,24413.632,7324.089600000003,4
CUST02274,Kiran Kumar,1,24400.427,7320.128100000002,2
CUST00125,Arjun Singh,1,24392.853,7317.855900000002,3
CUST01163,Rahul Sharma,1,24383.34,7315.002,1
CUST00341,Sneha Patel,1,24362.748,7308.824400000001,1
CUST00133,Priya Reddy,1,24330.842,7299.2526,2
CUST00742,Vikram Rao,1,24262.845,7278.853500000001,2
CUST01404,Vikram Rao,1,24241.806,7272.541800000003,2
CUST01849,Rahul Sharma,1,24237.16,7271.148000000001,2
CUST01707,Arjun Singh,1,24229.3035,7268.79105,3
CUST01172,Pooja Mehta,1,24223.555,7267.066500000001,5
CUST01736,Kiran Kumar,1,24186.0405,7255.812150000002,3
CUST01797,Naveen Kumar,1,24057.94,7217.382000000001,2
CUST01194,Sneha Patel,1,24003.963,7201.188900000001,1
CUST00380,Naveen Kumar,1,23983.368,7195.010399999999,1
CUST00557,Amit Kumar,1,23980.59,7194.177,2
CUST01439,Priya Reddy,1,23980.53,7194.159,1
CUST00157,Anjali Gupta,1,23949.752,7184.925600000002,1
CUST01513,Rohit Joshi,1,23949.158,7184.7474,4
CUST00121,Kiran Kumar,1,23935.745000000003,7180.7235,1
CUST00616,Sneha Patel,1,23929.944,7178.983200000002,1
CUST01107,Vikram Rao,1,23920.18,7176.054,1
CUST02273,Neha Verma,1,23915.04,7174.512000000002,1
CUST01535,Rohit Joshi,1,23887.592,7166.277600000001,1
CUST01661,Vikram Rao,1,23876.0365,7162.810949999999,1
CUST01601,Suresh Reddy,1,23806.432,7141.9296,2
CUST01583,Kiran Kumar,1,23799.744,7139.923200000001,4
CUST01754,Arjun Singh,1,23798.79,7139.637000000002,1
CUST00933,Vikram Rao,1,23772.06,7131.618000000002,3
CUST01103,Rohit Joshi,1,23770.976,7131.292800000003,4
CUST01358,Rohit Joshi,1,23750.552,7125.1656,1
CUST00445,Arjun Singh,1,23729.208,7118.7624,1
CUST02032,Sneha Patel,1,23723.432,7117.029600000002,4
CUST01809,Naveen Kumar,1,23686.32,7105.896000000001,3
CUST02447,Suresh Reddy,1,23642.783,7092.834900000002,1
CUST01544,Sneha Patel,1,23627.3475,7088.2042500000025,1
CUST01125,Priya Reddy,1,23615.22,7084.5660000000025,2
CUST01244,Naveen Kumar,1,23614.215,7084.264500000001,1
CUST01169,Neha Verma,1,23589.421,7076.826300000001,2
CUST00822,Vikram Rao,1,23551.29,7065.386999999999,1
CUST00978,Priya Reddy,1,23512.72,7053.8160000000025,2
CUST01744,Arjun Singh,1,23498.25,7049.475000000002,3
CUST01138,Rohit Joshi,1,23491.232,7047.369600000002,4
CUST00170,Divya Nair,1,23423.4415,7027.032450000002,1
CUST01676,Arjun Singh,1,23395.688,7018.706400000003,4
CUST01555,Sneha Patel,1,23363.088,7008.9264,1
CUST01471,Arjun Singh,1,23340.379500000003,7002.113850000003,1
CUST01075,Suresh Reddy,1,23328.702,6998.6106,2
CUST00626,Rohit Joshi,1,23321.655,6996.496500000001,5
CUST01858,Suresh Reddy,1,23316.003,6994.8009,1
CUST00285,Pooja Mehta,1,23291.97,6987.591,2
CUST01095,Suresh Reddy,1,23289.948,6986.984400000001,2
CUST02041,Vikram Rao,1,23264.433,6979.329900000001,1
CUST00357,Kiran Kumar,1,23240.887,6972.266100000003,2
CUST01106,Anjali Gupta,1,23198.7055,6959.611650000001,1
CUST01295,Swathi Rao,1,23169.57,6950.870999999999,2
CUST00708,Priya Reddy,1,23127.84,6938.352000000001,4
CUST01317,Sneha Patel,1,23080.64,6924.191999999999,5
CUST00629,Rohit Joshi,1,23079.064,6923.719200000003,1
CUST02484,Naveen Kumar,1,23076.2625,6922.878750000002,1
CUST02456,Pooja Mehta,1,23070.592,6921.177600000001,4
CUST02246,Swathi Rao,1,23069.646,6920.8938,4
CUST02307,Vikram Rao,2,23064.138,6919.241400000001,3
CUST00073,Anjali Gupta,1,23052.31,6915.693000000001,1
CUST02366,Anjali Gupta,1,22938.66,6881.598000000002,2
CUST01986,Suresh Reddy,1,22919.454,6875.836200000002,1
CUST00433,Anjali Gupta,1,22908.231,6872.469300000001,1
CUST00542,Rohit Joshi,1,22906.077,6871.823100000001,2
CUST01018,Naveen Kumar,1,22902.136,6870.640800000001,1
CUST00987,Priya Reddy,1,22781.355,6834.406499999999,2
CUST01972,Arjun Singh,1,22757.355,6827.2065,2
CUST00580,Priya Reddy,1,22746.195,6823.8585,2
CUST01902,Pooja Mehta,1,22716.5235,6814.957050000001,1
CUST01578,Kiran Kumar,1,22711.04,6813.312000000002,5
CUST00739,Divya Nair,1,22658.45,6797.535000000002,5
CUST01027,Pooja Mehta,1,22649.98,6794.993999999999,1
CUST00833,Arjun Singh,1,22542.588,6762.776399999999,4
CUST01072,Rahul Sharma,1,22531.9445,6759.583350000003,1
CUST02417,Pooja Mehta,1,22479.9,6743.970000000001,4
CUST00944,Sneha Patel,1,22445.584,6733.675200000003,1
CUST01165,Swathi Rao,1,22410.342,6723.1026,1
CUST00586,Vikram Rao,1,22401.912,6720.5736,3
CUST00334,Arjun Singh,1,22351.43,6705.429000000002,1
CUST00482,Pooja Mehta,1,22307.76,6692.328000000001,3
CUST00507,Arjun Singh,1,22271.56,6681.468000000001,5
CUST01453,Vikram Rao,1,22257.408000000003,6677.222400000002,3
CUST01290,Pooja Mehta,1,22248.09,6674.427,4
CUST00706,Amit Kumar,1,22227.4065,6668.221950000001,1
CUST02406,Divya Nair,1,22142.13,6642.639000000001,4
CUST00864,Priya Reddy,1,22133.9175,6640.17525,1
CUST02276,Suresh Reddy,1,22128.064,6638.419200000002,4
CUST00472,Divya Nair,1,22076.9625,6623.088750000003,5
CUST00866,Amit Kumar,1,22076.496,6622.948799999998,2
CUST02253,Vikram Rao,1,22046.925000000003,6614.077500000001,2
CUST00801,Swathi Rao,1,22008.744,6602.623199999998,2
CUST00100,Arjun Singh,1,22005.896,6601.7688,1
CUST01817,Neha Verma,1,21965.103,6589.530900000002,1
CUST02039,Kiran Kumar,1,21943.005,6582.901500000002,5
CUST01498,Suresh Reddy,1,21919.14,6575.742,2
CUST00728,Arjun Singh,1,21908.736,6572.620800000001,4
CUST00357,Rahul Sharma,1,21884.88,6565.464000000002,4
CUST00539,Anjali Gupta,1,21769.722,6530.916600000002,2
CUST01093,Arjun Singh,1,21767.0475,6530.1142500000005,1
CUST01413,Neha Verma,1,21767.038,6530.1114,1
CUST01944,Arjun Singh,1,21742.95,6522.885,5
CUST00795,Amit Kumar,1,21683.62,6505.086000000001,2
CUST01954,Sneha Patel,1,21650.168,6495.0504,1
CUST00242,Naveen Kumar,1,21594.24,6478.272000000001,3
CUST01149,Kiran Kumar,1,21581.369999999995,6474.411,3
CUST01235,Arjun Singh,1,21519.69,6455.907000000001,3
CUST00066,Swathi Rao,1,21505.357,6451.607099999999,2
CUST01842,Anjali Gupta,1,21487.905,6446.371500000001,1
CUST01984,Naveen Kumar,1,21484.332,6445.2996,4
CUST00308,Anjali Gupta,1,21438.175,6431.452500000001,1
CUST02138,Vikram Rao,1,21410.31,6423.093000000003,2
CUST00175,Anjali Gupta,1,21352.544,6405.763200000001,1
CUST02258,Anjali Gupta,1,21281.4,6384.420000000002,4
CUST00782,Swathi Rao,1,21252.321,6375.696300000001,1
CUST02443,Priya Reddy,1,21233.782,6370.134600000001,4
CUST01583,Arjun Singh,1,21223.548000000003,6367.064400000003,4
CUST00807,Arjun Singh,1,21208.365,6362.5095,2
CUST01936,Vikram Rao,1,21187.888,6356.366400000001,1
CUST02166,Vikram Rao,1,21186.891000000003,6356.067300000002,1
CUST01747,Priya Reddy,1,21178.04,6353.412,5
CUST00858,Swathi Rao,1,21163.1325,6348.939750000001,1
CUST01898,Divya Nair,1,21121.445,6336.433499999999,1
CUST01246,Vikram Rao,1,21057.96,6317.388000000001,1
CUST02025,Suresh Reddy,1,20997.8025,6299.340750000001,1
CUST02355,Kiran Kumar,1,20887.798000000003,6266.339400000003,2
CUST00741,Arjun Singh,1,20886.945,6266.083499999999,1
CUST00773,Amit Kumar,1,20839.229000000003,6251.768700000002,1
CUST00876,Anjali Gupta,1,20796.4025,6238.920749999999,1
CUST00942,Naveen Kumar,1,20715.552,6214.6656,1
CUST00326,Rohit Joshi,1,20711.349,6213.404700000003,1
CUST01157,Arjun Singh,1,20671.072,6201.321599999999,1
CUST00371,Vikram Rao,1,20668.9725,6200.691750000002,1
CUST00337,Sneha Patel,1,20616.563,6184.9689,1
CUST01591,Naveen Kumar,1,20612.34,6183.701999999999,2
CUST01463,Kiran Kumar,1,20596.0095,6178.802850000002,3
CUST01586,Swathi Rao,1,20538.207,6161.462100000001,1
CUST00040,Swathi Rao,1,20480.8,6144.240000000002,1
CUST02395,Divya Nair,1,20446.065,6133.819499999998,1
CUST00294,Divya Nair,1,20444.242500000004,6133.272750000002,3
CUST00432,Arjun Singh,1,20437.888,6131.366400000001,2
CUST00677,Neha Verma,1,20435.82,6130.745999999999,3
CUST01065,Amit Kumar,1,20419.35,6125.805,5
CUST01904,Neha Verma,2,20413.1625,6123.9487500000005,5
CUST00710,Rohit Joshi,1,20409.0075,6122.70225,1
CUST00616,Pooja Mehta,1,20399.427,6119.828099999999,1
CUST01605,Suresh Reddy,1,20393.593,6118.0779,2
CUST01569,Arjun Singh,1,20386.656,6115.996800000001,4
CUST01945,Vikram Rao,1,20341.768,6102.5304,1
CUST02136,Rohit Joshi,1,20341.324,6102.397200000001,2
CUST02474,Anjali Gupta,1,20338.224,6101.467200000003,3
CUST01412,Sneha Patel,1,20321.8,6096.540000000001,1
CUST00482,Anjali Gupta,1,20315.34,6094.602000000001,1
CUST00311,Rohit Joshi,1,20238.62,6071.586000000001,2
CUST01226,Amit Kumar,1,20206.709000000003,6062.012700000003,1
CUST02381,Vikram Rao,1,20198.2875,6059.486249999998,1
CUST01481,Neha Verma,1,20189.336,6056.800800000001,1
CUST01550,Rahul Sharma,1,20148.948,6044.6844,1
CUST01639,Anjali Gupta,1,20100.9955,6030.298650000001,1
CUST01395,Divya Nair,1,20077.956,6023.3868,1
CUST00936,Sneha Patel,1,20035.4715,6010.641449999999,3
CUST01657,Priya Reddy,1,20012.97,6003.891000000001,2
CUST01166,Kiran Kumar,1,20004.416,6001.324800000002,2
CUST01201,Neha Verma,1,19986.5175,5995.955250000003,1
CUST00215,Naveen Kumar,1,19968.72,5990.616000000002,3
CUST01785,Kiran Kumar,1,19950.57,5985.171,3
CUST01145,Rohit Joshi,1,19912.512,5973.753599999998,1
CUST00703,Divya Nair,1,19876.621,5962.986299999999,2
CUST02336,Anjali Gupta,1,19873.5675,5962.070250000001,1
CUST00193,Naveen Kumar,1,19859.968,5957.990400000001,4
CUST00064,Naveen Kumar,1,19835.262,5950.578600000001,2
CUST01443,Suresh Reddy,1,19826.196,5947.8588,1
CUST01181,Divya Nair,1,19825.59,5947.677,3
CUST01352,Arjun Singh,1,19770.856,5931.256799999999,1
CUST00457,Swathi Rao,1,19747.302,5924.1906,4
CUST01642,Amit Kumar,1,19744.3,5923.290000000001,2
CUST02262,Rahul Sharma,1,19712.0865,5913.62595,3
CUST01287,Anjali Gupta,1,19674.015,5902.2045,5
CUST01100,Arjun Singh,1,19632.206,5889.6618,4
CUST01406,Kiran Kumar,1,19568.5845,5870.575349999999,1
CUST02443,Arjun Singh,1,19532.2,5859.66,1
CUST00893,Naveen Kumar,1,19487.08,5846.124000000002,4
CUST01992,Amit Kumar,1,19476.18,5842.854000000001,2
CUST00228,Kiran Kumar,1,19472.2875,5841.686250000001,1
CUST00299,Priya Reddy,1,19461.33,5838.399000000001,2
CUST00469,Vikram Rao,2,19425.924,5827.7772,4
CUST01376,Neha Verma,1,19415.34,5824.602000000001,3
CUST02293,Kiran Kumar,1,19367.11,5810.133,1
CUST01146,Neha Verma,1,19354.75,5806.424999999999,1
CUST00432,Naveen Kumar,1,19328.8125,5798.643749999999,1
CUST02319,Sneha Patel,1,19296.78,5789.034,2
CUST00690,Amit Kumar,1,19285.888,5785.766399999999,4
CUST02200,Sneha Patel,1,19254.896,5776.468800000001,1
CUST00839,Suresh Reddy,1,19240.2375,5772.071250000001,5
CUST02220,Swathi Rao,1,19199.07,5759.721000000001,2
CUST00841,Vikram Rao,1,19191.8715,5757.561450000001,3
CUST00412,Priya Reddy,1,19121.64,5736.492,1
CUST00573,Sneha Patel,1,19058.0175,5717.40525,1
CUST01655,Rohit Joshi,1,19028.28,5708.484,2
CUST02305,Divya Nair,1,19010.1,5703.030000000001,2
CUST00059,Swathi Rao,1,18917.775,5675.332500000002,5
CUST00563,Priya Reddy,1,18859.95,5657.985000000001,5
CUST02023,Sneha Patel,1,18840.42,5652.126,3
CUST02069,Divya Nair,2,18835.002,5650.500600000001,3
CUST00627,Rahul Sharma,1,18823.672,5647.101599999998,1
CUST00424,Anjali Gupta,1,18783.249,5634.974700000001,3
CUST00334,Priya Reddy,1,18776.727,5633.018100000001,1
CUST01171,Vikram Rao,1,18708.2835,5612.485050000001,1
CUST01165,Pooja Mehta,1,18695.02,5608.506000000001,1
CUST02199,Naveen Kumar,1,18644.662,5593.3986,2
CUST00999,Rahul Sharma,1,18581.357,5574.4071,2
CUST00786,Divya Nair,1,18558.544,5567.563200000002,1
CUST02273,Swathi Rao,1,18550.11,5565.033000000001,1
CUST00038,Amit Kumar,1,18536.817,5561.045100000001,2
CUST01034,Priya Reddy,1,18523.5995,5557.07985,1
CUST00806,Suresh Reddy,1,18463.6395,5539.091850000001,3
CUST01335,Rohit Joshi,1,18460.248,5538.074400000001,3
CUST00019,Swathi Rao,1,18447.9375,5534.38125,1
CUST01409,Priya Reddy,1,18447.79,5534.337000000001,1
CUST01132,Naveen Kumar,1,18404.4975,5521.349250000001,1
CUST02376,Amit Kumar,1,18397.050000000003,5519.115000000003,2
CUST01729,Naveen Kumar,1,18367.5,5510.25,4
CUST01640,Neha Verma,1,18353.982000000004,5506.194600000004,3
CUST00882,Naveen Kumar,1,18344.4,5503.3200000000015,4
CUST00403,Suresh Reddy,1,18329.44,5498.832,1
CUST00123,Vikram Rao,1,18308.7,5492.610000000001,2
CUST00736,Divya Nair,1,18296.148,5488.844400000002,2
CUST00149,Vikram Rao,1,18296.0325,5488.80975,3
CUST01308,Neha Verma,1,18292.050000000003,5487.615000000003,3
CUST01685,Suresh Reddy,1,18263.4,5479.020000000002,2
CUST00558,Neha Verma,1,18256.365,5476.9095,5
CUST00551,Divya Nair,1,18182.544,5454.763200000001,3
CUST01590,Vikram Rao,1,18150.985,5445.2955,1
CUST00720,Divya Nair,1,18127.6055,5438.281650000003,1
CUST01841,Rohit Joshi,1,18101.936,5430.5808,1
CUST01425,Suresh Reddy,1,18093.276,5427.9828,4
CUST00985,Divya Nair,1,18076.34,5422.902,2
CUST01531,Vikram Rao,1,18033.372000000003,5410.011600000003,4
CUST01816,Neha Verma,1,18008.831000000002,5402.649300000003,1
CUST01434,Amit Kumar,1,17979.339,5393.8017,3
CUST00721,Arjun Singh,1,17937.634000000002,5381.290200000001,2
CUST01850,Kiran Kumar,1,17930.46,5379.138000000001,2
CUST01773,Kiran Kumar,1,17899.9575,5369.98725,1
CUST02496,Priya Reddy,1,17837.699999999997,5351.31,3
CUST01478,Kiran Kumar,1,17805.9375,5341.78125,1
CUST00304,Arjun Singh,1,17795.19,5338.557000000001,4
CUST02294,Sneha Patel,1,17730.063,5319.018900000003,3
CUST01813,Priya Reddy,1,17722.079999999998,5316.624,1
CUST02500,Rahul Sharma,1,17718.94,5315.682000000001,2
CUST00639,Naveen Kumar,1,17688.311999999998,5306.4936,1
CUST01721,Naveen Kumar,1,17605.432,5281.6296,1
CUST00033,Neha Verma,1,17594.6175,5278.385250000001,1
CUST02286,Anjali Gupta,1,17576.670000000002,5273.001000000002,4
CUST02067,Kiran Kumar,1,17566.7775,5270.03325,1
CUST02415,Rohit Joshi,1,17503.89,5251.167000000001,1
CUST02392,Anjali Gupta,1,17429.2,5228.76,1
CUST01681,Swathi Rao,1,17421.023999999998,5226.307199999999,2
CUST01734,Rahul Sharma,1,17389.065,5216.719500000001,1
CUST02171,Naveen Kumar,1,17333.392499999998,5200.017750000003,1
CUST02060,Rahul Sharma,1,17319.879,5195.9637,1
CUST01843,Suresh Reddy,1,17313.395,5194.0185,1
CUST01670,Arjun Singh,1,17293.4,5188.020000000002,4
CUST01236,Neha Verma,1,17288.04,5186.412,1
CUST01976,Amit Kumar,1,17247.616,5174.284800000001,4
CUST00365,Neha Verma,1,17241.91,5172.573,1
CUST02259,Amit Kumar,1,17193.1625,5157.948749999998,5
CUST01245,Rohit Joshi,1,17170.14,5151.042000000001,2
CUST00158,Rahul Sharma,1,17111.92,5133.576000000003,1
CUST01849,Pooja Mehta,1,17095.224,5128.567199999998,1
CUST01847,Sneha Patel,1,17090.432999999997,5127.129900000002,3
CUST00588,Pooja Mehta,1,17071.405000000002,5121.421500000002,1
CUST01745,Vikram Rao,1,17042.022,5112.606600000001,2
CUST01162,Priya Reddy,1,16933.37,5080.010999999999,2
CUST00046,Amit Kumar,1,16908.352,5072.505599999999,4
CUST01157,Kiran Kumar,1,16861.504,5058.451200000001,2
CUST02367,Vikram Rao,1,16821.891000000003,5046.567300000002,1
CUST00730,Suresh Reddy,1,16751.217,5025.365100000001,2
CUST00999,Pooja Mehta,1,16688.042,5006.4126000000015,1
CUST02084,Sneha Patel,1,16664.2245,4999.26735,1
CUST00056,Amit Kumar,1,16637.6,4991.280000000001,4
CUST01959,Kiran Kumar,1,16636.416,4990.924800000001,4
CUST01149,Swathi Rao,1,16624.16,4987.248000000001,4
CUST00419,Sneha Patel,1,16620.576,4986.1728,1
CUST01974,Rahul Sharma,1,16612.72,4983.816000000001,2
CUST01596,Amit Kumar,1,16599.35,4979.805,1
CUST01973,Amit Kumar,1,16584.239999999998,4975.272000000003,2
CUST00985,Rohit Joshi,1,16568.17,4970.451000000003,1
CUST01757,Pooja Mehta,1,16560.7125,4968.213750000001,1
CUST01861,Divya Nair,1,16552.71,4965.812999999998,3
CUST02005,Kiran Kumar,1,16517.88,4955.364000000001,4
CUST00824,Divya Nair,1,16488.7335,4946.620049999998,1
CUST01728,Rahul Sharma,1,16428.56,4928.568000000001,1
CUST01766,Anjali Gupta,1,16419.294,4925.788200000001,1
CUST01024,Kiran Kumar,1,16398.693000000003,4919.607900000001,2
CUST00855,Vikram Rao,1,16343.685,4903.1055000000015,2
CUST02438,Kiran Kumar,1,16293.712,4888.113599999999,1
CUST00235,Divya Nair,1,16175.669,4852.700699999999,1
CUST02341,Naveen Kumar,1,16171.3,4851.390000000001,1
CUST00529,Pooja Mehta,1,16114.06,4834.217999999999,2
CUST00273,Rahul Sharma,1,16113.273,4833.981900000001,2
CUST01757,Neha Verma,1,16111.896,4833.568800000001,1
CUST00281,Priya Reddy,1,16109.352,4832.8056,4
CUST01334,Swathi Rao,1,16094.044499999998,4828.21335,1
CUST01924,Rahul Sharma,1,16040.455499999998,4812.13665,1
CUST01556,Suresh Reddy,1,16026.2315,4807.86945,1
CUST01059,Kiran Kumar,1,16025.024,4807.5072,1
CUST00100,Vikram Rao,1,16022.215499999998,4806.664650000001,3
CUST00667,Suresh Reddy,1,16018.768,4805.6304,1
CUST01982,Divya Nair,1,16000.384,4800.1152,4
CUST01908,Pooja Mehta,1,15907.215,4772.164500000001,2
CUST00023,Divya Nair,1,15906.408,4771.922400000001,1
CUST02037,Sneha Patel,1,15896.256,4768.8768,4
CUST01190,Vikram Rao,1,15857.4075,4757.222249999999,1
CUST00997,Anjali Gupta,1,15821.355,4746.406499999999,1
CUST01963,Divya Nair,1,15794.112,4738.2336,3
CUST01598,Naveen Kumar,1,15764.022,4729.206600000001,1
CUST02351,Anjali Gupta,1,15739.008,4721.7024,3
CUST02453,Naveen Kumar,1,15738.396,4721.518799999998,1
CUST01080,Divya Nair,1,15683.46,4705.037999999999,3
CUST01003,Anjali Gupta,1,15669.308,4700.792399999998,1
CUST01989,Vikram Rao,1,15649.88,4694.964,1
CUST00273,Naveen Kumar,1,15645.1725,4693.5517500000005,1
CUST01243,Arjun Singh,1,15547.8525,4664.355750000001,1
CUST01678,Anjali Gupta,1,15545.007,4663.5021,1
CUST00594,Swathi Rao,1,15507.391500000002,4652.217450000002,1
CUST00358,Amit Kumar,1,15480.782,4644.2346,2
CUST00454,Suresh Reddy,1,15478.695000000003,4643.608500000004,3
CUST00563,Divya Nair,1,15435.555,4630.666500000001,2
CUST00369,Swathi Rao,1,15417.243,4625.1729,1
CUST01163,Naveen Kumar,1,15381.99,4614.597,1
CUST02307,Rahul Sharma,1,15377.1885,4613.15655,3
CUST01995,Vikram Rao,1,15358.0895,4607.42685,1
CUST00327,Swathi Rao,1,15325.920000000002,4597.776000000002,2
CUST01724,Priya Reddy,1,15322.005,4596.601500000001,1
CUST02368,Rohit Joshi,1,15315.21,4594.563,1
CUST01838,Vikram Rao,1,15307.98,4592.394,2
CUST01470,Sneha Patel,1,15275.259,4582.5777,3
CUST01275,Rohit Joshi,1,15272.04,4581.612000000001,4
CUST01325,Neha Verma,1,15269.22,4580.766,1
CUST01144,Priya Reddy,1,15246.322499999998,4573.896749999998,5
CUST01106,Amit Kumar,1,15240.64,4572.191999999999,5
CUST00442,Suresh Reddy,1,15209.36,4562.808000000001,5
CUST01365,Kiran Kumar,1,15177.48,4553.243999999999,1
CUST01670,Amit Kumar,1,15175.116000000002,4552.534800000001,2
CUST00069,Pooja Mehta,1,15147.899999999998,4544.370000000003,3
CUST02398,Naveen Kumar,1,15122.784,4536.835200000001,1
CUST02101,Suresh Reddy,1,15069.0,4520.700000000001,5
CUST01269,Arjun Singh,1,15005.5575,4501.667249999999,1
CUST01672,Divya Nair,1,14953.608,4486.082399999999,2
CUST02025,Amit Kumar,1,14911.056,4473.3168000000005,4
CUST01738,Rahul Sharma,1,14897.72,4469.315999999999,4
CUST01768,Naveen Kumar,1,14850.36,4455.108,4
CUST01844,Pooja Mehta,1,14802.3,4440.6900000000005,3
CUST02339,Vikram Rao,1,14759.35,4427.805,1
CUST01073,Divya Nair,1,14749.608,4424.8824,2
CUST01227,Kiran Kumar,1,14743.584,4423.075200000001,3
CUST02047,Amit Kumar,1,14710.4,4413.119999999999,2
CUST00697,Neha Verma,1,14705.1675,4411.55025,3
CUST01239,Naveen Kumar,1,14642.579999999998,4392.773999999998,1
CUST00620,Vikram Rao,1,14631.3,4389.390000000001,5
CUST00043,Sneha Patel,1,14629.176,4388.752800000002,1
CUST01269,Rohit Joshi,1,14614.155,4384.246500000001,1
CUST00222,Pooja Mehta,1,14567.198,4370.1594000000005,1
CUST01200,Swathi Rao,1,14558.97,4367.691000000001,2
CUST02255,Divya Nair,1,14545.112,4363.533599999999,1
CUST00402,Divya Nair,1,14460.104,4338.031200000001,1
CUST00078,Pooja Mehta,1,14458.228,4337.468400000002,2
CUST01343,Rahul Sharma,1,14453.2145,4335.96435,1
CUST00212,Sneha Patel,1,14443.557,4333.0671,3
CUST01586,Divya Nair,1,14427.8,4328.34,5
CUST01321,Sneha Patel,1,14381.2,4314.360000000001,4
CUST01672,Anjali Gupta,1,14379.736,4313.9208,1
CUST02389,Swathi Rao,1,14379.6275,4313.88825,1
CUST02247,Vikram Rao,1,14360.616,4308.184799999999,1
CUST01839,Priya Reddy,1,14341.27,4302.381000000001,1
CUST00025,Sneha Patel,1,14323.226,4296.9678,1
CUST01218,Kiran Kumar,1,14313.6515,4294.095450000001,1
CUST00407,Swathi Rao,1,14296.416,4288.924800000001,1
CUST00899,Naveen Kumar,1,14270.27,4281.081,1
CUST00433,Naveen Kumar,1,14247.99,4274.396999999999,4
CUST01428,Priya Reddy,1,14217.456,4265.236800000001,3
CUST01652,Arjun Singh,1,14202.3955,4260.718650000001,1
CUST00362,Priya Reddy,1,14195.204,4258.5612,1
CUST00820,Rohit Joshi,1,14171.6505,4251.495149999999,1
CUST00721,Rahul Sharma,1,14122.016,4236.604799999999,2
CUST00617,Swathi Rao,1,14067.135,4220.1405,2
CUST00217,Swathi Rao,1,13987.9485,4196.384550000001,1
CUST01437,Suresh Reddy,1,13970.17,4191.051,1
CUST00747,Neha Verma,1,13964.752,4189.4256000000005,2
CUST01931,Anjali Gupta,1,13946.76,4184.028,1
CUST01621,Anjali Gupta,1,13944.151999999998,4183.2456,1
CUST01632,Rohit Joshi,1,13911.9425,4173.58275,1
CUST01310,Neha Verma,1,13903.3735,4171.012049999999,1
CUST01960,Suresh Reddy,1,13902.3,4170.689999999999,4
CUST00372,Pooja Mehta,1,13874.12,4162.236000000001,4
CUST00190,Priya Reddy,1,13822.65,4146.795000000002,3
CUST00969,Divya Nair,1,13814.03,4144.209000000001,1
CUST01448,Neha Verma,1,13805.76,4141.728000000001,1
CUST00936,Pooja Mehta,1,13802.398,4140.719400000002,1
CUST00161,Neha Verma,1,13794.2775,4138.28325,3
CUST00256,Priya Reddy,1,13774.2305,4132.26915,1
CUST02123,Amit Kumar,1,13764.056,4129.2168,1
CUST01453,Rahul Sharma,1,13653.6,4096.079999999998,2
CUST01373,Naveen Kumar,1,13652.912,4095.873600000001,2
CUST01678,Kiran Kumar,1,13617.4,4085.220000000001,1
CUST02321,Naveen Kumar,1,13594.45,4078.335000000001,5
CUST01922,Pooja Mehta,1,13592.6985,4077.80955,1
CUST01032,Kiran Kumar,1,13537.079999999998,4061.124,3
CUST02438,Amit Kumar,1,13525.23,4057.569000000001,4
CUST02432,Divya Nair,1,13422.62,4026.786,2
CUST02175,Naveen Kumar,1,13384.116,4015.2348,2
CUST02417,Suresh Reddy,1,13303.5625,3991.06875,1
CUST00331,Kiran Kumar,1,13287.384,3986.215200000001,1
CUST00179,Rahul Sharma,1,13270.7695,3981.23085,1
CUST02169,Naveen Kumar,1,13258.47,3977.541000000001,3
CUST01510,Swathi Rao,1,13253.841,3976.1523,3
CUST02346,Amit Kumar,1,13236.453,3970.9359,1
CUST00745,Sneha Patel,1,13174.391999999998,3952.3176,3
CUST00431,Rohit Joshi,1,13170.329999999998,3951.099,3
CUST02415,Vikram Rao,1,13161.2,3948.3600000000006,5
CUST01280,Pooja Mehta,1,13153.96,3946.188,1
CUST01889,Anjali Gupta,1,13146.804,3944.0412,1
CUST02285,Priya Reddy,1,13143.12,3942.9360000000015,5
CUST01370,Rohit Joshi,1,13139.84,3941.9519999999993,1
CUST01392,Swathi Rao,1,13125.789,3937.736700000001,2
CUST02011,Suresh Reddy,1,13089.249,3926.7747,1
CUST00648,Rahul Sharma,1,13078.854,3923.656200000001,2
CUST02056,Vikram Rao,1,13055.994,3916.798200000001,1
CUST00874,Kiran Kumar,1,13006.665,3901.9995000000017,3
CUST01439,Naveen Kumar,1,12996.7885,3899.0365500000007,1
CUST01271,Pooja Mehta,1,12845.52,3853.656000000001,4
CUST01152,Swathi Rao,1,12840.8935,3852.2680500000006,1
CUST00284,Rohit Joshi,1,12822.5775,3846.77325,1
CUST01032,Vikram Rao,1,12774.744,3832.423200000001,1
CUST01588,Divya Nair,1,12767.34,3830.202000000001,1
CUST01264,Swathi Rao,1,12763.9055,3829.17165,1
CUST01077,Naveen Kumar,1,12730.61,3819.183000000001,1
CUST01622,Neha Verma,1,12692.659,3807.797700000001,1
CUST02215,Neha Verma,1,12633.67,3790.101000000001,2
CUST00410,Kiran Kumar,1,12613.4625,3784.0387500000015,1
CUST01494,Rohit Joshi,1,12531.615,3759.484500000001,1
CUST01288,Naveen Kumar,1,12528.88,3758.6640000000007,5
CUST00073,Divya Nair,1,12500.73,3750.219000000001,5
CUST00804,Priya Reddy,1,12489.067,3746.720100000001,1
CUST01882,Rahul Sharma,1,12467.826,3740.3478,1
CUST01302,Kiran Kumar,1,12455.85,3736.755000000001,1
CUST01210,Kiran Kumar,1,12386.79,3716.037,1
CUST00892,Arjun Singh,1,12378.31,3713.493,5
CUST01764,Kiran Kumar,1,12376.5975,3712.97925,1
CUST00160,Neha Verma,1,12304.624,3691.387200000001,2
CUST02028,Swathi Rao,1,12301.472,3690.4416,4
CUST02407,Vikram Rao,1,12301.184,3690.3552,4
CUST01030,Swathi Rao,1,12295.242,3688.572600000001,4
CUST01153,Anjali Gupta,1,12281.543,3684.4629,1
CUST00988,Vikram Rao,1,12194.7975,3658.439250000001,1
CUST02217,Sneha Patel,1,12175.1,3652.5300000000007,5
CUST00413,Priya Reddy,1,12148.07,3644.421,1
CUST00399,Arjun Singh,1,12133.784,3640.1352000000006,1
CUST01804,Vikram Rao,1,12118.05,3635.415000000001,5
CUST02152,Pooja Mehta,1,12107.7,3632.310000000001,5
CUST01044,Neha Verma,1,12101.3,3630.390000000001,5
CUST01608,Divya Nair,1,11947.14,3584.142,3
CUST00168,Divya Nair,1,11902.014,3570.6042,2
CUST02188,Anjali Gupta,1,11884.08,3565.224,4
CUST02243,Sneha Patel,1,11853.555,3556.066500000001,2
CUST01609,Vikram Rao,1,11837.55,3551.2649999999994,1
CUST01411,Pooja Mehta,1,11788.14,3536.442000000001,2
CUST00952,Divya Nair,1,11769.48,3530.844000000001,4
CUST00134,Priya Reddy,1,11747.504,3524.2512000000006,1
CUST01673,Swathi Rao,1,11719.845,3515.9535,5
CUST02335,Amit Kumar,1,11719.395,3515.818500000001,2
CUST00743,Sneha Patel,1,11707.866,3512.3598,4
CUST00552,Naveen Kumar,1,11676.592,3502.977600000002,2
CUST00154,Neha Verma,1,11657.376,3497.2128,4
CUST01344,Pooja Mehta,1,11629.33,3488.799000000001,4
CUST01086,Rohit Joshi,1,11613.87,3484.161,1
CUST01744,Kiran Kumar,1,11579.208,3473.7624000000005,2
CUST00845,Neha Verma,1,11549.416,3464.824800000001,1
CUST00688,Vikram Rao,1,11544.45,3463.335000000001,3
CUST02022,Kiran Kumar,1,11519.982,3455.994600000001,1
CUST02243,Naveen Kumar,1,11489.24,3446.772000000001,2
CUST01643,Vikram Rao,1,11485.367,3445.610100000001,2
CUST00967,Naveen Kumar,1,11468.955,3440.6865000000007,1
CUST00171,Amit Kumar,1,11460.45,3438.135,5
CUST01317,Pooja Mehta,1,11388.74,3416.622000000001,2
CUST02048,Neha Verma,1,11386.43,3415.929000000001,5
CUST00384,Kiran Kumar,1,11368.512,3410.5536,4
CUST02142,Amit Kumar,1,11342.325,3402.697500000001,1
CUST00783,Anjali Gupta,1,11164.6735,3349.4020500000006,1
CUST00406,Divya Nair,1,11141.52,3342.456000000001,3
CUST01777,Vikram Rao,1,11118.0,3335.4000000000005,1
CUST01964,Priya Reddy,1,11036.281,3310.8843000000006,2
CUST01861,Swathi Rao,1,11024.294,3307.288200000001,1
CUST00484,Anjali Gupta,1,11018.368,3305.5104,1
CUST01766,Rahul Sharma,1,11015.9625,3304.7887500000006,3
CUST01549,Amit Kumar,1,11015.6965,3304.70895,1
CUST00925,Neha Verma,1,11006.694,3302.0082,1
CUST01156,Divya Nair,1,10999.53,3299.8590000000004,1
CUST00839,Naveen Kumar,1,10964.1755,3289.2526500000013,1
CUST00061,Swathi Rao,1,10959.432,3287.829600000001,3
CUST02167,Rahul Sharma,1,10936.894,3281.0682000000006,2
CUST01893,Arjun Singh,1,10900.1575,3270.0472500000005,5
CUST01828,Rohit Joshi,1,10896.932,3269.079600000001,2
CUST01188,Neha Verma,1,10883.085,3264.925500000001,1
CUST01016,Priya Reddy,1,10871.874,3261.562200000001,2
CUST00762,Suresh Reddy,1,10866.9355,3260.080650000001,1
CUST01900,Arjun Singh,1,10837.3055,3251.1916500000007,1
CUST00710,Rahul Sharma,1,10826.0625,3247.8187500000004,5
CUST02091,Vikram Rao,1,10813.75,3244.125000000001,5
CUST00384,Sneha Patel,1,10745.805,3223.741500000001,2
CUST01584,Sneha Patel,1,10743.336,3223.0008000000007,1
CUST01682,Sneha Patel,1,10734.715,3220.4145000000008,5
CUST01425,Sneha Patel,1,10725.12,3217.536000000001,2
CUST00331,Amit Kumar,1,10710.304,3213.0912000000008,4
CUST02478,Divya Nair,1,10692.7025,3207.810750000001,1
CUST00198,Naveen Kumar,1,10687.679,3206.3037000000004,1
CUST00522,Priya Reddy,1,10663.2,3198.960000000001,1
CUST00066,Suresh Reddy,1,10651.328,3195.398400000001,2
CUST00817,Vikram Rao,1,10644.228,3193.2684,1
CUST01329,Amit Kumar,1,10616.07,3184.821000000001,2
CUST01942,Swathi Rao,1,10591.85,3177.5550000000003,5
CUST00126,Vikram Rao,1,10570.77,3171.2310000000007,1
CUST01410,Anjali Gupta,1,10570.365,3171.1095000000005,1
CUST00728,Priya Reddy,1,10526.8125,3158.0437500000007,5
CUST01508,Priya Reddy,1,10508.754,3152.6262000000006,1
CUST00478,Anjali Gupta,1,10500.958,3150.2874,1
CUST00881,Divya Nair,1,10481.79,3144.5370000000003,2
CUST02125,Anjali Gupta,1,10481.526,3144.4578,2
CUST02149,Divya Nair,1,10467.435,3140.2305000000006,1
CUST00054,Suresh Reddy,1,10461.75,3138.5250000000005,3
CUST00964,Rahul Sharma,1,10342.5875,3102.776250000001,5
CUST01184,Rohit Joshi,1,10294.29,3088.287000000001,1
CUST00215,Divya Nair,1,10277.404,3083.221200000001,4
CUST00129,Pooja Mehta,1,10274.326,3082.2978000000003,1
CUST00816,Suresh Reddy,1,10255.747499999998,3076.72425,3
CUST01522,Arjun Singh,1,10239.0,3071.7000000000007,2
CUST00892,Vikram Rao,1,10215.495,3064.6485,3
CUST01773,Rohit Joshi,1,10179.5,3053.8500000000004,1
CUST00902,Anjali Gupta,1,10166.88,3050.0640000000003,2
CUST00223,Priya Reddy,1,10150.71,3045.2130000000006,4
CUST02121,Kiran Kumar,1,10143.203,3042.960899999999,1
CUST02480,Arjun Singh,1,10142.72,3042.815999999999,4
CUST01020,Kiran Kumar,1,10102.384,3030.7152,1
CUST00901,Anjali Gupta,1,10061.154,3018.3462,2
CUST00022,Neha Verma,1,10060.956,3018.2868000000008,4
CUST01249,Vikram Rao,1,10017.81,3005.343,1
CUST00804,Pooja Mehta,1,10011.432,3003.4296000000004,3
CUST00465,Priya Reddy,1,9991.188,2997.3564,3
CUST01289,Rahul Sharma,1,9894.408,2968.3224,4
CUST00431,Divya Nair,1,9885.429,2965.6287,1
CUST02028,Amit Kumar,1,9818.25,2945.4750000000004,2
CUST00373,Amit Kumar,1,9804.546,2941.3638,2
CUST00024,Vikram Rao,1,9781.152,2934.3456,2
CUST01694,Suresh Reddy,1,9771.192,2931.3576000000003,3
CUST01911,Suresh Reddy,1,9748.596,2924.5788,4
CUST00960,Rahul Sharma,1,9692.2,2907.6600000000008,5
CUST00592,Rohit Joshi,1,9677.097,2903.1291,2
CUST00391,Priya Reddy,1,9656.505,2896.951500000001,1
CUST01779,Divya Nair,1,9550.122,2865.0366000000004,3
CUST00481,Sneha Patel,1,9511.272,2853.3816000000006,4
CUST00487,Amit Kumar,1,9471.376,2841.4128,1
CUST00683,Sneha Patel,1,9453.944,2836.1832000000004,1
CUST01589,Swathi Rao,1,9453.6115,2836.083450000001,1
CUST01422,Rohit Joshi,1,9453.56,2836.068,1
CUST01328,Vikram Rao,1,9440.1085,2832.03255,1
CUST00497,Suresh Reddy,1,9410.436000000002,2823.130800000001,2
CUST02061,Amit Kumar,1,9395.492,2818.6476,2
CUST00454,Divya Nair,1,9394.6355,2818.3906500000003,1
CUST00627,Rohit Joshi,1,9384.17,2815.251,4
CUST01752,Neha Verma,1,9356.018,2806.8054,4
CUST01706,Naveen Kumar,1,9345.465,2803.6395,1
CUST00159,Vikram Rao,1,9309.4125,2792.8237500000005,3
CUST01511,Rohit Joshi,1,9307.79,2792.3370000000004,1
CUST01672,Swathi Rao,1,9279.376,2783.8128000000006,1
CUST00815,Swathi Rao,1,9265.24,2779.572,1
CUST00761,Swathi Rao,1,9248.8,2774.6400000000003,2
CUST01742,Neha Verma,1,9239.755,2771.9265000000005,1
CUST00277,Naveen Kumar,1,9232.27,2769.6810000000005,1
CUST01535,Neha Verma,1,9218.988,2765.6964,2
CUST01587,Kiran Kumar,1,9204.534,2761.3602,2
CUST01635,Pooja Mehta,1,9183.26,2754.978,2
CUST02122,Kiran Kumar,1,9133.365,2740.0095,2
CUST02328,Suresh Reddy,1,9095.187,2728.5561000000007,2
CUST02235,Anjali Gupta,1,9081.819,2724.5457000000006,1
CUST00954,Amit Kumar,1,8982.432,2694.7296000000006,4
CUST02398,Amit Kumar,1,8948.130000000001,2684.4390000000003,4
CUST02431,Rohit Joshi,1,8940.76,2682.228,2
CUST02264,Sneha Patel,1,8881.511999999999,2664.4536,2
CUST02014,Neha Verma,1,8832.52,2649.7560000000003,2
CUST01877,Rahul Sharma,1,8829.555,2648.8665,2
CUST02084,Swathi Rao,1,8821.712,2646.5136,1
CUST01154,Swathi Rao,1,8818.794,2645.6381999999994,1
CUST01522,Suresh Reddy,1,8815.515,2644.654500000001,1
CUST02177,Pooja Mehta,1,8813.78,2644.134000000001,2
CUST01754,Rohit Joshi,1,8811.1425,2643.3427500000007,1
CUST02282,Amit Kumar,1,8781.38,2634.414,2
CUST01056,Vikram Rao,1,8747.7975,2624.339250000001,3
CUST01083,Sneha Patel,1,8743.491,2623.0473,2
CUST01139,Divya Nair,1,8664.119999999999,2599.236,1
CUST00939,Arjun Singh,1,8641.559000000001,2592.467700000001,2
CUST02483,Anjali Gupta,1,8640.368999999999,2592.1107,3
CUST00389,Rohit Joshi,1,8619.1275,2585.7382500000003,1
CUST02349,Suresh Reddy,1,8601.6345,2580.49035,3
CUST00588,Suresh Reddy,1,8596.35,2578.9050000000007,1
CUST01544,Rohit Joshi,1,8532.192,2559.6576000000005,1
CUST00394,Neha Verma,1,8511.237,2553.3711000000003,3
CUST01236,Rahul Sharma,1,8511.074999999999,2553.3225,5
CUST00980,Rahul Sharma,1,8503.488,2551.0464,3
CUST00126,Rohit Joshi,1,8460.288,2538.0864,1
CUST01438,Kiran Kumar,1,8428.349999999999,2528.505,2
CUST02140,Amit Kumar,1,8398.752,2519.6256000000003,4
CUST00332,Rahul Sharma,1,8389.289999999999,2516.7870000000003,1
CUST00152,Vikram Rao,1,8362.470000000001,2508.741000000001,4
CUST00098,Anjali Gupta,1,8350.5615,2505.16845,1
CUST01483,Rahul Sharma,1,8339.880000000001,2501.964000000001,2
CUST02445,Pooja Mehta,1,8315.976999999999,2494.7931,2
CUST00019,Rahul Sharma,1,8309.34,2492.8020000000006,2
CUST01694,Divya Nair,1,8248.56,2474.568,3
CUST01296,Rohit Joshi,1,8192.925,2457.8775000000005,2
CUST02069,Vikram Rao,1,8185.874499999999,2455.76235,1
CUST00173,Swathi Rao,1,8159.602499999999,2447.8807500000003,3
CUST00377,Vikram Rao,1,8149.917,2444.975100000001,1
CUST01929,Pooja Mehta,1,8125.512,2437.653600000001,1
CUST00082,Priya Reddy,1,8077.545,2423.2635,1
CUST02445,Suresh Reddy,2,8073.855,2422.1565000000005,4
CUST00859,Neha Verma,1,8073.536,2422.0608,4
CUST00866,Arjun Singh,1,8066.9155,2420.0746500000005,1
CUST02094,Neha Verma,1,8040.46,2412.138,2
CUST01826,Suresh Reddy,1,8034.82,2410.446,2
CUST01348,Naveen Kumar,1,8015.066999999999,2404.5201,1
CUST01318,Naveen Kumar,1,7958.25,2387.4750000000004,2
CUST01790,Kiran Kumar,1,7948.535999999999,2384.5608,4
CUST01354,Divya Nair,1,7927.503999999999,2378.2512,1
CUST02376,Neha Verma,1,7922.915999999999,2376.8748000000005,4
CUST02214,Sneha Patel,1,7918.02,2375.406000000001,1
CUST01014,Sneha Patel,1,7876.45,2362.9350000000004,1
CUST00345,Naveen Kumar,1,7858.836000000001,2357.6508000000003,1
CUST02132,Rohit Joshi,1,7836.397500000001,2350.919250000001,1
CUST00080,Rohit Joshi,1,7780.959,2334.2877,1
CUST00687,Anjali Gupta,1,7760.268,2328.0804000000007,4
CUST01626,Anjali Gupta,1,7758.205,2327.4615000000003,1
CUST00619,Vikram Rao,1,7739.385,2321.8155000000006,1
CUST01911,Neha Verma,1,7732.505999999999,2319.7518,1
CUST00028,Suresh Reddy,1,7694.56,2308.3680000000004,2
CUST00456,Vikram Rao,1,7687.776,2306.3328,2
CUST00717,Rahul Sharma,1,7655.1475,2296.54425,1
CUST02398,Suresh Reddy,1,7634.934,2290.4802,1
CUST02350,Rahul Sharma,1,7594.218000000001,2278.2654,1
CUST00041,Priya Reddy,1,7544.856,2263.4568,1
CUST00442,Arjun Singh,1,7510.84,2253.2520000000004,1
CUST00794,Anjali Gupta,1,7475.91,2242.773,1
CUST00962,Pooja Mehta,1,7432.86,2229.8579999999997,4
CUST02141,Swathi Rao,1,7406.367999999999,2221.9104,2
CUST02044,Rohit Joshi,1,7394.175999999999,2218.2528,1
CUST01701,Arjun Singh,1,7382.718000000001,2214.8154000000004,1
CUST01121,Naveen Kumar,1,7349.814,2204.9442,2
CUST01169,Anjali Gupta,1,7348.192,2204.4576000000006,4
CUST01619,Naveen Kumar,1,7319.066,2195.7198,2
CUST01751,Anjali Gupta,1,7304.700000000001,2191.4100000000008,4
CUST01293,Rahul Sharma,1,7277.921,2183.3763,2
CUST00653,Sneha Patel,1,7267.262,2180.1785999999997,2
CUST01485,Anjali Gupta,1,7264.278,2179.2834000000003,2
CUST01431,Kiran Kumar,1,7225.965999999999,2167.7898000000005,2
CUST01739,Suresh Reddy,1,7220.367,2166.110100000001,3
CUST01601,Sneha Patel,1,7192.4535000000005,2157.7360500000004,3
CUST00597,Neha Verma,1,7152.210000000001,2145.6630000000005,2
CUST00205,Sneha Patel,1,7123.616,2137.0848000000005,2
CUST00759,Swathi Rao,1,7075.666499999999,2122.69995,1
CUST02433,Anjali Gupta,1,6996.944999999999,2099.0835,5
CUST00102,Priya Reddy,1,6974.708999999999,2092.4127,3
CUST02314,Amit Kumar,1,6953.136,2085.9408000000003,1
CUST01275,Naveen Kumar,1,6909.565,2072.8695,1
CUST00087,Vikram Rao,1,6905.151,2071.5453000000007,1
CUST01673,Arjun Singh,1,6899.2515,2069.77545,3
CUST01701,Sneha Patel,1,6895.340999999999,2068.6023000000005,3
CUST02316,Suresh Reddy,1,6893.15,2067.9450000000006,1
CUST01560,Arjun Singh,1,6890.447999999999,2067.134399999999,1
CUST01796,Neha Verma,1,6869.16,2060.7480000000005,2
CUST00395,Rahul Sharma,1,6855.5815,2056.6744500000004,1
CUST00241,Vikram Rao,1,6795.9,2038.7700000000004,3
CUST00703,Amit Kumar,1,6776.047,2032.8141000000005,1
CUST00570,Priya Reddy,1,6754.831,2026.4493,1
CUST01350,Divya Nair,1,6672.637500000001,2001.79125,1
CUST00470,Suresh Reddy,1,6660.87,1998.2609999999995,1
CUST01050,Kiran Kumar,1,6660.612,1998.1836000000003,4
CUST00927,Anjali Gupta,1,6645.36,1993.6079999999995,1
CUST01839,Rohit Joshi,1,6639.06,1991.7180000000008,2
CUST00559,Rahul Sharma,1,6615.054,1984.5162,2
CUST00738,Amit Kumar,1,6552.792,1965.8376000000007,4
CUST00215,Kiran Kumar,1,6529.4735,1958.84205,1
CUST01816,Vikram Rao,1,6527.646,1958.2938000000004,2
CUST01636,Kiran Kumar,1,6501.3225,1950.3967500000008,1
CUST00919,Amit Kumar,1,6481.404,1944.421200000001,4
CUST00597,Vikram Rao,1,6476.460000000001,1942.938000000001,4
CUST01878,Neha Verma,1,6476.188,1942.8564,4
CUST00632,Anjali Gupta,1,6460.031999999999,1938.0096000000003,3
CUST01565,Arjun Singh,1,6454.4615,1936.33845,1
CUST01966,Arjun Singh,1,6431.082,1929.3246,2
CUST01149,Amit Kumar,1,6389.295,1916.7885,2
CUST01467,Rahul Sharma,1,6384.376,1915.3128000000008,1
CUST00588,Divya Nair,1,6376.32,1912.8960000000009,5
CUST02323,Swathi Rao,1,6281.253,1884.3759,3
CUST01471,Neha Verma,1,6259.437,1877.8311000000003,1
CUST02037,Swathi Rao,1,6231.06,1869.318,3
CUST01226,Rahul Sharma,1,6191.473,1857.4419000000007,2
CUST00597,Anjali Gupta,1,6161.679,1848.5037,1
CUST01004,Sneha Patel,1,6038.78,1811.634,1
CUST00593,Pooja Mehta,1,6025.66,1807.6979999999996,2
CUST02079,Divya Nair,1,5999.256,1799.7768000000003,1
CUST01727,Kiran Kumar,1,5981.568000000001,1794.4704000000002,3
CUST01020,Pooja Mehta,1,5974.47,1792.3410000000003,1
CUST01646,Priya Reddy,1,5946.6765000000005,1784.00295,1
CUST01886,Suresh Reddy,1,5942.629999999999,1782.7889999999998,4
CUST01619,Amit Kumar,1,5883.121999999999,1764.9366,1
CUST01561,Priya Reddy,1,5868.48,1760.544,2
CUST00418,Vikram Rao,1,5860.76,1758.228,4
CUST00136,Pooja Mehta,1,5847.16,1754.1479999999997,4
CUST01473,Pooja Mehta,1,5778.659999999999,1733.598,3
CUST00910,Anjali Gupta,1,5761.408,1728.4224000000004,4
CUST02344,Amit Kumar,1,5725.022,1717.5065999999997,4
CUST00572,Vikram Rao,1,5707.035,1712.1104999999998,1
CUST02248,Rahul Sharma,1,5705.504,1711.6511999999998,1
CUST02045,Neha Verma,1,5657.787,1697.3361000000004,1
CUST00516,Divya Nair,1,5648.184,1694.4552000000003,2
CUST00079,Kiran Kumar,1,5633.621999999999,1690.0866,2
CUST01038,Sneha Patel,1,5613.42,1684.0260000000003,1
CUST00271,Priya Reddy,1,5584.86,1675.4579999999996,2
CUST01450,Priya Reddy,1,5562.972,1668.8916,2
CUST01804,Neha Verma,1,5525.68,1657.7040000000002,1
CUST00903,Rohit Joshi,1,5455.032,1636.5096000000003,1
CUST00923,Swathi Rao,1,5436.8215,1631.0464499999998,1
CUST01778,Vikram Rao,1,5420.4,1626.1200000000003,4
CUST01138,Kiran Kumar,1,5407.14,1622.1420000000005,1
CUST01254,Neha Verma,1,5394.176,1618.2528000000002,2
CUST02480,Suresh Reddy,1,5370.900000000001,1611.2700000000004,5
CUST01929,Divya Nair,1,5310.990000000001,1593.2970000000005,5
CUST00921,Rohit Joshi,1,5276.944,1583.0832000000005,2
CUST01260,Kiran Kumar,1,5214.27,1564.2809999999995,1
CUST00797,Rohit Joshi,1,5213.08,1563.924,5
CUST01411,Amit Kumar,1,5196.528,1558.9584000000004,2
CUST01993,Divya Nair,1,5176.14,1552.8420000000006,1
CUST00559,Divya Nair,1,5122.2080000000005,1536.6624000000006,1
CUST00742,Neha Verma,1,5103.575999999999,1531.0728,3
CUST00476,Rohit Joshi,1,5100.224999999999,1530.0674999999997,5
CUST02039,Suresh Reddy,1,5081.589,1524.4767000000002,3
CUST00050,Suresh Reddy,1,5033.2155,1509.9646500000003,3
CUST00835,Pooja Mehta,1,4988.46,1496.538,3
CUST01483,Suresh Reddy,1,4987.16,1496.1479999999997,5
CUST00451,Priya Reddy,1,4963.5075,1489.0522500000002,1
CUST00558,Priya Reddy,1,4933.417,1480.0251000000003,2
CUST00581,Amit Kumar,1,4892.895,1467.8685000000005,1
CUST01921,Priya Reddy,1,4891.0445,1467.31335,1
CUST01532,Suresh Reddy,1,4855.42,1456.6260000000002,1
CUST01737,Amit Kumar,1,4844.45,1453.335,5
CUST01130,Neha Verma,1,4839.138,1451.7414,2
CUST00093,Amit Kumar,1,4809.82,1442.946,2
CUST00077,Suresh Reddy,1,4783.5445,1435.06335,1
CUST00477,Kiran Kumar,1,4780.332,1434.0996000000005,3
CUST01824,Pooja Mehta,1,4770.648,1431.1944000000003,4
CUST02186,Sneha Patel,1,4689.827,1406.9481,2
CUST02074,Pooja Mehta,1,4689.472,1406.8415999999995,2
CUST00195,Anjali Gupta,1,4686.313499999999,1405.89405,3
CUST01223,Arjun Singh,1,4649.642,1394.8925999999997,1
CUST01209,Vikram Rao,1,4645.072,1393.5216,1
CUST01361,Arjun Singh,1,4642.191,1392.6573000000003,1
CUST00799,Vikram Rao,1,4613.704,1384.1112000000005,1
CUST00737,Vikram Rao,1,4591.4,1377.4199999999996,1
CUST00733,Neha Verma,1,4573.3,1371.9900000000002,2
CUST02353,Priya Reddy,1,4552.9995,1365.8998499999998,3
CUST00125,Divya Nair,1,4550.158,1365.0474000000004,2
CUST02385,Vikram Rao,1,4538.86,1361.6579999999994,1
CUST01946,Rahul Sharma,1,4507.1675000000005,1352.15025,5
CUST00974,Kiran Kumar,1,4506.24,1351.8720000000003,3
CUST00730,Vikram Rao,1,4441.6585000000005,1332.4975500000005,1
CUST00332,Neha Verma,1,4435.181,1330.5542999999998,1
CUST01409,Kiran Kumar,1,4433.004,1329.9011999999998,3
CUST02038,Rohit Joshi,1,4392.834,1317.8502000000003,2
CUST00427,Neha Verma,1,4324.52,1297.3560000000002,2
CUST02314,Kiran Kumar,1,4257.539,1277.2616999999996,2
CUST00902,Neha Verma,1,4238.178,1271.4534,1
CUST02176,Pooja Mehta,1,4230.2925000000005,1269.08775,1
CUST00030,Anjali Gupta,1,4208.31,1262.4929999999997,5
CUST01184,Sneha Patel,1,4195.576,1258.6727999999998,1
CUST01777,Swathi Rao,1,4129.5465,1238.8639500000004,3
CUST01281,Amit Kumar,1,4119.678,1235.9033999999997,1
CUST00547,Priya Reddy,1,4112.793,1233.8378999999995,1
CUST01248,Amit Kumar,1,4100.74,1230.2219999999998,4
CUST02075,Rohit Joshi,1,4099.08,1229.7239999999997,1
CUST01278,Anjali Gupta,1,4086.405,1225.9215,5
CUST01160,Divya Nair,1,3977.2875,1193.1862500000002,1
CUST01177,Swathi Rao,1,3954.93,1186.4789999999998,1
CUST01053,Anjali Gupta,1,3951.05,1185.315,2
CUST01978,Pooja Mehta,1,3942.98,1182.8940000000002,1
CUST02187,Swathi Rao,1,3869.408,1160.8224000000005,4
CUST01620,Rohit Joshi,1,3848.65,1154.5950000000005,5
CUST01991,Priya Reddy,1,3813.13,1143.9390000000003,1
CUST00716,Rohit Joshi,1,3790.006,1137.0018,2
CUST02101,Pooja Mehta,1,3773.07,1131.9210000000005,1
CUST02380,Naveen Kumar,1,3768.84,1130.652,3
CUST02500,Swathi Rao,1,3739.005,1121.7015,1
CUST00615,Priya Reddy,1,3712.512,1113.7536,1
CUST00218,Sneha Patel,1,3643.8,1093.1400000000003,4
CUST00541,Arjun Singh,1,3581.1449999999995,1074.3434999999995,1
CUST00860,Amit Kumar,1,3578.128,1073.4383999999995,1
CUST01298,Naveen Kumar,1,3559.9530000000004,1067.9859,3
CUST00130,Sneha Patel,1,3552.5625,1065.7687500000002,1
CUST00836,Pooja Mehta,1,3517.4080000000004,1055.2224000000006,4
CUST01876,Sneha Patel,1,3459.968,1037.9903999999997,4
CUST01811,Sneha Patel,1,3446.223,1033.8669,2
CUST00969,Naveen Kumar,1,3309.296,992.7887999999998,1
CUST00131,Sneha Patel,1,3297.465,989.2395,5
CUST01428,Rahul Sharma,1,3236.118,970.8354,2
CUST00107,Neha Verma,1,3222.35,966.705,5
CUST01775,Rahul Sharma,1,3208.914,962.6742,1
CUST00614,Rohit Joshi,1,3197.94,959.382,3
CUST00741,Naveen Kumar,1,3189.0640000000003,956.7192000000005,4
CUST00510,Kiran Kumar,1,3183.97,955.1910000000004,1
CUST01068,Pooja Mehta,1,3139.184,941.7552,2
CUST00710,Amit Kumar,1,3128.046,938.4137999999998,4
CUST02069,Amit Kumar,1,3080.5199999999995,924.1559999999996,1
CUST00426,Priya Reddy,1,3041.76,912.5280000000002,1
CUST01459,Swathi Rao,1,3018.214,905.4642,2
CUST01005,Pooja Mehta,1,3006.024,901.8071999999996,3
CUST01897,Kiran Kumar,1,2996.6580000000004,898.9974000000002,3
CUST00893,Priya Reddy,1,2921.5605,876.4681500000002,3
CUST01893,Priya Reddy,1,2894.325,868.2974999999999,2
CUST00124,Arjun Singh,1,2891.53,867.4590000000003,2
CUST00831,Naveen Kumar,1,2877.16,863.1479999999999,1
CUST00327,Kiran Kumar,1,2839.86,851.9580000000001,1
CUST01393,Vikram Rao,1,2828.0240000000003,848.4072000000003,1
CUST01079,Pooja Mehta,1,2827.467,848.2401000000002,1
CUST02290,Divya Nair,1,2825.8605,847.7581500000003,3
CUST02137,Suresh Reddy,1,2771.37,831.4109999999998,1
CUST01870,Kiran Kumar,1,2749.95,824.9849999999999,3
CUST00934,Priya Reddy,1,2734.992,820.4975999999997,2
CUST01498,Arjun Singh,1,2721.24,816.3720000000003,3
CUST01497,Vikram Rao,1,2704.496,811.3488,2
CUST02103,Neha Verma,1,2699.7615,809.9284500000001,1
CUST01103,Sneha Patel,1,2678.826,803.6478,4
CUST02053,Suresh Reddy,1,2642.0775,792.6232499999999,1
CUST01563,Anjali Gupta,1,2630.53,789.1590000000001,1
CUST00604,Vikram Rao,1,2577.489,773.2467000000001,2
CUST02210,Rohit Joshi,1,2572.049,771.6147000000001,1
CUST02360,Amit Kumar,1,2543.463,763.0389000000002,1
CUST01136,Vikram Rao,1,2543.207,762.9621,2
CUST01559,Sneha Patel,1,2520.027,756.0081,2
CUST01702,Amit Kumar,1,2497.215,749.1645000000001,2
CUST00569,Suresh Reddy,1,2427.72,728.316,2
CUST00890,Amit Kumar,1,2406.333,721.8999000000001,2
CUST02303,Divya Nair,1,2401.54,720.462,2
CUST00931,Suresh Reddy,1,2386.4850000000006,715.9455000000003,3
CUST01476,Swathi Rao,1,2362.584,708.7752,3
CUST00819,Arjun Singh,1,2348.442,704.5326,2
CUST01345,Naveen Kumar,1,2345.868,703.7604000000001,4
CUST01901,Vikram Rao,1,2311.43,693.4290000000003,1
CUST01709,Pooja Mehta,1,2307.885,692.3655000000001,1
CUST01062,Divya Nair,1,2282.2875000000004,684.6862500000002,5
CUST00340,Neha Verma,1,2217.47,665.241,1
CUST01901,Neha Verma,1,2184.45,655.335,1
CUST01448,Arjun Singh,1,2071.926,621.5778,3
CUST01394,Swathi Rao,1,2069.84,620.9520000000002,4
CUST02181,Divya Nair,1,1999.642,599.8926000000001,2
CUST01565,Kiran Kumar,1,1999.18,599.7540000000001,1
CUST00692,Rahul Sharma,1,1975.57,592.671,4
CUST02436,Sneha Patel,1,1954.644,586.3932,2
CUST01536,Rohit Joshi,1,1951.56,585.4679999999998,4
CUST01655,Kiran Kumar,1,1943.7,583.1100000000001,1
CUST00702,Sneha Patel,1,1895.6475,568.69425,1
CUST00031,Neha Verma,1,1894.44,568.3320000000001,1
CUST02257,Kiran Kumar,1,1812.574,543.7722000000001,1
CUST01450,Divya Nair,1,1754.487,526.3461,1
CUST01785,Pooja Mehta,1,1732.158,519.6474000000001,3
CUST01986,Swathi Rao,1,1714.8000000000002,514.4400000000003,2
CUST00079,Vikram Rao,1,1701.981,510.5943,1
CUST00809,Divya Nair,1,1684.692,505.4076,1
CUST00303,Kiran Kumar,1,1637.792,491.33759999999984,4
CUST00329,Kiran Kumar,1,1605.709,481.7127,2
CUST00520,Rahul Sharma,1,1595.9925000000003,478.7977500000002,3
CUST01088,Sneha Patel,1,1573.428,472.0284000000004,1
CUST01572,Rahul Sharma,1,1509.44,452.8320000000001,1
CUST00824,Arjun Singh,1,1502.392,450.7176,1
CUST01819,Amit Kumar,1,1475.976,442.79280000000017,1
CUST01122,Vikram Rao,1,1459.179,437.7536999999999,1
CUST00409,Neha Verma,1,1456.2645,436.87935,3
CUST00072,Rahul Sharma,1,1439.4509999999998,431.8353,3
CUST02040,Divya Nair,1,1400.112,420.0335999999999,3
CUST00682,Priya Reddy,1,1374.555,412.3665000000001,2
CUST00761,Kiran Kumar,1,1368.6,410.5799999999999,1
CUST00616,Naveen Kumar,1,1358.2620000000002,407.47860000000014,3
CUST01249,Neha Verma,1,1303.506,391.05180000000007,2
CUST01517,Swathi Rao,1,1302.516,390.7548000000001,1
CUST01761,Neha Verma,1,1278.693,383.6079000000001,1
CUST00570,Kiran Kumar,1,1277.776,383.3328,2
CUST00494,Anjali Gupta,1,1268.65,380.595,1
CUST02127,Suresh Reddy,1,1144.617,343.3851000000001,2
CUST02436,Rahul Sharma,1,1105.71,331.7130000000001,1
CUST01096,Amit Kumar,1,1078.304,323.49120000000005,1
CUST01607,Pooja Mehta,1,1073.19,321.9570000000001,1
CUST00195,Neha Verma,1,1045.568,313.6704000000001,1
CUST00508,Anjali Gupta,1,945.216,283.5648,2
CUST01450,Neha Verma,1,888.403,266.5209000000001,2
CUST00800,Neha Verma,1,808.775,242.63250000000005,1
CUST01497,Priya Reddy,1,752.7225,225.81675000000007,1
CUST01646,Vikram Rao,1,710.748,213.2244000000001,1
CUST00329,Divya Nair,1,653.4545,196.03635000000003,1
CUST00012,Suresh Reddy,1,652.3125,195.69375,1
CUST02274,Priya Reddy,1,628.2524999999999,188.47574999999995,1
CUST01711,Naveen Kumar,1,544.24,163.272,1
CUST00120,Naveen Kumar,1,534.765,160.42949999999996,1
CUST01539,Pooja Mehta,1,428.49750000000006,128.54925000000003,1
